Sample_ID,Species_Name,Gene_Expression_Value,Protein_Level,Disease_Status,Experimental_Condition
SMP_00001,Rattus norvegicus,41.05,11.39,Healthy,Control
SMP_00002,Danio rerio,14.15,84.31,Diseased,Stress_Condition
SMP_00003,Homo sapiens,43.82,74.0,Healthy,Control
SMP_00004,Rattus norvegicus,63.7,110.47,Healthy,Drug_A
SMP_00005,Rattus norvegicus,58.06,198.57,Healthy,Control
SMP_00006,Danio rerio,56.42,120.85,Diseased,Control
SMP_00007,Homo sapiens,45.8,182.08,Healthy,Drug_B
SMP_00008,Homo sapiens,30.81,117.06,Diseased,Drug_B
SMP_00009,Rattus norvegicus,57.73,81.1,Healthy,Drug_A
SMP_00010,Mus musculus,37.49,110.44,Healthy,Stress_Condition
SMP_00011,Rattus norvegicus,82.76,153.42,Healthy,Drug_A
SMP_00012,Rattus norvegicus,58.56,154.89,Healthy,Stress_Condition
SMP_00013,Rattus norvegicus,41.29,82.74,Healthy,Stress_Condition
SMP_00014,Rattus norvegicus,40.83,107.6,Diseased,Drug_B
SMP_00015,Danio rerio,48.61,57.12,Healthy,Drug_B
SMP_00016,Homo sapiens,46.41,124.74,Diseased,Drug_A
SMP_00017,Danio rerio,66.75,146.6,Diseased,Drug_A
SMP_00018,Danio rerio,52.8,101.19,Diseased,Drug_A
SMP_00019,Danio rerio,39.03,79.98,Healthy,Drug_B
SMP_00020,Rattus norvegicus,78.36,110.8,Diseased,Drug_B
SMP_00021,Mus musculus,50.74,112.52,Healthy,Control
SMP_00022,Homo sapiens,61.53,102.43,Healthy,Drug_A
SMP_00023,Mus musculus,40.88,105.36,Diseased,Control
SMP_00024,Danio rerio,55.45,94.79,Healthy,Stress_Condition
SMP_00025,Danio rerio,54.67,129.88,Diseased,Drug_A
SMP_00026,Mus musculus,21.66,122.09,Healthy,Drug_B
SMP_00027,Mus musculus,80.23,70.51,Healthy,Drug_A
SMP_00028,Mus musculus,69.36,69.68,Healthy,Drug_A
SMP_00029,Danio rerio,44.04,92.37,Healthy,Drug_B
SMP_00030,Danio rerio,33.47,122.11,Healthy,Drug_B
SMP_00031,Homo sapiens,55.21,104.44,Healthy,Stress_Condition
SMP_00032,Homo sapiens,51.3,80.71,Diseased,Drug_A
SMP_00033,Danio rerio,55.34,107.85,Diseased,Drug_A
SMP_00034,Mus musculus,52.87,90.08,Diseased,Drug_A
SMP_00035,Mus musculus,57.59,126.41,Diseased,Drug_A
SMP_00036,Homo sapiens,71.71,109.99,Healthy,Stress_Condition
SMP_00037,Danio rerio,58.52,90.54,Diseased,Drug_A
SMP_00038,Homo sapiens,34.26,106.95,Healthy,Stress_Condition
SMP_00039,Homo sapiens,70.44,139.45,Healthy,Stress_Condition
SMP_00040,Rattus norvegicus,74.61,82.91,Diseased,Drug_B
SMP_00041,Rattus norvegicus,97.28,112.08,Healthy,Drug_A
SMP_00042,Rattus norvegicus,33.15,97.89,Diseased,Drug_B
SMP_00043,Mus musculus,53.64,112.81,Healthy,Stress_Condition
SMP_00044,Danio rerio,18.77,80.36,Healthy,Control
SMP_00045,Danio rerio,58.3,103.31,Healthy,Control
SMP_00046,Danio rerio,41.78,133.23,Healthy,Drug_A
SMP_00047,Danio rerio,78.85,71.89,Diseased,Control
SMP_00048,Rattus norvegicus,38.38,60.12,Diseased,Drug_B
SMP_00049,Mus musculus,24.66,61.26,Healthy,Control
SMP_00050,Mus musculus,42.93,64.88,Healthy,Control
SMP_00051,Rattus norvegicus,20.37,117.86,Healthy,Stress_Condition
SMP_00052,Mus musculus,61.27,57.82,Diseased,Drug_B
SMP_00053,Rattus norvegicus,19.02,91.06,Healthy,Drug_A
SMP_00054,Danio rerio,50.43,118.55,Diseased,Drug_B
SMP_00055,Rattus norvegicus,18.83,112.5,Diseased,Drug_B
SMP_00056,Danio rerio,45.2,88.43,Diseased,Drug_A
SMP_00057,Danio rerio,74.65,105.73,Healthy,Drug_B
SMP_00058,Homo sapiens,55.41,103.21,Diseased,Stress_Condition
SMP_00059,Rattus norvegicus,37.05,93.27,Diseased,Drug_A
SMP_00060,Homo sapiens,49.53,93.67,Diseased,Stress_Condition
SMP_00061,Rattus norvegicus,50.27,167.06,Diseased,Drug_B
SMP_00062,Rattus norvegicus,57.09,124.28,Healthy,Control
SMP_00063,Homo sapiens,29.5,174.42,Diseased,Drug_A
SMP_00064,Homo sapiens,58.89,85.09,Diseased,Drug_A
SMP_00065,Rattus norvegicus,9.43,97.45,Diseased,Control
SMP_00066,Mus musculus,40.55,60.04,Diseased,Control
SMP_00067,Danio rerio,42.68,75.71,Healthy,Drug_A
SMP_00068,Homo sapiens,59.5,157.06,Healthy,Control
SMP_00069,Danio rerio,50.34,84.34,Diseased,Stress_Condition
SMP_00070,Mus musculus,28.92,157.58,Healthy,Drug_B
SMP_00071,Mus musculus,35.23,62.7,Healthy,Stress_Condition
SMP_00072,Mus musculus,52.98,68.4,Healthy,Drug_B
SMP_00073,Homo sapiens,48.81,89.76,Diseased,Drug_B
SMP_00074,Mus musculus,41.31,98.09,Healthy,Control
SMP_00075,Homo sapiens,42.79,127.69,Healthy,Control
SMP_00076,Mus musculus,60.44,113.52,Healthy,Stress_Condition
SMP_00077,Danio rerio,42.23,87.51,Diseased,Control
SMP_00078,Danio rerio,48.68,96.0,Diseased,Stress_Condition
SMP_00079,Rattus norvegicus,82.55,90.43,Healthy,Drug_A
SMP_00080,Danio rerio,28.64,72.56,Healthy,Stress_Condition
SMP_00081,Rattus norvegicus,22.22,73.36,Diseased,Drug_B
SMP_00082,Danio rerio,61.75,130.84,Diseased,Drug_A
SMP_00083,Homo sapiens,39.82,45.16,Diseased,Stress_Condition
SMP_00084,Danio rerio,45.23,148.52,Diseased,Stress_Condition
SMP_00085,Rattus norvegicus,38.28,89.71,Diseased,Drug_A
SMP_00086,Rattus norvegicus,46.1,76.82,Healthy,Drug_A
SMP_00087,Mus musculus,73.98,122.19,Healthy,Drug_B
SMP_00088,Homo sapiens,62.03,144.56,Diseased,Drug_B
SMP_00089,Danio rerio,62.93,133.53,Diseased,Drug_B
SMP_00090,Mus musculus,28.76,115.06,Healthy,Control
SMP_00091,Danio rerio,32.73,132.61,Diseased,Drug_B
SMP_00092,Danio rerio,7.41,48.51,Diseased,Control
SMP_00093,Mus musculus,37.86,84.35,Diseased,Stress_Condition
SMP_00094,Mus musculus,64.35,72.66,Healthy,Stress_Condition
SMP_00095,Mus musculus,57.75,136.74,Healthy,Stress_Condition
SMP_00096,Mus musculus,46.68,88.5,Diseased,Control
SMP_00097,Mus musculus,49.67,125.36,Healthy,Stress_Condition
SMP_00098,Danio rerio,39.67,116.08,Healthy,Stress_Condition
SMP_00099,Mus musculus,53.07,74.13,Diseased,Control
SMP_00100,Homo sapiens,61.49,82.39,Diseased,Drug_B
SMP_00101,Rattus norvegicus,25.76,138.81,Healthy,Drug_B
SMP_00102,Mus musculus,54.49,76.74,Diseased,Drug_B
SMP_00103,Mus musculus,63.99,103.75,Healthy,Drug_B
SMP_00104,Danio rerio,43.77,76.52,Healthy,Drug_A
SMP_00105,Mus musculus,60.51,90.58,Diseased,Stress_Condition
SMP_00106,Mus musculus,92.22,98.62,Diseased,Drug_B
SMP_00107,Mus musculus,48.43,76.51,Healthy,Drug_B
SMP_00108,Danio rerio,55.9,71.19,Healthy,Drug_B
SMP_00109,Mus musculus,38.93,108.59,Healthy,Drug_B
SMP_00110,Rattus norvegicus,52.72,74.66,Diseased,Drug_B
SMP_00111,Danio rerio,56.9,75.68,Diseased,Drug_A
SMP_00112,Rattus norvegicus,52.92,71.83,Healthy,Drug_A
SMP_00113,Danio rerio,34.7,97.66,Healthy,Control
SMP_00114,Mus musculus,53.1,128.31,Healthy,Control
SMP_00115,Rattus norvegicus,71.93,145.2,Diseased,Drug_B
SMP_00116,Danio rerio,56.73,78.22,Diseased,Control
SMP_00117,Homo sapiens,64.43,164.51,Healthy,Drug_A
SMP_00118,Mus musculus,46.44,69.86,Diseased,Drug_B
SMP_00119,Danio rerio,61.25,132.51,Healthy,Control
SMP_00120,Homo sapiens,54.19,78.35,Healthy,Control
SMP_00121,Danio rerio,35.74,73.87,Healthy,Drug_A
SMP_00122,Homo sapiens,54.78,77.66,Healthy,Stress_Condition
SMP_00123,Mus musculus,35.12,98.43,Diseased,Drug_B
SMP_00124,Rattus norvegicus,40.51,117.4,Diseased,Control
SMP_00125,Homo sapiens,52.84,120.1,Healthy,Drug_A
SMP_00126,Danio rerio,54.46,71.68,Healthy,Drug_B
SMP_00127,Mus musculus,32.16,70.31,Healthy,Drug_A
SMP_00128,Homo sapiens,65.81,72.5,Healthy,Drug_B
SMP_00129,Danio rerio,58.58,96.66,Diseased,Stress_Condition
SMP_00130,Danio rerio,39.43,93.7,Diseased,Stress_Condition
SMP_00131,Danio rerio,26.94,71.49,Healthy,Drug_B
SMP_00132,Homo sapiens,47.83,108.09,Healthy,Drug_B
SMP_00133,Homo sapiens,43.31,167.88,Healthy,Drug_A
SMP_00134,Homo sapiens,51.7,84.86,Diseased,Drug_B
SMP_00135,Rattus norvegicus,44.55,86.99,Healthy,Control
SMP_00136,Homo sapiens,19.89,116.79,Healthy,Drug_B
SMP_00137,Homo sapiens,44.17,83.24,Healthy,Drug_B
SMP_00138,Homo sapiens,45.42,120.07,Healthy,Stress_Condition
SMP_00139,Rattus norvegicus,59.5,78.44,Healthy,Stress_Condition
SMP_00140,Homo sapiens,39.53,154.96,Diseased,Drug_A
SMP_00141,Danio rerio,75.18,110.34,Diseased,Drug_B
SMP_00142,Homo sapiens,21.33,81.4,Healthy,Control
SMP_00143,Danio rerio,69.67,82.34,Healthy,Control
SMP_00144,Danio rerio,46.64,84.59,Diseased,Drug_B
SMP_00145,Danio rerio,62.89,141.18,Diseased,Drug_A
SMP_00146,Rattus norvegicus,51.2,61.94,Healthy,Control
SMP_00147,Rattus norvegicus,67.09,79.96,Diseased,Drug_A
SMP_00148,Rattus norvegicus,44.19,83.15,Diseased,Drug_B
SMP_00149,Homo sapiens,33.52,99.53,Healthy,Drug_A
SMP_00150,Danio rerio,71.31,91.87,Healthy,Drug_B
SMP_00151,Rattus norvegicus,48.3,55.26,Diseased,Stress_Condition
SMP_00152,Rattus norvegicus,53.32,88.01,Diseased,Drug_B
SMP_00153,Homo sapiens,68.52,97.01,Healthy,Drug_A
SMP_00154,Rattus norvegicus,34.52,81.16,Healthy,Control
SMP_00155,Homo sapiens,58.93,120.6,Healthy,Drug_B
SMP_00156,Mus musculus,41.15,127.58,Diseased,Drug_B
SMP_00157,Rattus norvegicus,48.02,97.65,Healthy,Drug_B
SMP_00158,Mus musculus,51.08,106.92,Healthy,Stress_Condition
SMP_00159,Homo sapiens,27.5,35.17,Diseased,Stress_Condition
SMP_00160,Danio rerio,38.32,87.37,Healthy,Stress_Condition
SMP_00161,Rattus norvegicus,70.27,130.14,Diseased,Control
SMP_00162,Homo sapiens,63.29,87.3,Healthy,Control
SMP_00163,Danio rerio,49.06,77.88,Healthy,Drug_B
SMP_00164,Danio rerio,53.65,168.33,Healthy,Control
SMP_00165,Mus musculus,45.59,154.57,Diseased,Drug_A
SMP_00166,Homo sapiens,70.35,114.03,Diseased,Drug_A
SMP_00167,Danio rerio,46.99,134.17,Healthy,Stress_Condition
SMP_00168,Rattus norvegicus,53.48,33.22,Diseased,Drug_A
SMP_00169,Rattus norvegicus,67.19,76.37,Diseased,Drug_A
SMP_00170,Mus musculus,38.34,85.9,Healthy,Drug_B
SMP_00171,Danio rerio,73.38,92.92,Healthy,Stress_Condition
SMP_00172,Homo sapiens,27.04,85.3,Healthy,Stress_Condition
SMP_00173,Rattus norvegicus,74.44,23.5,Diseased,Stress_Condition
SMP_00174,Danio rerio,44.41,111.58,Diseased,Drug_A
SMP_00175,Danio rerio,46.36,116.31,Healthy,Control
SMP_00176,Mus musculus,21.65,148.06,Healthy,Drug_B
SMP_00177,Rattus norvegicus,43.18,76.35,Healthy,Control
SMP_00178,Rattus norvegicus,34.4,73.9,Healthy,Stress_Condition
SMP_00179,Homo sapiens,40.89,19.6,Healthy,Stress_Condition
SMP_00180,Rattus norvegicus,47.94,91.19,Healthy,Drug_A
SMP_00181,Homo sapiens,64.37,127.03,Healthy,Drug_B
SMP_00182,Rattus norvegicus,53.11,81.65,Diseased,Drug_B
SMP_00183,Mus musculus,54.62,164.3,Healthy,Drug_B
SMP_00184,Rattus norvegicus,33.57,92.3,Healthy,Drug_A
SMP_00185,Homo sapiens,36.79,104.41,Healthy,Control
SMP_00186,Homo sapiens,76.98,59.11,Healthy,Drug_B
SMP_00187,Mus musculus,38.97,108.62,Diseased,Control
SMP_00188,Rattus norvegicus,74.84,40.62,Healthy,Drug_A
SMP_00189,Rattus norvegicus,46.35,120.81,Healthy,Drug_A
SMP_00190,Mus musculus,50.03,121.73,Healthy,Control
SMP_00191,Rattus norvegicus,66.06,140.78,Healthy,Drug_B
SMP_00192,Rattus norvegicus,69.08,69.4,Healthy,Control
SMP_00193,Homo sapiens,48.34,104.82,Diseased,Drug_B
SMP_00194,Rattus norvegicus,44.18,116.91,Healthy,Stress_Condition
SMP_00195,Rattus norvegicus,49.16,113.27,Diseased,Stress_Condition
SMP_00196,Mus musculus,55.07,74.04,Healthy,Drug_B
SMP_00197,Mus musculus,63.37,28.24,Healthy,Control
SMP_00198,Danio rerio,50.06,110.41,Healthy,Drug_B
SMP_00199,Homo sapiens,59.28,95.43,Diseased,Drug_B
SMP_00200,Rattus norvegicus,74.58,83.0,Healthy,Drug_B
SMP_00201,Rattus norvegicus,55.72,122.92,Healthy,Stress_Condition
SMP_00202,Danio rerio,54.67,98.65,Healthy,Drug_A
SMP_00203,Rattus norvegicus,27.22,60.42,Diseased,Stress_Condition
SMP_00204,Homo sapiens,10.54,42.06,Healthy,Drug_B
SMP_00205,Danio rerio,55.83,66.13,Diseased,Control
SMP_00206,Homo sapiens,48.58,171.79,Diseased,Drug_A
SMP_00207,Danio rerio,42.28,121.68,Diseased,Drug_B
SMP_00208,Danio rerio,53.65,105.66,Healthy,Drug_A
SMP_00209,Mus musculus,49.09,94.55,Diseased,Control
SMP_00210,Homo sapiens,66.92,92.58,Healthy,Drug_A
SMP_00211,Rattus norvegicus,51.29,135.02,Healthy,Drug_A
SMP_00212,Rattus norvegicus,38.8,85.28,Diseased,Drug_B
SMP_00213,Homo sapiens,64.85,117.31,Healthy,Control
SMP_00214,Rattus norvegicus,46.74,89.55,Diseased,Control
SMP_00215,Rattus norvegicus,57.9,158.2,Healthy,Stress_Condition
SMP_00216,Homo sapiens,42.84,122.27,Diseased,Drug_A
SMP_00217,Danio rerio,40.25,137.37,Healthy,Drug_B
SMP_00218,Homo sapiens,51.26,82.47,Diseased,Drug_A
SMP_00219,Danio rerio,50.19,131.74,Healthy,Drug_A
SMP_00220,Rattus norvegicus,57.2,90.62,Healthy,Drug_A
SMP_00221,Rattus norvegicus,45.97,103.3,Diseased,Drug_B
SMP_00222,Rattus norvegicus,22.45,149.05,Diseased,Drug_A
SMP_00223,Mus musculus,43.51,68.72,Healthy,Drug_B
SMP_00224,Danio rerio,61.91,106.1,Healthy,Control
SMP_00225,Mus musculus,45.54,113.14,Healthy,Drug_A
SMP_00226,Mus musculus,46.3,115.6,Healthy,Stress_Condition
SMP_00227,Homo sapiens,64.8,86.48,Healthy,Control
SMP_00228,Mus musculus,39.32,162.59,Diseased,Stress_Condition
SMP_00229,Homo sapiens,26.86,61.15,Healthy,Drug_A
SMP_00230,Homo sapiens,47.59,143.77,Healthy,Control
SMP_00231,Mus musculus,42.74,136.45,Diseased,Drug_B
SMP_00232,Danio rerio,35.51,157.03,Healthy,Drug_A
SMP_00233,Danio rerio,47.37,52.35,Healthy,Drug_A
SMP_00234,Danio rerio,57.37,73.94,Diseased,Drug_B
SMP_00235,Danio rerio,49.86,144.76,Diseased,Stress_Condition
SMP_00236,Danio rerio,54.6,43.69,Diseased,Control
SMP_00237,Mus musculus,77.2,51.81,Diseased,Control
SMP_00238,Mus musculus,44.86,85.35,Healthy,Drug_B
SMP_00239,Rattus norvegicus,54.18,105.76,Healthy,Control
SMP_00240,Danio rerio,42.36,147.77,Diseased,Drug_B
SMP_00241,Mus musculus,37.3,94.44,Healthy,Stress_Condition
SMP_00242,Rattus norvegicus,41.23,81.75,Healthy,Stress_Condition
SMP_00243,Danio rerio,42.82,109.34,Diseased,Control
SMP_00244,Homo sapiens,55.39,114.09,Diseased,Drug_B
SMP_00245,Rattus norvegicus,85.24,113.24,Healthy,Drug_B
SMP_00246,Mus musculus,39.26,94.66,Diseased,Drug_B
SMP_00247,Homo sapiens,43.75,41.35,Diseased,Drug_B
SMP_00248,Homo sapiens,49.05,72.47,Diseased,Control
SMP_00249,Homo sapiens,55.94,142.61,Diseased,Drug_A
SMP_00250,Rattus norvegicus,53.95,105.61,Healthy,Control
SMP_00251,Mus musculus,69.26,90.32,Diseased,Drug_B
SMP_00252,Homo sapiens,13.6,133.55,Diseased,Drug_A
SMP_00253,Danio rerio,14.2,66.1,Diseased,Drug_A
SMP_00254,Homo sapiens,42.56,93.24,Diseased,Control
SMP_00255,Homo sapiens,66.46,104.13,Healthy,Drug_B
SMP_00256,Rattus norvegicus,26.52,86.76,Healthy,Drug_B
SMP_00257,Rattus norvegicus,4.89,103.02,Healthy,Drug_B
SMP_00258,Mus musculus,58.57,94.37,Diseased,Drug_B
SMP_00259,Danio rerio,53.65,58.02,Diseased,Drug_B
SMP_00260,Rattus norvegicus,33.65,105.44,Healthy,Drug_A
SMP_00261,Homo sapiens,35.22,60.15,Healthy,Control
SMP_00262,Mus musculus,35.45,104.97,Diseased,Control
SMP_00263,Homo sapiens,51.66,141.22,Healthy,Stress_Condition
SMP_00264,Homo sapiens,40.61,91.57,Healthy,Control
SMP_00265,Rattus norvegicus,57.41,64.86,Healthy,Drug_A
SMP_00266,Mus musculus,7.18,96.19,Diseased,Stress_Condition
SMP_00267,Danio rerio,37.15,75.04,Diseased,Drug_A
SMP_00268,Danio rerio,33.11,117.84,Healthy,Control
SMP_00269,Rattus norvegicus,46.15,95.56,Healthy,Drug_A
SMP_00270,Rattus norvegicus,41.93,151.29,Diseased,Drug_A
SMP_00271,Mus musculus,61.97,134.89,Diseased,Control
SMP_00272,Danio rerio,22.11,95.41,Diseased,Drug_A
SMP_00273,Danio rerio,50.68,121.47,Healthy,Stress_Condition
SMP_00274,Danio rerio,58.38,88.2,Healthy,Stress_Condition
SMP_00275,Homo sapiens,77.85,101.02,Diseased,Drug_B
SMP_00276,Danio rerio,42.77,89.16,Healthy,Stress_Condition
SMP_00277,Homo sapiens,54.87,122.99,Healthy,Stress_Condition
SMP_00278,Mus musculus,22.94,142.99,Diseased,Control
SMP_00279,Homo sapiens,14.12,123.96,Diseased,Stress_Condition
SMP_00280,Mus musculus,62.67,127.66,Diseased,Control
SMP_00281,Danio rerio,49.92,127.69,Diseased,Stress_Condition
SMP_00282,Danio rerio,67.68,116.54,Healthy,Control
SMP_00283,Mus musculus,29.4,65.82,Healthy,Control
SMP_00284,Rattus norvegicus,57.8,151.03,Healthy,Drug_A
SMP_00285,Mus musculus,78.03,154.13,Healthy,Stress_Condition
SMP_00286,Rattus norvegicus,56.3,92.98,Healthy,Control
SMP_00287,Homo sapiens,54.15,88.88,Diseased,Stress_Condition
SMP_00288,Homo sapiens,50.13,118.37,Healthy,Drug_B
SMP_00289,Homo sapiens,26.44,116.52,Healthy,Drug_A
SMP_00290,Danio rerio,70.33,93.94,Healthy,Drug_A
SMP_00291,Homo sapiens,40.84,62.5,Diseased,Control
SMP_00292,Rattus norvegicus,57.57,109.17,Healthy,Stress_Condition
SMP_00293,Homo sapiens,26.55,116.54,Diseased,Drug_A
SMP_00294,Mus musculus,32.31,121.77,Healthy,Drug_A
SMP_00295,Mus musculus,71.53,110.48,Diseased,Drug_A
SMP_00296,Danio rerio,44.79,91.87,Diseased,Control
SMP_00297,Mus musculus,71.8,129.82,Healthy,Drug_B
SMP_00298,Rattus norvegicus,48.83,101.98,Diseased,Control
SMP_00299,Homo sapiens,22.37,86.05,Healthy,Drug_B
SMP_00300,Danio rerio,63.38,94.58,Diseased,Drug_A
SMP_00301,Homo sapiens,41.15,47.62,Diseased,Drug_B
SMP_00302,Homo sapiens,60.48,94.53,Healthy,Control
SMP_00303,Rattus norvegicus,50.38,120.65,Healthy,Control
SMP_00304,Mus musculus,26.85,110.19,Healthy,Stress_Condition
SMP_00305,Mus musculus,52.46,145.62,Diseased,Stress_Condition
SMP_00306,Homo sapiens,82.94,92.11,Healthy,Control
SMP_00307,Danio rerio,57.39,114.62,Diseased,Stress_Condition
SMP_00308,Mus musculus,49.14,123.78,Diseased,Drug_A
SMP_00309,Danio rerio,66.13,170.29,Diseased,Drug_B
SMP_00310,Mus musculus,53.16,104.34,Healthy,Control
SMP_00311,Danio rerio,53.14,68.67,Healthy,Control
SMP_00312,Rattus norvegicus,33.63,125.44,Healthy,Stress_Condition
SMP_00313,Danio rerio,53.51,155.97,Healthy,Control
SMP_00314,Rattus norvegicus,65.53,90.32,Healthy,Stress_Condition
SMP_00315,Rattus norvegicus,37.46,125.23,Healthy,Drug_A
SMP_00316,Danio rerio,71.37,136.86,Healthy,Control
SMP_00317,Rattus norvegicus,48.62,130.51,Healthy,Drug_A
SMP_00318,Homo sapiens,36.68,103.77,Healthy,Drug_A
SMP_00319,Rattus norvegicus,64.96,79.05,Healthy,Control
SMP_00320,Mus musculus,45.7,97.56,Healthy,Stress_Condition
SMP_00321,Danio rerio,61.39,113.76,Healthy,Stress_Condition
SMP_00322,Homo sapiens,45.62,127.25,Healthy,Drug_A
SMP_00323,Danio rerio,49.1,110.02,Diseased,Stress_Condition
SMP_00324,Mus musculus,57.4,88.6,Healthy,Stress_Condition
SMP_00325,Mus musculus,54.36,116.66,Diseased,Drug_A
SMP_00326,Mus musculus,20.07,125.8,Healthy,Control
SMP_00327,Rattus norvegicus,33.18,111.39,Diseased,Control
SMP_00328,Rattus norvegicus,63.94,74.91,Diseased,Drug_B
SMP_00329,Danio rerio,48.02,94.56,Diseased,Control
SMP_00330,Danio rerio,42.14,128.43,Diseased,Stress_Condition
SMP_00331,Homo sapiens,29.62,58.51,Healthy,Drug_B
SMP_00332,Homo sapiens,33.8,37.2,Healthy,Drug_B
SMP_00333,Danio rerio,19.67,145.24,Healthy,Drug_B
SMP_00334,Rattus norvegicus,48.48,115.34,Healthy,Control
SMP_00335,Mus musculus,41.02,118.2,Healthy,Drug_B
SMP_00336,Danio rerio,35.5,67.7,Healthy,Drug_B
SMP_00337,Homo sapiens,48.98,122.13,Healthy,Drug_B
SMP_00338,Rattus norvegicus,55.46,108.26,Healthy,Control
SMP_00339,Danio rerio,81.4,52.47,Healthy,Control
SMP_00340,Danio rerio,27.32,142.73,Diseased,Control
SMP_00341,Rattus norvegicus,67.39,104.76,Diseased,Control
SMP_00342,Danio rerio,64.6,88.12,Healthy,Drug_A
SMP_00343,Rattus norvegicus,38.31,88.66,Healthy,Control
SMP_00344,Mus musculus,53.05,39.54,Healthy,Stress_Condition
SMP_00345,Rattus norvegicus,43.14,117.8,Diseased,Drug_B
SMP_00346,Rattus norvegicus,52.79,107.86,Healthy,Control
SMP_00347,Rattus norvegicus,72.64,94.18,Diseased,Stress_Condition
SMP_00348,Danio rerio,59.08,138.35,Healthy,Stress_Condition
SMP_00349,Danio rerio,57.63,58.48,Healthy,Stress_Condition
SMP_00350,Rattus norvegicus,43.55,82.1,Diseased,Drug_A
SMP_00351,Danio rerio,27.74,74.5,Diseased,Drug_A
SMP_00352,Homo sapiens,46.87,91.64,Diseased,Drug_A
SMP_00353,Homo sapiens,68.1,102.02,Healthy,Stress_Condition
SMP_00354,Danio rerio,27.09,112.9,Diseased,Control
SMP_00355,Danio rerio,34.17,89.59,Healthy,Stress_Condition
SMP_00356,Rattus norvegicus,51.89,73.68,Healthy,Drug_A
SMP_00357,Mus musculus,35.23,150.58,Healthy,Drug_A
SMP_00358,Danio rerio,38.11,172.35,Healthy,Drug_A
SMP_00359,Homo sapiens,43.65,104.3,Diseased,Control
SMP_00360,Rattus norvegicus,29.52,77.3,Healthy,Stress_Condition
SMP_00361,Danio rerio,35.39,144.26,Diseased,Drug_A
SMP_00362,Homo sapiens,60.55,56.6,Healthy,Stress_Condition
SMP_00363,Homo sapiens,30.39,89.96,Healthy,Stress_Condition
SMP_00364,Mus musculus,26.03,79.12,Diseased,Drug_A
SMP_00365,Rattus norvegicus,40.55,65.21,Diseased,Drug_B
SMP_00366,Rattus norvegicus,60.98,91.6,Diseased,Drug_B
SMP_00367,Mus musculus,47.05,74.07,Diseased,Drug_B
SMP_00368,Mus musculus,43.03,100.38,Healthy,Drug_A
SMP_00369,Rattus norvegicus,50.67,100.82,Diseased,Stress_Condition
SMP_00370,Rattus norvegicus,23.81,81.36,Diseased,Drug_B
SMP_00371,Danio rerio,57.42,88.88,Healthy,Control
SMP_00372,Danio rerio,55.75,93.07,Healthy,Drug_B
SMP_00373,Mus musculus,43.86,124.3,Healthy,Control
SMP_00374,Danio rerio,65.09,95.55,Healthy,Drug_B
SMP_00375,Homo sapiens,33.09,124.74,Diseased,Drug_B
SMP_00376,Danio rerio,66.92,117.57,Healthy,Drug_B
SMP_00377,Danio rerio,52.32,117.15,Diseased,Control
SMP_00378,Homo sapiens,44.95,141.64,Healthy,Control
SMP_00379,Mus musculus,49.7,66.42,Healthy,Drug_B
SMP_00380,Homo sapiens,48.39,85.8,Diseased,Control
SMP_00381,Danio rerio,68.3,152.9,Healthy,Stress_Condition
SMP_00382,Mus musculus,33.85,92.28,Healthy,Drug_B
SMP_00383,Danio rerio,38.56,15.55,Diseased,Stress_Condition
SMP_00384,Homo sapiens,65.54,93.91,Diseased,Drug_A
SMP_00385,Homo sapiens,41.07,104.05,Healthy,Drug_A
SMP_00386,Danio rerio,63.51,21.49,Healthy,Drug_A
SMP_00387,Rattus norvegicus,75.49,140.02,Healthy,Stress_Condition
SMP_00388,Rattus norvegicus,43.97,78.59,Diseased,Control
SMP_00389,Homo sapiens,60.22,109.86,Diseased,Drug_A
SMP_00390,Homo sapiens,32.69,93.22,Healthy,Drug_B
SMP_00391,Rattus norvegicus,61.32,61.35,Diseased,Drug_B
SMP_00392,Rattus norvegicus,52.99,67.88,Healthy,Control
SMP_00393,Danio rerio,57.1,71.95,Healthy,Drug_B
SMP_00394,Danio rerio,40.32,132.57,Healthy,Stress_Condition
SMP_00395,Rattus norvegicus,25.08,95.57,Healthy,Drug_A
SMP_00396,Danio rerio,57.55,84.34,Healthy,Stress_Condition
SMP_00397,Danio rerio,19.05,71.96,Diseased,Drug_B
SMP_00398,Mus musculus,45.24,135.88,Healthy,Stress_Condition
SMP_00399,Danio rerio,64.12,143.93,Diseased,Control
SMP_00400,Homo sapiens,52.88,135.54,Diseased,Stress_Condition
SMP_00401,Danio rerio,79.23,114.77,Diseased,Drug_B
SMP_00402,Danio rerio,65.38,108.69,Healthy,Drug_B
SMP_00403,Rattus norvegicus,40.19,63.52,Healthy,Drug_A
SMP_00404,Homo sapiens,50.41,92.63,Diseased,Stress_Condition
SMP_00405,Danio rerio,49.29,79.48,Healthy,Control
SMP_00406,Danio rerio,26.27,45.23,Diseased,Drug_A
SMP_00407,Mus musculus,35.89,131.71,Healthy,Drug_B
SMP_00408,Danio rerio,41.59,79.13,Healthy,Stress_Condition
SMP_00409,Danio rerio,19.46,135.88,Diseased,Control
SMP_00410,Mus musculus,50.71,126.45,Diseased,Drug_B
SMP_00411,Rattus norvegicus,46.26,116.7,Healthy,Drug_B
SMP_00412,Danio rerio,24.91,118.39,Healthy,Drug_A
SMP_00413,Mus musculus,56.06,81.54,Diseased,Drug_B
SMP_00414,Homo sapiens,60.74,155.74,Healthy,Control
SMP_00415,Rattus norvegicus,53.41,101.29,Healthy,Control
SMP_00416,Homo sapiens,45.14,109.06,Healthy,Drug_A
SMP_00417,Homo sapiens,58.87,80.53,Healthy,Drug_A
SMP_00418,Mus musculus,60.2,72.07,Healthy,Control
SMP_00419,Danio rerio,54.61,114.32,Healthy,Drug_A
SMP_00420,Mus musculus,37.63,106.53,Diseased,Drug_B
SMP_00421,Mus musculus,54.15,76.32,Diseased,Control
SMP_00422,Mus musculus,67.93,56.85,Diseased,Drug_A
SMP_00423,Mus musculus,41.05,61.9,Healthy,Control
SMP_00424,Rattus norvegicus,81.47,135.88,Healthy,Drug_B
SMP_00425,Danio rerio,42.12,81.6,Diseased,Drug_A
SMP_00426,Homo sapiens,50.49,89.83,Healthy,Control
SMP_00427,Homo sapiens,39.91,143.51,Diseased,Drug_B
SMP_00428,Danio rerio,53.35,66.34,Healthy,Drug_A
SMP_00429,Homo sapiens,23.87,78.19,Diseased,Control
SMP_00430,Danio rerio,41.81,76.94,Diseased,Drug_B
SMP_00431,Homo sapiens,33.62,148.54,Healthy,Drug_B
SMP_00432,Mus musculus,52.03,159.8,Healthy,Drug_B
SMP_00433,Homo sapiens,64.92,122.55,Healthy,Stress_Condition
SMP_00434,Danio rerio,59.69,123.5,Healthy,Drug_B
SMP_00435,Danio rerio,14.43,82.59,Healthy,Drug_B
SMP_00436,Danio rerio,80.63,158.42,Diseased,Drug_A
SMP_00437,Danio rerio,54.43,108.03,Healthy,Stress_Condition
SMP_00438,Danio rerio,38.35,125.59,Healthy,Drug_B
SMP_00439,Rattus norvegicus,52.36,96.83,Healthy,Drug_A
SMP_00440,Rattus norvegicus,52.64,91.96,Healthy,Drug_A
SMP_00441,Homo sapiens,40.0,149.89,Healthy,Control
SMP_00442,Danio rerio,52.97,116.19,Diseased,Control
SMP_00443,Homo sapiens,40.89,143.54,Diseased,Stress_Condition
SMP_00444,Danio rerio,43.93,107.66,Healthy,Drug_A
SMP_00445,Danio rerio,39.71,74.55,Healthy,Drug_B
SMP_00446,Rattus norvegicus,28.51,82.5,Diseased,Drug_B
SMP_00447,Rattus norvegicus,52.19,103.09,Healthy,Drug_A
SMP_00448,Mus musculus,58.78,81.2,Healthy,Stress_Condition
SMP_00449,Rattus norvegicus,57.72,66.78,Diseased,Drug_B
SMP_00450,Mus musculus,62.3,136.04,Healthy,Stress_Condition
SMP_00451,Mus musculus,54.87,83.65,Healthy,Drug_A
SMP_00452,Mus musculus,42.01,104.15,Diseased,Stress_Condition
SMP_00453,Mus musculus,62.59,108.88,Healthy,Control
SMP_00454,Mus musculus,29.64,82.36,Diseased,Stress_Condition
SMP_00455,Homo sapiens,36.49,143.52,Healthy,Stress_Condition
SMP_00456,Rattus norvegicus,35.54,66.49,Diseased,Drug_B
SMP_00457,Mus musculus,66.2,107.85,Healthy,Stress_Condition
SMP_00458,Danio rerio,64.14,107.38,Healthy,Drug_B
SMP_00459,Rattus norvegicus,57.31,98.37,Diseased,Drug_B
SMP_00460,Rattus norvegicus,66.08,61.09,Diseased,Control
SMP_00461,Mus musculus,36.81,126.12,Healthy,Drug_B
SMP_00462,Homo sapiens,55.23,122.31,Diseased,Drug_A
SMP_00463,Mus musculus,48.12,79.73,Healthy,Drug_B
SMP_00464,Homo sapiens,62.7,121.22,Diseased,Drug_A
SMP_00465,Danio rerio,48.27,111.25,Diseased,Drug_B
SMP_00466,Rattus norvegicus,44.23,61.58,Healthy,Drug_A
SMP_00467,Danio rerio,58.11,74.38,Healthy,Control
SMP_00468,Homo sapiens,63.14,134.15,Healthy,Stress_Condition
SMP_00469,Homo sapiens,39.97,109.28,Diseased,Drug_B
SMP_00470,Danio rerio,49.08,83.07,Healthy,Control
SMP_00471,Homo sapiens,34.12,74.25,Diseased,Control
SMP_00472,Danio rerio,12.53,84.54,Healthy,Drug_B
SMP_00473,Rattus norvegicus,53.01,86.67,Diseased,Drug_B
SMP_00474,Danio rerio,59.13,74.62,Diseased,Drug_A
SMP_00475,Rattus norvegicus,53.93,47.75,Diseased,Drug_B
SMP_00476,Danio rerio,20.76,134.2,Diseased,Drug_B
SMP_00477,Homo sapiens,44.74,129.12,Healthy,Drug_A
SMP_00478,Danio rerio,16.72,61.8,Healthy,Drug_A
SMP_00479,Homo sapiens,70.55,104.09,Diseased,Drug_B
SMP_00480,Danio rerio,33.71,72.93,Healthy,Drug_B
SMP_00481,Danio rerio,68.83,92.15,Diseased,Drug_B
SMP_00482,Mus musculus,64.19,89.66,Diseased,Stress_Condition
SMP_00483,Homo sapiens,36.49,87.16,Diseased,Stress_Condition
SMP_00484,Mus musculus,33.01,160.09,Healthy,Control
SMP_00485,Homo sapiens,55.26,86.79,Healthy,Control
SMP_00486,Mus musculus,37.34,75.75,Diseased,Drug_B
SMP_00487,Rattus norvegicus,51.54,77.12,Healthy,Drug_A
SMP_00488,Danio rerio,42.76,131.31,Diseased,Drug_B
SMP_00489,Homo sapiens,23.28,50.44,Healthy,Drug_B
SMP_00490,Homo sapiens,16.54,77.12,Healthy,Control
SMP_00491,Danio rerio,53.4,143.4,Healthy,Drug_B
SMP_00492,Homo sapiens,41.58,107.32,Diseased,Drug_B
SMP_00493,Homo sapiens,41.7,105.76,Healthy,Control
SMP_00494,Mus musculus,60.44,163.96,Healthy,Control
SMP_00495,Homo sapiens,67.6,107.39,Diseased,Drug_A
SMP_00496,Rattus norvegicus,45.91,78.75,Diseased,Drug_A
SMP_00497,Rattus norvegicus,44.89,91.54,Diseased,Drug_A
SMP_00498,Danio rerio,57.5,65.94,Healthy,Stress_Condition
SMP_00499,Homo sapiens,29.65,137.68,Diseased,Stress_Condition
SMP_00500,Danio rerio,53.35,117.24,Healthy,Drug_B
SMP_00501,Rattus norvegicus,58.28,133.73,Diseased,Drug_A
SMP_00502,Homo sapiens,60.2,136.39,Diseased,Control
SMP_00503,Homo sapiens,20.95,87.57,Healthy,Drug_A
SMP_00504,Danio rerio,38.58,71.66,Healthy,Drug_B
SMP_00505,Rattus norvegicus,36.83,98.45,Diseased,Stress_Condition
SMP_00506,Homo sapiens,51.5,73.82,Healthy,Stress_Condition
SMP_00507,Danio rerio,57.21,104.95,Diseased,Drug_B
SMP_00508,Rattus norvegicus,72.45,133.96,Healthy,Drug_A
SMP_00509,Danio rerio,42.58,94.96,Diseased,Drug_B
SMP_00510,Mus musculus,42.54,104.5,Healthy,Drug_B
SMP_00511,Homo sapiens,67.25,97.18,Healthy,Stress_Condition
SMP_00512,Mus musculus,54.45,124.08,Healthy,Stress_Condition
SMP_00513,Rattus norvegicus,69.01,79.97,Healthy,Stress_Condition
SMP_00514,Mus musculus,54.33,34.11,Healthy,Drug_B
SMP_00515,Mus musculus,32.64,114.13,Healthy,Drug_A
SMP_00516,Rattus norvegicus,30.0,129.64,Healthy,Drug_B
SMP_00517,Danio rerio,26.73,113.39,Diseased,Drug_A
SMP_00518,Mus musculus,59.93,80.79,Healthy,Drug_A
SMP_00519,Danio rerio,67.83,65.95,Diseased,Drug_B
SMP_00520,Mus musculus,77.74,114.83,Healthy,Drug_A
SMP_00521,Danio rerio,62.65,104.24,Healthy,Drug_A
SMP_00522,Rattus norvegicus,67.44,96.23,Healthy,Drug_B
SMP_00523,Mus musculus,41.3,154.67,Diseased,Stress_Condition
SMP_00524,Rattus norvegicus,32.65,71.6,Healthy,Drug_B
SMP_00525,Mus musculus,62.75,153.25,Healthy,Stress_Condition
SMP_00526,Rattus norvegicus,56.27,100.95,Healthy,Drug_A
SMP_00527,Rattus norvegicus,51.61,44.93,Healthy,Stress_Condition
SMP_00528,Mus musculus,55.81,94.62,Healthy,Stress_Condition
SMP_00529,Mus musculus,54.85,128.78,Healthy,Control
SMP_00530,Mus musculus,69.26,89.05,Healthy,Control
SMP_00531,Homo sapiens,69.42,55.76,Diseased,Stress_Condition
SMP_00532,Danio rerio,58.16,95.06,Healthy,Control
SMP_00533,Homo sapiens,62.69,74.28,Healthy,Stress_Condition
SMP_00534,Homo sapiens,57.71,114.75,Healthy,Control
SMP_00535,Rattus norvegicus,43.08,123.2,Healthy,Drug_A
SMP_00536,Mus musculus,61.35,68.31,Healthy,Drug_B
SMP_00537,Danio rerio,29.08,78.83,Diseased,Control
SMP_00538,Rattus norvegicus,65.81,122.7,Diseased,Drug_B
SMP_00539,Homo sapiens,32.08,74.23,Healthy,Control
SMP_00540,Mus musculus,54.29,67.54,Healthy,Stress_Condition
SMP_00541,Rattus norvegicus,37.32,64.64,Healthy,Control
SMP_00542,Mus musculus,58.3,110.56,Healthy,Control
SMP_00543,Rattus norvegicus,49.49,109.27,Diseased,Drug_B
SMP_00544,Mus musculus,26.08,79.48,Diseased,Drug_B
SMP_00545,Homo sapiens,56.31,100.15,Healthy,Control
SMP_00546,Danio rerio,41.33,145.81,Diseased,Drug_B
SMP_00547,Homo sapiens,63.22,70.78,Healthy,Control
SMP_00548,Danio rerio,50.02,41.45,Healthy,Stress_Condition
SMP_00549,Mus musculus,55.93,113.65,Healthy,Stress_Condition
SMP_00550,Rattus norvegicus,35.64,96.69,Healthy,Drug_A
SMP_00551,Homo sapiens,41.16,78.7,Diseased,Drug_B
SMP_00552,Danio rerio,43.12,119.56,Diseased,Control
SMP_00553,Homo sapiens,62.85,125.18,Diseased,Stress_Condition
SMP_00554,Danio rerio,75.16,33.75,Healthy,Drug_A
SMP_00555,Homo sapiens,37.92,80.42,Diseased,Drug_A
SMP_00556,Danio rerio,66.15,169.53,Diseased,Control
SMP_00557,Danio rerio,17.45,117.5,Healthy,Drug_A
SMP_00558,Mus musculus,32.09,120.28,Healthy,Drug_A
SMP_00559,Danio rerio,35.62,135.19,Diseased,Control
SMP_00560,Mus musculus,29.71,100.51,Diseased,Drug_A
SMP_00561,Danio rerio,26.25,123.9,Diseased,Drug_A
SMP_00562,Rattus norvegicus,56.19,121.54,Healthy,Control
SMP_00563,Rattus norvegicus,46.79,116.17,Healthy,Control
SMP_00564,Rattus norvegicus,55.69,90.34,Diseased,Stress_Condition
SMP_00565,Danio rerio,60.36,105.16,Diseased,Drug_A
SMP_00566,Mus musculus,53.98,82.35,Healthy,Stress_Condition
SMP_00567,Mus musculus,59.87,100.38,Healthy,Stress_Condition
SMP_00568,Danio rerio,48.96,64.95,Diseased,Drug_B
SMP_00569,Rattus norvegicus,32.2,76.28,Diseased,Control
SMP_00570,Rattus norvegicus,65.87,91.53,Diseased,Drug_B
SMP_00571,Mus musculus,41.16,71.69,Healthy,Control
SMP_00572,Rattus norvegicus,35.97,84.85,Diseased,Drug_B
SMP_00573,Homo sapiens,47.33,95.08,Healthy,Control
SMP_00574,Mus musculus,36.31,112.07,Diseased,Drug_A
SMP_00575,Rattus norvegicus,43.74,128.48,Healthy,Drug_A
SMP_00576,Mus musculus,55.16,86.09,Diseased,Stress_Condition
SMP_00577,Homo sapiens,55.23,140.05,Diseased,Drug_B
SMP_00578,Mus musculus,36.53,128.16,Diseased,Stress_Condition
SMP_00579,Mus musculus,42.68,115.12,Healthy,Drug_B
SMP_00580,Mus musculus,66.11,104.61,Healthy,Control
SMP_00581,Mus musculus,57.45,109.57,Diseased,Control
SMP_00582,Homo sapiens,81.13,135.61,Healthy,Drug_B
SMP_00583,Danio rerio,67.7,136.71,Healthy,Drug_B
SMP_00584,Mus musculus,67.16,140.05,Diseased,Drug_A
SMP_00585,Mus musculus,29.18,101.24,Healthy,Drug_B
SMP_00586,Rattus norvegicus,61.46,116.65,Diseased,Drug_A
SMP_00587,Mus musculus,49.2,140.31,Healthy,Drug_B
SMP_00588,Rattus norvegicus,41.74,81.29,Diseased,Drug_A
SMP_00589,Danio rerio,52.52,90.45,Diseased,Stress_Condition
SMP_00590,Homo sapiens,64.18,100.48,Diseased,Drug_A
SMP_00591,Homo sapiens,57.51,126.99,Diseased,Stress_Condition
SMP_00592,Danio rerio,36.82,127.46,Healthy,Drug_A
SMP_00593,Homo sapiens,61.14,93.07,Diseased,Control
SMP_00594,Danio rerio,40.44,54.74,Diseased,Drug_A
SMP_00595,Danio rerio,53.25,107.39,Healthy,Drug_B
SMP_00596,Danio rerio,45.45,72.45,Healthy,Stress_Condition
SMP_00597,Homo sapiens,46.72,55.3,Diseased,Drug_B
SMP_00598,Rattus norvegicus,61.49,62.08,Healthy,Drug_B
SMP_00599,Danio rerio,34.4,109.79,Healthy,Control
SMP_00600,Mus musculus,79.18,140.83,Healthy,Drug_A
SMP_00601,Homo sapiens,22.68,101.17,Healthy,Control
SMP_00602,Danio rerio,41.03,106.34,Diseased,Drug_A
SMP_00603,Danio rerio,55.55,135.49,Healthy,Drug_B
SMP_00604,Mus musculus,58.76,53.67,Healthy,Drug_A
SMP_00605,Rattus norvegicus,48.49,115.61,Diseased,Control
SMP_00606,Rattus norvegicus,49.14,99.65,Healthy,Stress_Condition
SMP_00607,Rattus norvegicus,56.16,116.98,Diseased,Control
SMP_00608,Danio rerio,46.53,85.5,Diseased,Control
SMP_00609,Danio rerio,70.9,75.46,Diseased,Control
SMP_00610,Danio rerio,62.59,104.22,Diseased,Stress_Condition
SMP_00611,Homo sapiens,63.09,149.48,Healthy,Drug_B
SMP_00612,Mus musculus,35.51,125.83,Healthy,Control
SMP_00613,Danio rerio,48.81,84.77,Healthy,Control
SMP_00614,Mus musculus,45.49,59.77,Healthy,Control
SMP_00615,Mus musculus,34.92,49.54,Healthy,Stress_Condition
SMP_00616,Rattus norvegicus,55.4,139.48,Healthy,Stress_Condition
SMP_00617,Homo sapiens,41.94,71.35,Healthy,Stress_Condition
SMP_00618,Danio rerio,59.83,90.23,Healthy,Drug_B
SMP_00619,Rattus norvegicus,33.95,139.64,Healthy,Drug_A
SMP_00620,Rattus norvegicus,75.79,51.58,Healthy,Drug_B
SMP_00621,Danio rerio,36.56,144.77,Healthy,Drug_B
SMP_00622,Mus musculus,53.29,92.39,Diseased,Drug_B
SMP_00623,Rattus norvegicus,61.88,65.54,Diseased,Drug_A
SMP_00624,Mus musculus,41.44,92.58,Diseased,Control
SMP_00625,Homo sapiens,62.79,78.32,Diseased,Stress_Condition
SMP_00626,Mus musculus,31.56,113.22,Diseased,Drug_B
SMP_00627,Homo sapiens,71.78,80.56,Diseased,Stress_Condition
SMP_00628,Mus musculus,50.21,42.65,Healthy,Stress_Condition
SMP_00629,Rattus norvegicus,41.05,93.38,Healthy,Stress_Condition
SMP_00630,Rattus norvegicus,45.51,59.3,Diseased,Control
SMP_00631,Homo sapiens,62.13,106.13,Healthy,Stress_Condition
SMP_00632,Danio rerio,41.23,64.39,Healthy,Stress_Condition
SMP_00633,Homo sapiens,38.76,85.36,Healthy,Control
SMP_00634,Homo sapiens,46.68,105.48,Healthy,Stress_Condition
SMP_00635,Mus musculus,32.35,93.63,Diseased,Drug_A
SMP_00636,Mus musculus,77.31,107.51,Healthy,Drug_A
SMP_00637,Homo sapiens,41.5,120.41,Healthy,Drug_B
SMP_00638,Rattus norvegicus,62.47,65.26,Healthy,Drug_A
SMP_00639,Mus musculus,53.14,98.07,Diseased,Drug_A
SMP_00640,Danio rerio,35.23,0.11,Diseased,Drug_A
SMP_00641,Mus musculus,49.91,107.42,Healthy,Control
SMP_00642,Mus musculus,61.76,90.98,Diseased,Drug_A
SMP_00643,Danio rerio,47.18,70.5,Healthy,Stress_Condition
SMP_00644,Homo sapiens,67.9,109.47,Diseased,Drug_B
SMP_00645,Danio rerio,65.32,135.18,Diseased,Stress_Condition
SMP_00646,Homo sapiens,63.78,85.72,Diseased,Stress_Condition
SMP_00647,Homo sapiens,43.11,71.66,Healthy,Drug_A
SMP_00648,Homo sapiens,33.8,104.95,Healthy,Drug_B
SMP_00649,Danio rerio,40.8,59.93,Healthy,Stress_Condition
SMP_00650,Homo sapiens,52.94,80.19,Healthy,Drug_B
SMP_00651,Rattus norvegicus,58.19,136.67,Healthy,Drug_A
SMP_00652,Danio rerio,17.43,101.87,Healthy,Stress_Condition
SMP_00653,Rattus norvegicus,49.88,43.62,Healthy,Control
SMP_00654,Homo sapiens,52.37,46.09,Diseased,Stress_Condition
SMP_00655,Mus musculus,45.84,104.86,Healthy,Stress_Condition
SMP_00656,Homo sapiens,69.37,125.87,Diseased,Drug_B
SMP_00657,Rattus norvegicus,56.33,51.47,Diseased,Drug_B
SMP_00658,Rattus norvegicus,69.65,113.49,Diseased,Drug_B
SMP_00659,Danio rerio,46.76,139.91,Diseased,Drug_A
SMP_00660,Mus musculus,64.06,156.64,Diseased,Drug_B
SMP_00661,Danio rerio,74.53,109.94,Diseased,Drug_A
SMP_00662,Rattus norvegicus,69.68,115.2,Healthy,Drug_B
SMP_00663,Homo sapiens,33.62,36.0,Healthy,Control
SMP_00664,Mus musculus,46.19,162.99,Diseased,Drug_B
SMP_00665,Homo sapiens,44.82,82.74,Healthy,Drug_A
SMP_00666,Homo sapiens,57.34,72.0,Healthy,Drug_A
SMP_00667,Mus musculus,60.3,92.34,Diseased,Stress_Condition
SMP_00668,Danio rerio,37.42,145.35,Healthy,Drug_B
SMP_00669,Homo sapiens,51.02,166.24,Diseased,Drug_A
SMP_00670,Rattus norvegicus,19.7,103.76,Healthy,Stress_Condition
SMP_00671,Homo sapiens,71.63,129.94,Diseased,Control
SMP_00672,Mus musculus,42.31,101.3,Healthy,Drug_A
SMP_00673,Mus musculus,50.84,68.87,Diseased,Drug_B
SMP_00674,Mus musculus,45.36,144.3,Healthy,Control
SMP_00675,Danio rerio,67.19,81.34,Diseased,Drug_A
SMP_00676,Homo sapiens,7.44,146.07,Healthy,Drug_B
SMP_00677,Danio rerio,49.75,138.96,Healthy,Drug_A
SMP_00678,Danio rerio,48.41,118.42,Healthy,Drug_B
SMP_00679,Mus musculus,43.2,154.87,Healthy,Stress_Condition
SMP_00680,Mus musculus,75.89,166.97,Diseased,Drug_A
SMP_00681,Danio rerio,36.69,94.74,Healthy,Drug_A
SMP_00682,Homo sapiens,61.58,75.74,Healthy,Control
SMP_00683,Rattus norvegicus,55.34,44.07,Healthy,Stress_Condition
SMP_00684,Danio rerio,68.92,167.34,Diseased,Control
SMP_00685,Homo sapiens,39.99,86.81,Healthy,Drug_A
SMP_00686,Mus musculus,39.01,134.05,Healthy,Stress_Condition
SMP_00687,Mus musculus,66.44,77.76,Diseased,Drug_B
SMP_00688,Homo sapiens,56.38,146.15,Diseased,Stress_Condition
SMP_00689,Rattus norvegicus,26.83,79.0,Diseased,Stress_Condition
SMP_00690,Mus musculus,41.91,64.25,Diseased,Drug_B
SMP_00691,Mus musculus,55.8,93.74,Healthy,Drug_A
SMP_00692,Mus musculus,62.57,84.05,Diseased,Drug_A
SMP_00693,Homo sapiens,39.81,117.89,Diseased,Control
SMP_00694,Danio rerio,6.29,98.46,Diseased,Drug_A
SMP_00695,Mus musculus,57.85,118.83,Healthy,Drug_A
SMP_00696,Danio rerio,31.7,91.27,Diseased,Drug_B
SMP_00697,Rattus norvegicus,19.74,80.05,Healthy,Control
SMP_00698,Mus musculus,7.52,82.49,Diseased,Stress_Condition
SMP_00699,Mus musculus,62.21,161.35,Healthy,Control
SMP_00700,Rattus norvegicus,51.93,106.76,Healthy,Drug_A
SMP_00701,Mus musculus,46.62,40.49,Healthy,Control
SMP_00702,Danio rerio,70.84,84.39,Healthy,Stress_Condition
SMP_00703,Homo sapiens,59.56,102.91,Diseased,Drug_B
SMP_00704,Danio rerio,74.24,155.36,Diseased,Drug_A
SMP_00705,Homo sapiens,29.11,130.86,Diseased,Drug_A
SMP_00706,Homo sapiens,49.48,72.35,Healthy,Stress_Condition
SMP_00707,Danio rerio,25.75,172.55,Diseased,Drug_B
SMP_00708,Danio rerio,46.56,99.07,Diseased,Control
SMP_00709,Danio rerio,46.27,137.39,Healthy,Stress_Condition
SMP_00710,Danio rerio,59.4,65.35,Diseased,Control
SMP_00711,Rattus norvegicus,50.68,28.06,Healthy,Drug_B
SMP_00712,Mus musculus,59.35,57.75,Healthy,Drug_B
SMP_00713,Homo sapiens,60.55,2.49,Healthy,Drug_B
SMP_00714,Danio rerio,82.32,163.36,Healthy,Drug_B
SMP_00715,Danio rerio,45.27,106.44,Healthy,Control
SMP_00716,Danio rerio,35.88,72.26,Healthy,Stress_Condition
SMP_00717,Rattus norvegicus,53.69,113.58,Diseased,Stress_Condition
SMP_00718,Danio rerio,37.97,105.68,Healthy,Control
SMP_00719,Danio rerio,72.23,118.63,Healthy,Drug_B
SMP_00720,Danio rerio,45.75,136.29,Diseased,Drug_B
SMP_00721,Mus musculus,41.52,91.3,Healthy,Drug_A
SMP_00722,Rattus norvegicus,42.93,73.6,Diseased,Drug_A
SMP_00723,Danio rerio,60.78,124.83,Healthy,Control
SMP_00724,Homo sapiens,47.63,124.07,Healthy,Stress_Condition
SMP_00725,Homo sapiens,40.37,103.02,Healthy,Drug_A
SMP_00726,Homo sapiens,74.98,165.33,Diseased,Drug_A
SMP_00727,Rattus norvegicus,37.16,86.87,Healthy,Stress_Condition
SMP_00728,Rattus norvegicus,50.53,73.0,Healthy,Drug_A
SMP_00729,Homo sapiens,59.78,112.54,Diseased,Stress_Condition
SMP_00730,Danio rerio,25.53,79.75,Diseased,Control
SMP_00731,Rattus norvegicus,57.2,114.87,Healthy,Drug_A
SMP_00732,Homo sapiens,34.17,75.01,Diseased,Drug_B
SMP_00733,Homo sapiens,62.34,87.99,Healthy,Control
SMP_00734,Danio rerio,35.56,156.73,Healthy,Drug_A
SMP_00735,Mus musculus,60.39,87.83,Healthy,Stress_Condition
SMP_00736,Rattus norvegicus,66.59,76.03,Healthy,Control
SMP_00737,Danio rerio,62.92,135.12,Healthy,Drug_A
SMP_00738,Homo sapiens,53.77,68.47,Healthy,Control
SMP_00739,Homo sapiens,46.53,79.21,Healthy,Drug_B
SMP_00740,Danio rerio,41.35,117.3,Healthy,Drug_A
SMP_00741,Rattus norvegicus,72.07,128.15,Healthy,Drug_A
SMP_00742,Mus musculus,39.51,136.61,Diseased,Stress_Condition
SMP_00743,Mus musculus,34.44,77.58,Diseased,Control
SMP_00744,Homo sapiens,59.98,117.88,Healthy,Drug_B
SMP_00745,Rattus norvegicus,38.06,86.02,Diseased,Stress_Condition
SMP_00746,Mus musculus,35.75,81.83,Healthy,Drug_A
SMP_00747,Rattus norvegicus,28.35,136.1,Healthy,Stress_Condition
SMP_00748,Rattus norvegicus,42.76,83.51,Healthy,Stress_Condition
SMP_00749,Homo sapiens,48.76,108.35,Healthy,Drug_B
SMP_00750,Mus musculus,53.65,104.67,Diseased,Drug_A
SMP_00751,Danio rerio,64.27,67.88,Diseased,Drug_B
SMP_00752,Homo sapiens,57.9,128.98,Healthy,Drug_A
SMP_00753,Mus musculus,47.14,116.81,Healthy,Control
SMP_00754,Mus musculus,47.03,40.41,Healthy,Control
SMP_00755,Mus musculus,57.65,108.32,Healthy,Drug_B
SMP_00756,Mus musculus,69.09,76.81,Diseased,Stress_Condition
SMP_00757,Mus musculus,51.89,132.91,Diseased,Drug_A
SMP_00758,Rattus norvegicus,42.96,56.64,Healthy,Drug_A
SMP_00759,Homo sapiens,35.11,89.31,Diseased,Drug_B
SMP_00760,Rattus norvegicus,28.32,110.86,Healthy,Stress_Condition
SMP_00761,Danio rerio,59.99,101.63,Diseased,Stress_Condition
SMP_00762,Mus musculus,58.67,122.89,Healthy,Drug_A
SMP_00763,Homo sapiens,58.66,54.45,Diseased,Control
SMP_00764,Mus musculus,48.07,149.56,Healthy,Drug_A
SMP_00765,Homo sapiens,71.1,115.75,Healthy,Control
SMP_00766,Rattus norvegicus,42.74,140.79,Diseased,Drug_B
SMP_00767,Homo sapiens,64.33,126.23,Healthy,Stress_Condition
SMP_00768,Danio rerio,49.42,99.65,Diseased,Drug_A
SMP_00769,Danio rerio,40.87,61.47,Healthy,Drug_B
SMP_00770,Homo sapiens,58.89,83.09,Diseased,Stress_Condition
SMP_00771,Homo sapiens,56.14,147.69,Diseased,Control
SMP_00772,Homo sapiens,55.35,141.56,Healthy,Drug_B
SMP_00773,Homo sapiens,51.22,81.41,Healthy,Drug_B
SMP_00774,Danio rerio,49.43,15.45,Diseased,Drug_A
SMP_00775,Mus musculus,85.83,93.62,Healthy,Drug_B
SMP_00776,Homo sapiens,67.76,91.37,Diseased,Drug_B
SMP_00777,Homo sapiens,60.84,92.51,Healthy,Drug_A
SMP_00778,Danio rerio,51.68,115.86,Diseased,Drug_B
SMP_00779,Danio rerio,65.11,126.29,Healthy,Control
SMP_00780,Rattus norvegicus,57.77,129.71,Diseased,Drug_A
SMP_00781,Homo sapiens,50.39,113.37,Healthy,Control
SMP_00782,Rattus norvegicus,45.45,45.98,Diseased,Drug_A
SMP_00783,Danio rerio,48.79,89.76,Healthy,Stress_Condition
SMP_00784,Danio rerio,2.44,169.12,Healthy,Drug_B
SMP_00785,Mus musculus,53.16,111.23,Diseased,Stress_Condition
SMP_00786,Homo sapiens,42.67,111.03,Diseased,Control
SMP_00787,Rattus norvegicus,73.89,110.78,Diseased,Stress_Condition
SMP_00788,Danio rerio,50.29,112.46,Healthy,Control
SMP_00789,Danio rerio,32.17,28.51,Diseased,Stress_Condition
SMP_00790,Rattus norvegicus,49.25,92.81,Diseased,Control
SMP_00791,Mus musculus,34.31,98.86,Diseased,Drug_B
SMP_00792,Danio rerio,57.1,138.44,Healthy,Stress_Condition
SMP_00793,Homo sapiens,54.36,101.43,Healthy,Control
SMP_00794,Danio rerio,64.37,50.6,Diseased,Control
SMP_00795,Homo sapiens,38.14,112.9,Healthy,Stress_Condition
SMP_00796,Rattus norvegicus,50.51,75.89,Diseased,Stress_Condition
SMP_00797,Homo sapiens,29.52,63.5,Healthy,Stress_Condition
SMP_00798,Rattus norvegicus,60.52,74.98,Diseased,Drug_B
SMP_00799,Homo sapiens,57.78,116.28,Diseased,Drug_B
SMP_00800,Rattus norvegicus,57.44,137.76,Diseased,Drug_B
SMP_00801,Homo sapiens,50.02,114.49,Healthy,Stress_Condition
SMP_00802,Mus musculus,56.22,118.96,Diseased,Control
SMP_00803,Homo sapiens,74.07,114.19,Healthy,Control
SMP_00804,Homo sapiens,45.72,103.04,Diseased,Control
SMP_00805,Mus musculus,52.08,120.91,Healthy,Drug_A
SMP_00806,Danio rerio,33.71,27.44,Diseased,Stress_Condition
SMP_00807,Danio rerio,36.98,103.33,Diseased,Control
SMP_00808,Homo sapiens,51.47,68.65,Healthy,Stress_Condition
SMP_00809,Mus musculus,66.56,134.89,Diseased,Stress_Condition
SMP_00810,Homo sapiens,46.16,95.59,Healthy,Control
SMP_00811,Rattus norvegicus,46.46,100.93,Diseased,Stress_Condition
SMP_00812,Rattus norvegicus,43.9,54.85,Diseased,Drug_A
SMP_00813,Homo sapiens,41.98,130.5,Healthy,Drug_A
SMP_00814,Danio rerio,54.42,118.82,Healthy,Control
SMP_00815,Danio rerio,27.54,116.71,Diseased,Stress_Condition
SMP_00816,Homo sapiens,69.21,75.61,Healthy,Drug_A
SMP_00817,Homo sapiens,40.02,76.79,Healthy,Control
SMP_00818,Rattus norvegicus,60.83,106.71,Healthy,Drug_B
SMP_00819,Danio rerio,30.95,79.17,Healthy,Drug_B
SMP_00820,Homo sapiens,60.03,113.05,Healthy,Drug_B
SMP_00821,Rattus norvegicus,60.08,35.17,Healthy,Drug_B
SMP_00822,Danio rerio,55.76,85.37,Healthy,Drug_A
SMP_00823,Mus musculus,35.08,153.9,Diseased,Control
SMP_00824,Rattus norvegicus,53.74,113.18,Healthy,Drug_A
SMP_00825,Danio rerio,32.25,105.0,Healthy,Drug_B
SMP_00826,Danio rerio,46.21,159.56,Diseased,Stress_Condition
SMP_00827,Rattus norvegicus,65.44,29.92,Diseased,Drug_B
SMP_00828,Mus musculus,61.95,75.54,Healthy,Stress_Condition
SMP_00829,Rattus norvegicus,50.23,87.96,Diseased,Control
SMP_00830,Danio rerio,35.38,125.75,Diseased,Drug_A
SMP_00831,Homo sapiens,59.68,126.27,Healthy,Stress_Condition
SMP_00832,Homo sapiens,50.29,74.02,Healthy,Drug_B
SMP_00833,Rattus norvegicus,15.2,129.94,Healthy,Drug_A
SMP_00834,Danio rerio,61.74,87.9,Diseased,Stress_Condition
SMP_00835,Homo sapiens,49.64,136.35,Healthy,Control
SMP_00836,Danio rerio,68.04,69.02,Diseased,Stress_Condition
SMP_00837,Rattus norvegicus,33.57,96.3,Diseased,Stress_Condition
SMP_00838,Homo sapiens,2.35,85.29,Healthy,Control
SMP_00839,Danio rerio,54.19,131.68,Healthy,Drug_A
SMP_00840,Homo sapiens,54.37,84.32,Healthy,Control
SMP_00841,Rattus norvegicus,24.64,98.73,Healthy,Drug_A
SMP_00842,Danio rerio,35.32,115.2,Healthy,Drug_A
SMP_00843,Homo sapiens,91.33,116.36,Diseased,Drug_A
SMP_00844,Rattus norvegicus,45.42,126.61,Diseased,Stress_Condition
SMP_00845,Homo sapiens,60.96,106.33,Healthy,Drug_B
SMP_00846,Homo sapiens,40.24,87.45,Healthy,Drug_B
SMP_00847,Mus musculus,18.65,89.51,Healthy,Stress_Condition
SMP_00848,Mus musculus,47.45,100.77,Healthy,Drug_A
SMP_00849,Rattus norvegicus,46.02,107.49,Diseased,Control
SMP_00850,Mus musculus,44.0,95.58,Healthy,Control
SMP_00851,Rattus norvegicus,48.28,100.58,Diseased,Drug_B
SMP_00852,Mus musculus,53.96,54.48,Diseased,Drug_A
SMP_00853,Homo sapiens,47.75,120.02,Diseased,Stress_Condition
SMP_00854,Rattus norvegicus,31.04,105.43,Healthy,Stress_Condition
SMP_00855,Rattus norvegicus,57.29,130.06,Healthy,Drug_B
SMP_00856,Homo sapiens,20.76,100.0,Healthy,Drug_A
SMP_00857,Rattus norvegicus,19.24,47.85,Diseased,Control
SMP_00858,Rattus norvegicus,61.09,89.25,Diseased,Control
SMP_00859,Mus musculus,57.61,94.0,Diseased,Stress_Condition
SMP_00860,Rattus norvegicus,49.14,122.29,Diseased,Drug_B
SMP_00861,Danio rerio,29.07,37.89,Diseased,Stress_Condition
SMP_00862,Homo sapiens,39.38,101.24,Diseased,Control
SMP_00863,Mus musculus,46.06,115.41,Healthy,Stress_Condition
SMP_00864,Mus musculus,26.06,80.16,Diseased,Drug_A
SMP_00865,Danio rerio,38.91,102.24,Diseased,Control
SMP_00866,Homo sapiens,59.78,81.19,Healthy,Control
SMP_00867,Homo sapiens,71.41,78.11,Diseased,Stress_Condition
SMP_00868,Mus musculus,43.71,87.75,Diseased,Stress_Condition
SMP_00869,Rattus norvegicus,61.35,78.68,Healthy,Drug_B
SMP_00870,Mus musculus,21.29,120.51,Diseased,Stress_Condition
SMP_00871,Homo sapiens,59.89,77.95,Healthy,Drug_A
SMP_00872,Danio rerio,37.94,72.91,Healthy,Drug_B
SMP_00873,Mus musculus,54.61,153.04,Healthy,Drug_B
SMP_00874,Homo sapiens,46.28,128.82,Healthy,Control
SMP_00875,Mus musculus,69.81,44.15,Healthy,Drug_A
SMP_00876,Rattus norvegicus,36.88,77.06,Healthy,Drug_A
SMP_00877,Mus musculus,59.41,107.27,Diseased,Drug_B
SMP_00878,Mus musculus,45.81,109.71,Healthy,Drug_B
SMP_00879,Homo sapiens,47.63,55.29,Healthy,Control
SMP_00880,Homo sapiens,47.24,134.76,Healthy,Stress_Condition
SMP_00881,Homo sapiens,37.31,124.76,Healthy,Drug_A
SMP_00882,Mus musculus,49.79,114.46,Healthy,Drug_A
SMP_00883,Rattus norvegicus,49.06,140.7,Healthy,Control
SMP_00884,Danio rerio,53.62,113.57,Healthy,Drug_B
SMP_00885,Danio rerio,51.27,113.46,Healthy,Drug_A
SMP_00886,Homo sapiens,61.97,146.73,Healthy,Control
SMP_00887,Homo sapiens,63.85,133.04,Diseased,Drug_B
SMP_00888,Mus musculus,34.24,74.75,Healthy,Control
SMP_00889,Danio rerio,63.03,119.0,Diseased,Drug_A
SMP_00890,Homo sapiens,32.2,80.07,Healthy,Drug_B
SMP_00891,Rattus norvegicus,58.82,115.12,Healthy,Control
SMP_00892,Rattus norvegicus,59.3,114.3,Healthy,Control
SMP_00893,Homo sapiens,21.33,58.5,Diseased,Control
SMP_00894,Homo sapiens,51.39,96.34,Healthy,Drug_A
SMP_00895,Danio rerio,42.97,107.96,Diseased,Drug_A
SMP_00896,Danio rerio,38.62,86.91,Diseased,Stress_Condition
SMP_00897,Mus musculus,70.26,109.44,Healthy,Drug_A
SMP_00898,Danio rerio,40.19,124.18,Diseased,Control
SMP_00899,Rattus norvegicus,37.9,99.08,Healthy,Drug_A
SMP_00900,Rattus norvegicus,51.14,106.74,Healthy,Control
SMP_00901,Homo sapiens,60.28,141.5,Healthy,Control
SMP_00902,Danio rerio,47.88,114.2,Healthy,Control
SMP_00903,Mus musculus,67.5,106.02,Healthy,Drug_B
SMP_00904,Rattus norvegicus,57.96,71.26,Diseased,Stress_Condition
SMP_00905,Rattus norvegicus,17.33,120.13,Healthy,Stress_Condition
SMP_00906,Mus musculus,42.06,109.9,Diseased,Control
SMP_00907,Mus musculus,41.57,138.51,Healthy,Drug_A
SMP_00908,Rattus norvegicus,57.19,101.41,Diseased,Stress_Condition
SMP_00909,Rattus norvegicus,10.63,45.51,Healthy,Control
SMP_00910,Mus musculus,88.24,49.0,Diseased,Drug_A
SMP_00911,Rattus norvegicus,57.97,122.07,Diseased,Drug_B
SMP_00912,Homo sapiens,52.23,82.89,Healthy,Drug_B
SMP_00913,Homo sapiens,67.72,113.1,Healthy,Control
SMP_00914,Mus musculus,85.15,103.43,Healthy,Drug_A
SMP_00915,Danio rerio,63.06,94.99,Healthy,Drug_B
SMP_00916,Mus musculus,64.23,97.11,Healthy,Drug_B
SMP_00917,Mus musculus,51.96,74.04,Diseased,Drug_B
SMP_00918,Danio rerio,47.88,99.53,Healthy,Drug_A
SMP_00919,Danio rerio,42.86,82.47,Healthy,Control
SMP_00920,Danio rerio,37.61,88.83,Healthy,Control
SMP_00921,Homo sapiens,39.69,90.29,Diseased,Drug_B
SMP_00922,Rattus norvegicus,29.74,93.2,Healthy,Control
SMP_00923,Homo sapiens,48.86,127.67,Healthy,Stress_Condition
SMP_00924,Rattus norvegicus,24.73,96.11,Healthy,Drug_B
SMP_00925,Homo sapiens,52.86,130.71,Healthy,Drug_A
SMP_00926,Rattus norvegicus,49.46,146.14,Diseased,Control
SMP_00927,Homo sapiens,52.2,125.65,Diseased,Drug_A
SMP_00928,Danio rerio,42.17,116.03,Diseased,Control
SMP_00929,Mus musculus,96.15,109.8,Healthy,Drug_A
SMP_00930,Homo sapiens,70.4,125.96,Diseased,Drug_A
SMP_00931,Rattus norvegicus,31.33,102.68,Healthy,Control
SMP_00932,Danio rerio,53.49,129.54,Healthy,Drug_B
SMP_00933,Homo sapiens,40.88,118.42,Healthy,Drug_B
SMP_00934,Homo sapiens,34.78,89.2,Healthy,Drug_A
SMP_00935,Danio rerio,29.9,126.88,Healthy,Stress_Condition
SMP_00936,Homo sapiens,56.48,102.74,Healthy,Drug_A
SMP_00937,Mus musculus,39.78,96.82,Healthy,Stress_Condition
SMP_00938,Homo sapiens,64.52,85.71,Healthy,Drug_B
SMP_00939,Mus musculus,64.91,104.98,Diseased,Stress_Condition
SMP_00940,Mus musculus,70.61,129.89,Diseased,Control
SMP_00941,Danio rerio,37.21,126.67,Healthy,Stress_Condition
SMP_00942,Homo sapiens,57.13,110.6,Diseased,Control
SMP_00943,Danio rerio,59.49,117.99,Diseased,Drug_A
SMP_00944,Homo sapiens,42.89,138.15,Diseased,Stress_Condition
SMP_00945,Homo sapiens,38.42,95.5,Healthy,Control
SMP_00946,Rattus norvegicus,74.14,66.54,Diseased,Drug_A
SMP_00947,Homo sapiens,53.41,139.03,Healthy,Stress_Condition
SMP_00948,Danio rerio,59.54,84.11,Diseased,Stress_Condition
SMP_00949,Mus musculus,37.67,79.29,Diseased,Control
SMP_00950,Homo sapiens,31.71,46.11,Diseased,Drug_A
SMP_00951,Rattus norvegicus,41.46,117.14,Healthy,Control
SMP_00952,Danio rerio,48.14,51.36,Diseased,Stress_Condition
SMP_00953,Homo sapiens,34.04,77.49,Healthy,Drug_A
SMP_00954,Danio rerio,49.85,117.65,Healthy,Drug_B
SMP_00955,Rattus norvegicus,24.67,121.66,Healthy,Drug_B
SMP_00956,Rattus norvegicus,33.2,80.45,Diseased,Drug_B
SMP_00957,Danio rerio,60.06,95.98,Diseased,Stress_Condition
SMP_00958,Homo sapiens,59.06,73.82,Diseased,Drug_B
SMP_00959,Mus musculus,44.12,83.55,Healthy,Stress_Condition
SMP_00960,Rattus norvegicus,34.73,107.99,Healthy,Drug_A
SMP_00961,Homo sapiens,34.59,84.95,Healthy,Control
SMP_00962,Homo sapiens,44.4,92.67,Healthy,Stress_Condition
SMP_00963,Mus musculus,59.67,56.06,Healthy,Drug_A
SMP_00964,Rattus norvegicus,63.92,133.99,Healthy,Drug_A
SMP_00965,Rattus norvegicus,42.55,115.3,Healthy,Drug_A
SMP_00966,Homo sapiens,32.7,123.79,Diseased,Control
SMP_00967,Homo sapiens,54.02,138.71,Diseased,Stress_Condition
SMP_00968,Mus musculus,37.65,75.24,Diseased,Drug_A
SMP_00969,Mus musculus,42.23,89.25,Healthy,Drug_B
SMP_00970,Rattus norvegicus,69.88,43.15,Healthy,Drug_B
SMP_00971,Danio rerio,62.41,194.21,Healthy,Drug_A
SMP_00972,Rattus norvegicus,52.37,95.51,Healthy,Drug_B
SMP_00973,Homo sapiens,30.92,131.16,Diseased,Drug_B
SMP_00974,Rattus norvegicus,53.17,62.86,Healthy,Stress_Condition
SMP_00975,Danio rerio,65.94,129.89,Diseased,Control
SMP_00976,Mus musculus,44.37,155.73,Diseased,Stress_Condition
SMP_00977,Danio rerio,70.27,98.19,Healthy,Drug_A
SMP_00978,Danio rerio,69.39,69.67,Healthy,Drug_A
SMP_00979,Danio rerio,74.96,95.84,Diseased,Drug_B
SMP_00980,Mus musculus,54.58,33.2,Diseased,Stress_Condition
SMP_00981,Danio rerio,58.81,98.86,Diseased,Drug_A
SMP_00982,Danio rerio,71.21,124.63,Diseased,Drug_A
SMP_00983,Danio rerio,56.71,98.93,Healthy,Drug_B
SMP_00984,Homo sapiens,42.48,91.48,Healthy,Drug_B
SMP_00985,Danio rerio,43.27,115.83,Healthy,Drug_A
SMP_00986,Mus musculus,53.58,118.12,Healthy,Stress_Condition
SMP_00987,Danio rerio,30.64,50.2,Healthy,Control
SMP_00988,Danio rerio,47.85,102.66,Healthy,Stress_Condition
SMP_00989,Mus musculus,66.45,173.08,Diseased,Drug_B
SMP_00990,Danio rerio,17.13,59.95,Healthy,Drug_A
SMP_00991,Mus musculus,73.02,97.44,Healthy,Drug_B
SMP_00992,Danio rerio,66.84,158.25,Healthy,Drug_A
SMP_00993,Mus musculus,43.1,133.13,Healthy,Drug_A
SMP_00994,Danio rerio,58.15,84.6,Healthy,Control
SMP_00995,Danio rerio,50.05,106.18,Diseased,Drug_B
SMP_00996,Homo sapiens,68.45,99.94,Diseased,Control
SMP_00997,Homo sapiens,64.74,77.56,Healthy,Stress_Condition
SMP_00998,Danio rerio,29.0,97.77,Healthy,Drug_B
SMP_00999,Danio rerio,58.81,91.6,Diseased,Control
SMP_01000,Rattus norvegicus,46.92,103.38,Healthy,Drug_B
SMP_01001,Mus musculus,51.24,77.55,Healthy,Control
SMP_01002,Rattus norvegicus,39.08,61.7,Healthy,Control
SMP_01003,Homo sapiens,76.22,98.76,Diseased,Drug_B
SMP_01004,Homo sapiens,65.6,151.45,Healthy,Stress_Condition
SMP_01005,Homo sapiens,38.9,102.47,Diseased,Control
SMP_01006,Homo sapiens,29.98,90.05,Healthy,Control
SMP_01007,Danio rerio,44.21,122.62,Healthy,Drug_B
SMP_01008,Homo sapiens,56.52,95.25,Diseased,Stress_Condition
SMP_01009,Danio rerio,53.6,156.04,Healthy,Drug_B
SMP_01010,Danio rerio,68.8,99.88,Healthy,Drug_A
SMP_01011,Homo sapiens,61.85,121.01,Healthy,Drug_B
SMP_01012,Homo sapiens,64.54,77.36,Healthy,Drug_A
SMP_01013,Mus musculus,54.9,115.09,Healthy,Control
SMP_01014,Rattus norvegicus,29.16,108.25,Diseased,Stress_Condition
SMP_01015,Homo sapiens,47.06,98.3,Diseased,Stress_Condition
SMP_01016,Mus musculus,65.9,84.95,Diseased,Drug_B
SMP_01017,Mus musculus,49.23,80.86,Diseased,Drug_A
SMP_01018,Rattus norvegicus,57.55,108.47,Diseased,Drug_B
SMP_01019,Danio rerio,45.22,118.87,Diseased,Stress_Condition
SMP_01020,Homo sapiens,34.55,96.19,Diseased,Drug_A
SMP_01021,Rattus norvegicus,48.15,108.62,Healthy,Stress_Condition
SMP_01022,Homo sapiens,54.64,98.86,Healthy,Drug_A
SMP_01023,Mus musculus,40.16,102.96,Diseased,Drug_B
SMP_01024,Mus musculus,46.46,93.99,Healthy,Control
SMP_01025,Danio rerio,35.91,100.54,Diseased,Control
SMP_01026,Mus musculus,66.79,180.94,Healthy,Drug_A
SMP_01027,Mus musculus,45.58,109.35,Healthy,Drug_A
SMP_01028,Rattus norvegicus,71.79,119.36,Diseased,Control
SMP_01029,Homo sapiens,72.93,113.14,Healthy,Drug_B
SMP_01030,Homo sapiens,48.78,92.12,Diseased,Drug_B
SMP_01031,Rattus norvegicus,34.87,138.82,Diseased,Stress_Condition
SMP_01032,Danio rerio,18.71,91.27,Diseased,Stress_Condition
SMP_01033,Homo sapiens,27.92,131.65,Healthy,Control
SMP_01034,Mus musculus,29.39,89.97,Healthy,Control
SMP_01035,Homo sapiens,70.68,71.2,Healthy,Control
SMP_01036,Mus musculus,51.74,110.96,Diseased,Drug_A
SMP_01037,Danio rerio,55.84,66.86,Healthy,Stress_Condition
SMP_01038,Rattus norvegicus,16.69,116.07,Healthy,Control
SMP_01039,Homo sapiens,32.03,64.18,Healthy,Control
SMP_01040,Rattus norvegicus,63.31,90.43,Healthy,Stress_Condition
SMP_01041,Homo sapiens,54.3,57.05,Diseased,Control
SMP_01042,Mus musculus,47.79,184.73,Healthy,Control
SMP_01043,Rattus norvegicus,58.47,50.38,Healthy,Drug_B
SMP_01044,Homo sapiens,74.54,100.29,Diseased,Stress_Condition
SMP_01045,Mus musculus,46.68,134.3,Diseased,Drug_B
SMP_01046,Rattus norvegicus,51.04,131.09,Diseased,Stress_Condition
SMP_01047,Rattus norvegicus,52.89,125.54,Diseased,Control
SMP_01048,Homo sapiens,85.88,90.48,Healthy,Drug_A
SMP_01049,Homo sapiens,18.51,140.53,Healthy,Drug_A
SMP_01050,Homo sapiens,60.25,127.4,Diseased,Drug_B
SMP_01051,Mus musculus,48.28,106.37,Diseased,Drug_A
SMP_01052,Homo sapiens,58.5,107.22,Diseased,Drug_A
SMP_01053,Rattus norvegicus,40.14,90.88,Diseased,Drug_B
SMP_01054,Rattus norvegicus,49.27,72.71,Diseased,Control
SMP_01055,Homo sapiens,60.67,137.11,Healthy,Stress_Condition
SMP_01056,Homo sapiens,96.69,139.37,Healthy,Control
SMP_01057,Danio rerio,62.12,73.48,Diseased,Drug_B
SMP_01058,Rattus norvegicus,37.28,95.39,Diseased,Control
SMP_01059,Mus musculus,43.64,95.7,Diseased,Control
SMP_01060,Danio rerio,43.2,99.02,Diseased,Drug_B
SMP_01061,Homo sapiens,23.07,101.93,Healthy,Drug_B
SMP_01062,Homo sapiens,45.05,128.41,Healthy,Drug_B
SMP_01063,Rattus norvegicus,60.99,77.58,Healthy,Drug_A
SMP_01064,Homo sapiens,30.89,74.61,Diseased,Drug_B
SMP_01065,Mus musculus,65.73,137.1,Healthy,Drug_B
SMP_01066,Rattus norvegicus,57.32,86.12,Healthy,Drug_B
SMP_01067,Homo sapiens,38.99,62.11,Diseased,Drug_B
SMP_01068,Rattus norvegicus,47.88,85.45,Healthy,Control
SMP_01069,Homo sapiens,73.97,90.1,Diseased,Drug_B
SMP_01070,Homo sapiens,61.0,146.65,Healthy,Stress_Condition
SMP_01071,Homo sapiens,50.13,127.74,Healthy,Drug_B
SMP_01072,Mus musculus,46.43,134.43,Diseased,Stress_Condition
SMP_01073,Mus musculus,51.15,124.6,Diseased,Stress_Condition
SMP_01074,Rattus norvegicus,42.32,128.39,Healthy,Drug_A
SMP_01075,Homo sapiens,18.43,79.36,Diseased,Drug_A
SMP_01076,Homo sapiens,80.63,94.04,Healthy,Control
SMP_01077,Mus musculus,52.33,70.3,Healthy,Drug_B
SMP_01078,Homo sapiens,55.97,93.69,Healthy,Drug_B
SMP_01079,Mus musculus,49.13,120.52,Diseased,Stress_Condition
SMP_01080,Homo sapiens,38.97,104.04,Healthy,Drug_B
SMP_01081,Rattus norvegicus,47.21,139.34,Healthy,Stress_Condition
SMP_01082,Homo sapiens,26.01,65.76,Diseased,Drug_A
SMP_01083,Homo sapiens,84.16,115.01,Healthy,Control
SMP_01084,Danio rerio,31.48,62.55,Healthy,Drug_A
SMP_01085,Mus musculus,34.52,102.83,Healthy,Drug_B
SMP_01086,Homo sapiens,43.4,122.21,Diseased,Stress_Condition
SMP_01087,Homo sapiens,69.32,93.56,Healthy,Drug_A
SMP_01088,Danio rerio,50.22,116.53,Diseased,Drug_B
SMP_01089,Danio rerio,31.46,71.21,Healthy,Stress_Condition
SMP_01090,Mus musculus,68.82,50.09,Healthy,Drug_B
SMP_01091,Danio rerio,60.97,116.71,Diseased,Drug_B
SMP_01092,Rattus norvegicus,58.08,152.32,Healthy,Control
SMP_01093,Danio rerio,60.74,70.12,Diseased,Drug_A
SMP_01094,Rattus norvegicus,85.92,136.67,Healthy,Drug_B
SMP_01095,Mus musculus,82.78,101.3,Healthy,Drug_B
SMP_01096,Mus musculus,39.7,59.93,Healthy,Control
SMP_01097,Mus musculus,74.36,66.05,Healthy,Control
SMP_01098,Mus musculus,55.75,100.47,Healthy,Stress_Condition
SMP_01099,Mus musculus,57.49,87.87,Healthy,Drug_B
SMP_01100,Rattus norvegicus,24.62,60.61,Healthy,Drug_B
SMP_01101,Rattus norvegicus,47.44,49.18,Healthy,Drug_B
SMP_01102,Mus musculus,37.81,74.6,Healthy,Drug_B
SMP_01103,Danio rerio,62.42,105.81,Healthy,Control
SMP_01104,Homo sapiens,66.07,99.81,Healthy,Drug_A
SMP_01105,Mus musculus,18.88,84.96,Healthy,Control
SMP_01106,Danio rerio,49.67,106.06,Healthy,Stress_Condition
SMP_01107,Homo sapiens,66.83,131.2,Diseased,Control
SMP_01108,Mus musculus,47.2,111.82,Diseased,Drug_A
SMP_01109,Mus musculus,60.94,96.36,Healthy,Drug_B
SMP_01110,Rattus norvegicus,55.27,127.84,Healthy,Stress_Condition
SMP_01111,Homo sapiens,55.12,71.2,Healthy,Stress_Condition
SMP_01112,Homo sapiens,45.93,93.25,Diseased,Drug_B
SMP_01113,Danio rerio,31.75,93.97,Healthy,Drug_A
SMP_01114,Rattus norvegicus,33.18,62.89,Healthy,Control
SMP_01115,Rattus norvegicus,60.64,87.4,Healthy,Drug_B
SMP_01116,Rattus norvegicus,50.29,37.75,Diseased,Drug_A
SMP_01117,Rattus norvegicus,47.92,157.37,Diseased,Drug_A
SMP_01118,Homo sapiens,43.64,71.88,Healthy,Drug_A
SMP_01119,Homo sapiens,45.42,147.58,Healthy,Drug_B
SMP_01120,Mus musculus,65.7,101.14,Diseased,Drug_A
SMP_01121,Mus musculus,44.97,116.95,Healthy,Stress_Condition
SMP_01122,Rattus norvegicus,29.88,85.34,Healthy,Stress_Condition
SMP_01123,Rattus norvegicus,61.15,106.24,Diseased,Control
SMP_01124,Rattus norvegicus,46.93,119.51,Healthy,Control
SMP_01125,Mus musculus,50.47,119.94,Healthy,Drug_A
SMP_01126,Danio rerio,74.11,123.24,Healthy,Drug_A
SMP_01127,Danio rerio,49.69,88.95,Diseased,Drug_A
SMP_01128,Mus musculus,54.34,85.59,Healthy,Control
SMP_01129,Mus musculus,32.32,52.17,Diseased,Stress_Condition
SMP_01130,Mus musculus,46.7,115.7,Healthy,Stress_Condition
SMP_01131,Mus musculus,59.14,132.47,Diseased,Drug_B
SMP_01132,Mus musculus,26.67,148.48,Diseased,Control
SMP_01133,Mus musculus,53.01,109.16,Healthy,Drug_A
SMP_01134,Rattus norvegicus,51.51,77.01,Healthy,Stress_Condition
SMP_01135,Rattus norvegicus,50.62,49.09,Diseased,Drug_B
SMP_01136,Rattus norvegicus,65.56,131.25,Diseased,Stress_Condition
SMP_01137,Rattus norvegicus,55.02,46.11,Healthy,Drug_B
SMP_01138,Mus musculus,72.17,89.78,Diseased,Drug_A
SMP_01139,Danio rerio,35.1,93.27,Healthy,Drug_A
SMP_01140,Homo sapiens,52.04,97.92,Healthy,Stress_Condition
SMP_01141,Mus musculus,51.27,101.07,Diseased,Control
SMP_01142,Homo sapiens,33.96,104.14,Healthy,Stress_Condition
SMP_01143,Danio rerio,64.34,27.54,Healthy,Control
SMP_01144,Rattus norvegicus,84.87,100.44,Diseased,Stress_Condition
SMP_01145,Danio rerio,49.74,33.11,Diseased,Control
SMP_01146,Mus musculus,57.58,121.97,Diseased,Drug_A
SMP_01147,Rattus norvegicus,51.27,83.35,Diseased,Drug_B
SMP_01148,Mus musculus,39.3,35.29,Diseased,Control
SMP_01149,Rattus norvegicus,22.69,75.57,Healthy,Drug_A
SMP_01150,Homo sapiens,39.41,82.9,Healthy,Drug_B
SMP_01151,Homo sapiens,29.12,135.72,Healthy,Drug_A
SMP_01152,Homo sapiens,75.56,105.9,Healthy,Drug_A
SMP_01153,Danio rerio,48.27,110.33,Diseased,Drug_A
SMP_01154,Mus musculus,44.81,135.44,Healthy,Control
SMP_01155,Danio rerio,63.34,97.12,Healthy,Drug_A
SMP_01156,Homo sapiens,33.17,122.63,Diseased,Drug_A
SMP_01157,Mus musculus,38.5,120.52,Healthy,Drug_A
SMP_01158,Homo sapiens,51.02,61.41,Healthy,Control
SMP_01159,Danio rerio,65.43,144.19,Healthy,Stress_Condition
SMP_01160,Danio rerio,57.53,57.39,Diseased,Drug_A
SMP_01161,Danio rerio,53.72,127.52,Healthy,Stress_Condition
SMP_01162,Homo sapiens,51.17,54.49,Healthy,Drug_A
SMP_01163,Mus musculus,56.0,118.04,Healthy,Control
SMP_01164,Mus musculus,53.02,155.86,Healthy,Stress_Condition
SMP_01165,Homo sapiens,34.55,93.61,Healthy,Drug_A
SMP_01166,Mus musculus,50.69,92.31,Diseased,Stress_Condition
SMP_01167,Homo sapiens,33.89,118.31,Healthy,Drug_B
SMP_01168,Mus musculus,51.22,90.12,Healthy,Stress_Condition
SMP_01169,Rattus norvegicus,42.79,154.55,Diseased,Drug_A
SMP_01170,Rattus norvegicus,88.09,105.77,Diseased,Stress_Condition
SMP_01171,Danio rerio,49.4,90.39,Healthy,Drug_A
SMP_01172,Rattus norvegicus,28.94,83.79,Healthy,Stress_Condition
SMP_01173,Rattus norvegicus,47.99,72.01,Diseased,Stress_Condition
SMP_01174,Rattus norvegicus,57.79,81.17,Healthy,Control
SMP_01175,Homo sapiens,75.1,89.48,Healthy,Control
SMP_01176,Rattus norvegicus,41.16,85.37,Healthy,Stress_Condition
SMP_01177,Rattus norvegicus,26.26,80.25,Healthy,Control
SMP_01178,Danio rerio,62.25,162.97,Diseased,Control
SMP_01179,Rattus norvegicus,29.29,69.1,Healthy,Drug_B
SMP_01180,Rattus norvegicus,43.46,104.4,Healthy,Drug_A
SMP_01181,Mus musculus,46.14,117.78,Diseased,Drug_A
SMP_01182,Danio rerio,48.96,118.9,Healthy,Drug_B
SMP_01183,Danio rerio,60.34,98.24,Healthy,Stress_Condition
SMP_01184,Danio rerio,39.75,92.78,Healthy,Control
SMP_01185,Danio rerio,45.89,113.55,Diseased,Drug_A
SMP_01186,Danio rerio,49.79,108.0,Healthy,Drug_B
SMP_01187,Danio rerio,52.24,92.23,Diseased,Drug_A
SMP_01188,Homo sapiens,51.47,53.14,Healthy,Stress_Condition
SMP_01189,Rattus norvegicus,56.54,85.96,Diseased,Drug_B
SMP_01190,Danio rerio,62.66,65.6,Diseased,Stress_Condition
SMP_01191,Rattus norvegicus,55.89,79.99,Diseased,Stress_Condition
SMP_01192,Rattus norvegicus,56.8,101.0,Healthy,Drug_B
SMP_01193,Homo sapiens,26.27,110.76,Healthy,Drug_A
SMP_01194,Danio rerio,50.75,153.41,Healthy,Control
SMP_01195,Mus musculus,57.19,83.88,Healthy,Control
SMP_01196,Homo sapiens,60.93,123.24,Healthy,Drug_B
SMP_01197,Mus musculus,39.61,109.18,Healthy,Control
SMP_01198,Rattus norvegicus,40.11,138.88,Diseased,Stress_Condition
SMP_01199,Rattus norvegicus,41.39,117.29,Diseased,Drug_A
SMP_01200,Homo sapiens,58.05,69.75,Healthy,Drug_B
SMP_01201,Homo sapiens,65.51,48.31,Healthy,Stress_Condition
SMP_01202,Mus musculus,43.89,109.34,Diseased,Stress_Condition
SMP_01203,Danio rerio,63.62,84.15,Healthy,Drug_A
SMP_01204,Mus musculus,51.85,70.59,Healthy,Drug_A
SMP_01205,Homo sapiens,48.14,61.97,Healthy,Control
SMP_01206,Mus musculus,46.83,104.83,Healthy,Drug_A
SMP_01207,Homo sapiens,61.2,145.23,Diseased,Drug_B
SMP_01208,Mus musculus,54.88,87.74,Diseased,Drug_B
SMP_01209,Homo sapiens,84.14,117.71,Healthy,Drug_A
SMP_01210,Homo sapiens,37.22,96.93,Healthy,Drug_A
SMP_01211,Homo sapiens,57.77,61.32,Healthy,Stress_Condition
SMP_01212,Danio rerio,42.06,122.04,Diseased,Drug_B
SMP_01213,Mus musculus,36.96,67.16,Diseased,Control
SMP_01214,Mus musculus,49.84,100.65,Healthy,Stress_Condition
SMP_01215,Mus musculus,52.06,89.75,Diseased,Stress_Condition
SMP_01216,Homo sapiens,93.77,126.79,Healthy,Control
SMP_01217,Mus musculus,47.24,68.26,Healthy,Control
SMP_01218,Mus musculus,33.05,111.73,Diseased,Drug_A
SMP_01219,Homo sapiens,54.1,74.81,Healthy,Drug_A
SMP_01220,Rattus norvegicus,18.88,84.67,Healthy,Stress_Condition
SMP_01221,Homo sapiens,48.62,9.06,Diseased,Drug_B
SMP_01222,Mus musculus,50.24,162.76,Healthy,Drug_B
SMP_01223,Homo sapiens,61.92,116.52,Healthy,Stress_Condition
SMP_01224,Rattus norvegicus,64.6,76.98,Healthy,Drug_B
SMP_01225,Homo sapiens,42.45,66.26,Healthy,Drug_B
SMP_01226,Mus musculus,47.74,85.13,Healthy,Control
SMP_01227,Rattus norvegicus,38.51,121.51,Healthy,Drug_A
SMP_01228,Danio rerio,33.08,43.24,Diseased,Drug_A
SMP_01229,Mus musculus,54.65,95.75,Diseased,Stress_Condition
SMP_01230,Rattus norvegicus,30.9,153.12,Healthy,Control
SMP_01231,Rattus norvegicus,43.78,65.98,Healthy,Drug_B
SMP_01232,Danio rerio,35.07,102.41,Diseased,Stress_Condition
SMP_01233,Homo sapiens,58.25,166.1,Diseased,Stress_Condition
SMP_01234,Homo sapiens,77.02,118.96,Healthy,Drug_B
SMP_01235,Mus musculus,30.48,103.78,Diseased,Drug_A
SMP_01236,Danio rerio,22.2,115.2,Healthy,Drug_B
SMP_01237,Homo sapiens,48.13,87.97,Diseased,Stress_Condition
SMP_01238,Danio rerio,50.24,138.99,Healthy,Drug_A
SMP_01239,Homo sapiens,53.28,88.02,Diseased,Stress_Condition
SMP_01240,Rattus norvegicus,43.31,41.22,Healthy,Control
SMP_01241,Homo sapiens,46.99,88.26,Diseased,Drug_A
SMP_01242,Danio rerio,55.51,71.0,Healthy,Stress_Condition
SMP_01243,Rattus norvegicus,65.61,91.56,Healthy,Stress_Condition
SMP_01244,Rattus norvegicus,20.67,92.23,Diseased,Control
SMP_01245,Rattus norvegicus,44.47,135.92,Diseased,Drug_B
SMP_01246,Danio rerio,53.21,120.86,Diseased,Drug_A
SMP_01247,Mus musculus,36.23,107.9,Healthy,Stress_Condition
SMP_01248,Mus musculus,75.97,99.91,Diseased,Stress_Condition
SMP_01249,Mus musculus,40.47,68.23,Diseased,Stress_Condition
SMP_01250,Danio rerio,49.38,34.56,Healthy,Stress_Condition
SMP_01251,Rattus norvegicus,58.34,103.39,Healthy,Drug_B
SMP_01252,Mus musculus,41.13,123.84,Diseased,Drug_B
SMP_01253,Danio rerio,22.3,96.75,Diseased,Drug_B
SMP_01254,Mus musculus,43.57,83.95,Diseased,Drug_A
SMP_01255,Homo sapiens,65.44,113.94,Diseased,Drug_B
SMP_01256,Mus musculus,44.95,97.5,Diseased,Drug_A
SMP_01257,Mus musculus,37.3,150.57,Diseased,Drug_B
SMP_01258,Rattus norvegicus,63.89,136.98,Diseased,Stress_Condition
SMP_01259,Danio rerio,45.04,128.79,Diseased,Control
SMP_01260,Rattus norvegicus,42.35,122.73,Diseased,Drug_A
SMP_01261,Rattus norvegicus,52.24,61.29,Healthy,Control
SMP_01262,Rattus norvegicus,61.56,119.89,Healthy,Control
SMP_01263,Rattus norvegicus,85.73,111.29,Healthy,Stress_Condition
SMP_01264,Rattus norvegicus,62.41,118.19,Diseased,Stress_Condition
SMP_01265,Mus musculus,67.4,114.78,Healthy,Drug_A
SMP_01266,Rattus norvegicus,42.41,113.58,Healthy,Drug_A
SMP_01267,Rattus norvegicus,34.61,181.03,Healthy,Drug_A
SMP_01268,Danio rerio,50.93,97.71,Diseased,Drug_B
SMP_01269,Homo sapiens,51.61,128.09,Diseased,Drug_B
SMP_01270,Mus musculus,33.82,85.87,Diseased,Control
SMP_01271,Mus musculus,47.37,123.72,Healthy,Drug_A
SMP_01272,Mus musculus,55.99,128.18,Healthy,Control
SMP_01273,Rattus norvegicus,55.41,110.93,Healthy,Drug_B
SMP_01274,Rattus norvegicus,57.56,150.08,Healthy,Control
SMP_01275,Rattus norvegicus,54.36,73.47,Diseased,Control
SMP_01276,Danio rerio,42.39,85.38,Healthy,Drug_A
SMP_01277,Homo sapiens,42.29,106.37,Healthy,Drug_A
SMP_01278,Rattus norvegicus,32.02,126.42,Healthy,Control
SMP_01279,Homo sapiens,76.77,105.38,Healthy,Drug_B
SMP_01280,Danio rerio,50.2,138.57,Healthy,Control
SMP_01281,Mus musculus,46.63,80.15,Healthy,Drug_B
SMP_01282,Rattus norvegicus,36.07,65.78,Healthy,Control
SMP_01283,Homo sapiens,94.03,109.24,Healthy,Control
SMP_01284,Homo sapiens,33.9,97.68,Healthy,Drug_A
SMP_01285,Rattus norvegicus,43.57,116.29,Diseased,Control
SMP_01286,Mus musculus,56.24,99.18,Diseased,Drug_B
SMP_01287,Mus musculus,59.0,89.8,Healthy,Control
SMP_01288,Mus musculus,64.37,97.75,Diseased,Control
SMP_01289,Danio rerio,77.11,100.87,Diseased,Drug_B
SMP_01290,Homo sapiens,57.59,90.85,Healthy,Control
SMP_01291,Homo sapiens,34.16,93.91,Healthy,Control
SMP_01292,Homo sapiens,46.15,87.89,Healthy,Control
SMP_01293,Danio rerio,54.62,125.7,Healthy,Control
SMP_01294,Homo sapiens,81.02,105.82,Diseased,Drug_B
SMP_01295,Danio rerio,29.03,167.7,Healthy,Stress_Condition
SMP_01296,Mus musculus,68.04,104.82,Diseased,Drug_B
SMP_01297,Rattus norvegicus,52.7,83.47,Healthy,Drug_B
SMP_01298,Homo sapiens,62.57,180.12,Diseased,Stress_Condition
SMP_01299,Homo sapiens,48.47,112.41,Diseased,Drug_B
SMP_01300,Mus musculus,37.36,129.7,Diseased,Control
SMP_01301,Rattus norvegicus,61.26,117.76,Diseased,Drug_B
SMP_01302,Danio rerio,59.82,118.69,Healthy,Control
SMP_01303,Rattus norvegicus,64.58,116.07,Diseased,Drug_A
SMP_01304,Mus musculus,49.8,66.94,Healthy,Control
SMP_01305,Mus musculus,41.0,111.03,Diseased,Control
SMP_01306,Rattus norvegicus,26.62,60.25,Healthy,Drug_B
SMP_01307,Danio rerio,62.29,94.77,Healthy,Drug_B
SMP_01308,Danio rerio,56.36,78.23,Diseased,Drug_B
SMP_01309,Homo sapiens,35.51,110.72,Healthy,Drug_A
SMP_01310,Danio rerio,41.92,110.02,Healthy,Stress_Condition
SMP_01311,Rattus norvegicus,43.0,114.43,Healthy,Control
SMP_01312,Mus musculus,27.76,108.62,Diseased,Stress_Condition
SMP_01313,Homo sapiens,37.73,81.8,Diseased,Stress_Condition
SMP_01314,Homo sapiens,32.99,92.17,Diseased,Drug_A
SMP_01315,Mus musculus,43.81,127.61,Diseased,Control
SMP_01316,Danio rerio,38.92,132.04,Healthy,Control
SMP_01317,Mus musculus,25.59,65.6,Healthy,Drug_A
SMP_01318,Danio rerio,80.34,54.07,Diseased,Drug_A
SMP_01319,Mus musculus,68.79,78.19,Diseased,Control
SMP_01320,Rattus norvegicus,38.31,131.36,Healthy,Drug_A
SMP_01321,Danio rerio,54.09,136.45,Healthy,Drug_B
SMP_01322,Rattus norvegicus,56.26,72.26,Healthy,Control
SMP_01323,Homo sapiens,67.87,109.22,Healthy,Stress_Condition
SMP_01324,Mus musculus,37.72,155.03,Healthy,Drug_B
SMP_01325,Homo sapiens,66.38,112.46,Healthy,Stress_Condition
SMP_01326,Homo sapiens,41.78,142.65,Healthy,Drug_A
SMP_01327,Homo sapiens,29.96,129.96,Healthy,Stress_Condition
SMP_01328,Homo sapiens,60.86,72.69,Diseased,Drug_B
SMP_01329,Mus musculus,69.36,94.3,Diseased,Drug_A
SMP_01330,Homo sapiens,88.82,101.04,Healthy,Drug_B
SMP_01331,Mus musculus,32.0,103.12,Healthy,Drug_A
SMP_01332,Mus musculus,60.48,127.49,Diseased,Control
SMP_01333,Rattus norvegicus,43.85,112.26,Healthy,Stress_Condition
SMP_01334,Danio rerio,61.75,11.91,Diseased,Stress_Condition
SMP_01335,Danio rerio,27.94,60.61,Healthy,Control
SMP_01336,Mus musculus,31.06,34.38,Diseased,Control
SMP_01337,Rattus norvegicus,38.36,105.26,Healthy,Stress_Condition
SMP_01338,Mus musculus,51.18,107.21,Healthy,Control
SMP_01339,Mus musculus,40.38,108.5,Diseased,Drug_A
SMP_01340,Mus musculus,59.89,71.23,Diseased,Stress_Condition
SMP_01341,Rattus norvegicus,65.4,120.22,Healthy,Drug_B
SMP_01342,Danio rerio,58.99,121.49,Diseased,Control
SMP_01343,Rattus norvegicus,74.28,62.35,Healthy,Drug_A
SMP_01344,Homo sapiens,56.24,56.02,Diseased,Stress_Condition
SMP_01345,Rattus norvegicus,31.75,100.0,Healthy,Stress_Condition
SMP_01346,Rattus norvegicus,70.45,153.75,Healthy,Drug_A
SMP_01347,Rattus norvegicus,40.92,150.99,Diseased,Control
SMP_01348,Rattus norvegicus,63.66,116.9,Healthy,Stress_Condition
SMP_01349,Danio rerio,73.61,78.1,Healthy,Control
SMP_01350,Homo sapiens,56.85,126.61,Healthy,Drug_A
SMP_01351,Danio rerio,27.56,86.43,Healthy,Drug_B
SMP_01352,Danio rerio,36.23,76.97,Diseased,Drug_A
SMP_01353,Rattus norvegicus,69.84,35.68,Healthy,Control
SMP_01354,Mus musculus,47.46,103.07,Diseased,Stress_Condition
SMP_01355,Mus musculus,51.19,81.1,Healthy,Control
SMP_01356,Danio rerio,61.38,102.89,Healthy,Control
SMP_01357,Danio rerio,60.44,31.02,Healthy,Drug_B
SMP_01358,Rattus norvegicus,54.18,105.09,Diseased,Stress_Condition
SMP_01359,Danio rerio,46.87,27.07,Healthy,Drug_B
SMP_01360,Rattus norvegicus,45.31,132.64,Healthy,Drug_B
SMP_01361,Mus musculus,62.87,115.66,Healthy,Drug_A
SMP_01362,Mus musculus,58.3,91.64,Diseased,Drug_A
SMP_01363,Homo sapiens,46.14,116.88,Healthy,Stress_Condition
SMP_01364,Mus musculus,66.23,70.66,Diseased,Drug_B
SMP_01365,Danio rerio,48.06,102.17,Healthy,Drug_B
SMP_01366,Mus musculus,37.23,123.84,Healthy,Control
SMP_01367,Rattus norvegicus,38.62,7.17,Healthy,Control
SMP_01368,Mus musculus,35.32,86.58,Healthy,Drug_A
SMP_01369,Homo sapiens,45.91,99.32,Healthy,Drug_B
SMP_01370,Mus musculus,68.51,94.11,Diseased,Stress_Condition
SMP_01371,Rattus norvegicus,37.92,143.71,Healthy,Drug_B
SMP_01372,Rattus norvegicus,52.83,66.28,Healthy,Drug_A
SMP_01373,Danio rerio,40.15,81.37,Healthy,Stress_Condition
SMP_01374,Mus musculus,46.1,42.52,Healthy,Drug_B
SMP_01375,Rattus norvegicus,27.35,145.31,Healthy,Control
SMP_01376,Homo sapiens,46.69,92.61,Diseased,Drug_B
SMP_01377,Danio rerio,47.09,86.85,Healthy,Drug_A
SMP_01378,Homo sapiens,58.1,98.43,Diseased,Drug_A
SMP_01379,Mus musculus,53.35,119.09,Healthy,Drug_B
SMP_01380,Mus musculus,32.02,110.42,Healthy,Drug_A
SMP_01381,Mus musculus,66.26,179.44,Healthy,Control
SMP_01382,Danio rerio,53.15,113.62,Healthy,Control
SMP_01383,Rattus norvegicus,52.98,86.04,Healthy,Control
SMP_01384,Danio rerio,49.86,83.16,Healthy,Drug_B
SMP_01385,Homo sapiens,42.23,88.22,Healthy,Drug_A
SMP_01386,Danio rerio,53.27,54.94,Diseased,Control
SMP_01387,Homo sapiens,57.13,101.2,Healthy,Stress_Condition
SMP_01388,Danio rerio,23.8,123.5,Diseased,Drug_A
SMP_01389,Rattus norvegicus,41.92,81.6,Healthy,Drug_A
SMP_01390,Homo sapiens,46.18,75.78,Diseased,Stress_Condition
SMP_01391,Mus musculus,53.84,145.48,Healthy,Drug_A
SMP_01392,Mus musculus,67.9,57.21,Healthy,Control
SMP_01393,Danio rerio,38.42,37.97,Diseased,Drug_A
SMP_01394,Mus musculus,42.53,65.41,Healthy,Control
SMP_01395,Homo sapiens,42.31,53.79,Healthy,Control
SMP_01396,Mus musculus,37.98,111.59,Healthy,Control
SMP_01397,Rattus norvegicus,44.79,89.18,Healthy,Drug_B
SMP_01398,Rattus norvegicus,61.56,93.41,Diseased,Drug_A
SMP_01399,Danio rerio,34.19,134.59,Diseased,Stress_Condition
SMP_01400,Homo sapiens,56.42,79.26,Diseased,Drug_B
SMP_01401,Rattus norvegicus,24.47,123.25,Diseased,Drug_B
SMP_01402,Rattus norvegicus,41.58,145.34,Healthy,Drug_B
SMP_01403,Homo sapiens,45.06,86.33,Healthy,Drug_B
SMP_01404,Mus musculus,75.12,122.11,Diseased,Control
SMP_01405,Mus musculus,45.88,92.75,Healthy,Control
SMP_01406,Danio rerio,16.98,127.72,Healthy,Stress_Condition
SMP_01407,Mus musculus,20.02,52.86,Healthy,Drug_A
SMP_01408,Homo sapiens,50.51,50.63,Diseased,Stress_Condition
SMP_01409,Rattus norvegicus,59.21,88.26,Healthy,Drug_A
SMP_01410,Mus musculus,55.63,73.33,Diseased,Control
SMP_01411,Danio rerio,52.51,84.5,Healthy,Drug_A
SMP_01412,Mus musculus,67.43,93.41,Healthy,Drug_A
SMP_01413,Homo sapiens,41.91,121.6,Diseased,Drug_B
SMP_01414,Danio rerio,63.42,87.77,Diseased,Stress_Condition
SMP_01415,Mus musculus,25.52,75.28,Healthy,Drug_B
SMP_01416,Danio rerio,36.43,89.45,Healthy,Drug_B
SMP_01417,Homo sapiens,22.89,76.93,Healthy,Drug_B
SMP_01418,Rattus norvegicus,45.88,71.98,Diseased,Drug_B
SMP_01419,Homo sapiens,49.31,51.61,Healthy,Control
SMP_01420,Homo sapiens,51.71,102.08,Healthy,Stress_Condition
SMP_01421,Homo sapiens,50.93,82.94,Diseased,Drug_B
SMP_01422,Homo sapiens,36.09,128.99,Healthy,Stress_Condition
SMP_01423,Rattus norvegicus,47.15,56.58,Healthy,Drug_B
SMP_01424,Rattus norvegicus,27.54,83.74,Diseased,Control
SMP_01425,Danio rerio,70.45,154.39,Diseased,Drug_B
SMP_01426,Mus musculus,45.45,71.81,Diseased,Drug_A
SMP_01427,Rattus norvegicus,42.67,92.9,Healthy,Control
SMP_01428,Rattus norvegicus,73.83,63.52,Diseased,Stress_Condition
SMP_01429,Mus musculus,31.37,59.55,Diseased,Drug_A
SMP_01430,Rattus norvegicus,33.12,146.42,Healthy,Drug_A
SMP_01431,Homo sapiens,33.56,105.13,Diseased,Control
SMP_01432,Homo sapiens,48.98,104.01,Healthy,Stress_Condition
SMP_01433,Mus musculus,56.47,49.11,Diseased,Control
SMP_01434,Danio rerio,61.1,110.76,Diseased,Drug_B
SMP_01435,Danio rerio,88.58,134.72,Diseased,Control
SMP_01436,Mus musculus,16.26,134.48,Healthy,Control
SMP_01437,Mus musculus,59.13,120.05,Diseased,Drug_B
SMP_01438,Homo sapiens,41.64,66.12,Healthy,Drug_B
SMP_01439,Danio rerio,41.2,109.39,Diseased,Stress_Condition
SMP_01440,Rattus norvegicus,40.7,120.03,Diseased,Control
SMP_01441,Homo sapiens,36.37,46.17,Healthy,Drug_B
SMP_01442,Mus musculus,75.27,66.36,Healthy,Stress_Condition
SMP_01443,Danio rerio,62.63,126.64,Diseased,Stress_Condition
SMP_01444,Rattus norvegicus,50.35,126.28,Healthy,Drug_B
SMP_01445,Rattus norvegicus,70.27,53.54,Diseased,Drug_B
SMP_01446,Homo sapiens,27.31,123.85,Healthy,Stress_Condition
SMP_01447,Danio rerio,30.04,102.86,Diseased,Drug_A
SMP_01448,Danio rerio,17.33,123.43,Healthy,Drug_B
SMP_01449,Mus musculus,39.51,80.96,Healthy,Drug_A
SMP_01450,Danio rerio,52.43,119.36,Diseased,Stress_Condition
SMP_01451,Danio rerio,51.54,125.31,Diseased,Control
SMP_01452,Homo sapiens,52.24,89.46,Healthy,Drug_A
SMP_01453,Danio rerio,28.83,100.53,Diseased,Drug_A
SMP_01454,Rattus norvegicus,62.05,80.54,Healthy,Drug_A
SMP_01455,Homo sapiens,53.59,149.55,Diseased,Drug_A
SMP_01456,Homo sapiens,61.0,96.39,Healthy,Drug_A
SMP_01457,Mus musculus,21.61,72.34,Healthy,Drug_A
SMP_01458,Danio rerio,54.67,78.53,Healthy,Control
SMP_01459,Mus musculus,32.18,103.8,Healthy,Control
SMP_01460,Rattus norvegicus,44.04,122.6,Diseased,Control
SMP_01461,Homo sapiens,58.02,59.93,Diseased,Drug_A
SMP_01462,Homo sapiens,51.37,155.43,Healthy,Stress_Condition
SMP_01463,Homo sapiens,37.23,109.26,Healthy,Drug_B
SMP_01464,Rattus norvegicus,50.09,113.99,Diseased,Drug_A
SMP_01465,Rattus norvegicus,27.03,97.08,Healthy,Control
SMP_01466,Mus musculus,67.25,100.58,Healthy,Stress_Condition
SMP_01467,Mus musculus,46.92,95.55,Healthy,Stress_Condition
SMP_01468,Mus musculus,66.78,130.53,Healthy,Drug_A
SMP_01469,Danio rerio,42.1,99.76,Healthy,Control
SMP_01470,Homo sapiens,42.15,123.01,Diseased,Drug_B
SMP_01471,Homo sapiens,38.54,86.98,Healthy,Drug_B
SMP_01472,Mus musculus,63.14,105.87,Diseased,Control
SMP_01473,Homo sapiens,39.36,75.88,Healthy,Control
SMP_01474,Mus musculus,59.67,136.5,Healthy,Stress_Condition
SMP_01475,Danio rerio,44.26,74.99,Healthy,Drug_A
SMP_01476,Danio rerio,20.36,90.25,Diseased,Drug_A
SMP_01477,Rattus norvegicus,41.45,90.55,Healthy,Drug_A
SMP_01478,Danio rerio,32.31,89.38,Healthy,Drug_B
SMP_01479,Mus musculus,50.51,121.67,Diseased,Drug_B
SMP_01480,Danio rerio,32.14,90.5,Healthy,Drug_B
SMP_01481,Rattus norvegicus,63.89,141.82,Diseased,Drug_A
SMP_01482,Homo sapiens,48.63,75.45,Diseased,Control
SMP_01483,Mus musculus,47.34,105.08,Healthy,Control
SMP_01484,Homo sapiens,59.84,76.73,Healthy,Drug_A
SMP_01485,Rattus norvegicus,64.46,112.63,Healthy,Drug_A
SMP_01486,Rattus norvegicus,49.7,99.52,Diseased,Control
SMP_01487,Rattus norvegicus,38.43,95.35,Healthy,Control
SMP_01488,Homo sapiens,23.39,135.65,Diseased,Drug_B
SMP_01489,Homo sapiens,39.71,80.37,Diseased,Stress_Condition
SMP_01490,Homo sapiens,40.74,117.6,Healthy,Stress_Condition
SMP_01491,Homo sapiens,51.61,76.93,Diseased,Drug_A
SMP_01492,Rattus norvegicus,44.82,103.38,Healthy,Stress_Condition
SMP_01493,Rattus norvegicus,60.32,64.13,Healthy,Stress_Condition
SMP_01494,Mus musculus,40.81,80.12,Diseased,Stress_Condition
SMP_01495,Mus musculus,49.14,97.54,Healthy,Drug_B
SMP_01496,Homo sapiens,67.76,154.44,Healthy,Drug_B
SMP_01497,Danio rerio,55.13,103.02,Diseased,Control
SMP_01498,Danio rerio,49.1,149.64,Diseased,Drug_A
SMP_01499,Rattus norvegicus,40.97,106.61,Healthy,Stress_Condition
SMP_01500,Rattus norvegicus,40.5,88.39,Diseased,Control
SMP_01501,Rattus norvegicus,37.24,146.18,Healthy,Drug_B
SMP_01502,Mus musculus,41.88,113.11,Diseased,Stress_Condition
SMP_01503,Mus musculus,61.33,80.72,Diseased,Drug_A
SMP_01504,Rattus norvegicus,46.67,114.12,Healthy,Stress_Condition
SMP_01505,Rattus norvegicus,29.75,91.22,Healthy,Drug_B
SMP_01506,Rattus norvegicus,76.52,40.33,Diseased,Stress_Condition
SMP_01507,Danio rerio,54.8,128.08,Diseased,Stress_Condition
SMP_01508,Mus musculus,28.9,132.85,Healthy,Stress_Condition
SMP_01509,Danio rerio,43.37,155.14,Healthy,Stress_Condition
SMP_01510,Danio rerio,51.66,112.66,Healthy,Drug_B
SMP_01511,Rattus norvegicus,75.57,92.54,Healthy,Control
SMP_01512,Rattus norvegicus,33.38,125.05,Diseased,Stress_Condition
SMP_01513,Homo sapiens,64.64,125.49,Healthy,Drug_A
SMP_01514,Homo sapiens,70.99,149.15,Diseased,Stress_Condition
SMP_01515,Danio rerio,40.57,98.66,Diseased,Drug_A
SMP_01516,Mus musculus,45.84,95.03,Diseased,Drug_A
SMP_01517,Rattus norvegicus,34.46,78.53,Healthy,Stress_Condition
SMP_01518,Rattus norvegicus,46.95,116.12,Diseased,Stress_Condition
SMP_01519,Danio rerio,49.45,53.55,Diseased,Drug_A
SMP_01520,Homo sapiens,59.89,123.28,Healthy,Drug_B
SMP_01521,Mus musculus,66.35,117.64,Healthy,Control
SMP_01522,Homo sapiens,38.78,117.55,Diseased,Drug_A
SMP_01523,Homo sapiens,20.49,104.15,Healthy,Drug_B
SMP_01524,Homo sapiens,49.68,145.99,Diseased,Control
SMP_01525,Homo sapiens,54.4,126.16,Healthy,Control
SMP_01526,Rattus norvegicus,53.74,81.79,Healthy,Control
SMP_01527,Rattus norvegicus,45.1,82.32,Healthy,Stress_Condition
SMP_01528,Homo sapiens,51.87,73.61,Healthy,Stress_Condition
SMP_01529,Mus musculus,72.73,116.54,Healthy,Drug_A
SMP_01530,Danio rerio,55.73,70.0,Healthy,Stress_Condition
SMP_01531,Mus musculus,44.4,132.5,Healthy,Drug_B
SMP_01532,Mus musculus,42.5,139.69,Healthy,Control
SMP_01533,Mus musculus,47.45,73.63,Healthy,Control
SMP_01534,Homo sapiens,74.55,94.43,Diseased,Control
SMP_01535,Rattus norvegicus,47.25,100.5,Healthy,Stress_Condition
SMP_01536,Mus musculus,49.7,126.52,Diseased,Stress_Condition
SMP_01537,Homo sapiens,42.77,148.28,Diseased,Stress_Condition
SMP_01538,Mus musculus,66.48,49.44,Healthy,Drug_B
SMP_01539,Mus musculus,79.4,90.45,Healthy,Stress_Condition
SMP_01540,Homo sapiens,56.76,92.02,Diseased,Stress_Condition
SMP_01541,Rattus norvegicus,51.24,57.98,Diseased,Stress_Condition
SMP_01542,Rattus norvegicus,50.55,85.45,Healthy,Drug_B
SMP_01543,Danio rerio,14.24,112.83,Diseased,Stress_Condition
SMP_01544,Homo sapiens,61.18,91.64,Healthy,Drug_A
SMP_01545,Danio rerio,52.01,53.66,Healthy,Stress_Condition
SMP_01546,Danio rerio,56.43,186.22,Healthy,Drug_A
SMP_01547,Danio rerio,39.33,107.99,Healthy,Drug_B
SMP_01548,Rattus norvegicus,44.23,103.35,Diseased,Drug_A
SMP_01549,Homo sapiens,43.83,67.06,Diseased,Drug_B
SMP_01550,Danio rerio,65.32,107.82,Diseased,Stress_Condition
SMP_01551,Homo sapiens,44.32,95.07,Healthy,Stress_Condition
SMP_01552,Homo sapiens,81.24,43.34,Healthy,Drug_A
SMP_01553,Rattus norvegicus,56.46,67.89,Healthy,Stress_Condition
SMP_01554,Danio rerio,30.86,123.85,Healthy,Drug_A
SMP_01555,Danio rerio,48.07,158.32,Healthy,Drug_B
SMP_01556,Homo sapiens,40.22,111.01,Healthy,Stress_Condition
SMP_01557,Mus musculus,17.08,133.09,Healthy,Stress_Condition
SMP_01558,Rattus norvegicus,73.99,95.33,Diseased,Stress_Condition
SMP_01559,Rattus norvegicus,60.55,97.4,Diseased,Control
SMP_01560,Rattus norvegicus,58.0,132.73,Healthy,Control
SMP_01561,Rattus norvegicus,52.48,149.88,Diseased,Drug_A
SMP_01562,Danio rerio,29.27,139.03,Healthy,Control
SMP_01563,Danio rerio,42.75,68.01,Healthy,Stress_Condition
SMP_01564,Mus musculus,62.63,97.99,Diseased,Control
SMP_01565,Rattus norvegicus,34.23,108.33,Diseased,Drug_A
SMP_01566,Rattus norvegicus,12.02,92.21,Healthy,Control
SMP_01567,Homo sapiens,46.59,111.64,Healthy,Drug_B
SMP_01568,Danio rerio,47.87,124.62,Diseased,Drug_B
SMP_01569,Rattus norvegicus,52.03,130.08,Healthy,Control
SMP_01570,Mus musculus,60.93,150.58,Healthy,Drug_B
SMP_01571,Mus musculus,59.56,90.12,Diseased,Drug_B
SMP_01572,Danio rerio,53.88,59.08,Healthy,Control
SMP_01573,Mus musculus,67.93,110.75,Healthy,Drug_B
SMP_01574,Mus musculus,27.22,156.51,Healthy,Drug_A
SMP_01575,Danio rerio,57.57,85.69,Diseased,Drug_A
SMP_01576,Rattus norvegicus,59.4,120.61,Diseased,Stress_Condition
SMP_01577,Rattus norvegicus,31.41,120.87,Healthy,Drug_A
SMP_01578,Mus musculus,27.46,105.74,Healthy,Stress_Condition
SMP_01579,Mus musculus,38.81,100.21,Healthy,Stress_Condition
SMP_01580,Rattus norvegicus,40.08,72.3,Healthy,Control
SMP_01581,Danio rerio,61.3,31.55,Healthy,Drug_B
SMP_01582,Mus musculus,40.78,66.64,Healthy,Control
SMP_01583,Homo sapiens,37.15,88.29,Healthy,Stress_Condition
SMP_01584,Danio rerio,40.83,132.92,Diseased,Control
SMP_01585,Mus musculus,66.78,96.91,Healthy,Drug_B
SMP_01586,Mus musculus,50.2,84.43,Healthy,Drug_B
SMP_01587,Homo sapiens,47.31,73.27,Healthy,Drug_B
SMP_01588,Homo sapiens,48.35,119.7,Diseased,Stress_Condition
SMP_01589,Rattus norvegicus,69.38,140.75,Healthy,Control
SMP_01590,Danio rerio,38.76,131.9,Healthy,Control
SMP_01591,Danio rerio,69.73,118.18,Diseased,Stress_Condition
SMP_01592,Rattus norvegicus,53.16,55.73,Diseased,Stress_Condition
SMP_01593,Danio rerio,47.59,89.45,Diseased,Drug_A
SMP_01594,Danio rerio,87.51,158.42,Healthy,Control
SMP_01595,Danio rerio,34.17,133.66,Healthy,Drug_B
SMP_01596,Danio rerio,44.69,53.87,Diseased,Control
SMP_01597,Danio rerio,31.51,98.33,Healthy,Drug_A
SMP_01598,Homo sapiens,64.29,110.89,Healthy,Drug_B
SMP_01599,Danio rerio,75.34,77.14,Diseased,Drug_A
SMP_01600,Homo sapiens,75.05,30.72,Diseased,Stress_Condition
SMP_01601,Danio rerio,68.36,102.96,Diseased,Stress_Condition
SMP_01602,Rattus norvegicus,47.04,76.37,Diseased,Control
SMP_01603,Mus musculus,44.52,76.48,Diseased,Stress_Condition
SMP_01604,Homo sapiens,24.93,89.36,Diseased,Stress_Condition
SMP_01605,Danio rerio,80.54,95.99,Healthy,Control
SMP_01606,Rattus norvegicus,57.03,99.73,Diseased,Drug_A
SMP_01607,Mus musculus,42.62,73.48,Healthy,Drug_A
SMP_01608,Homo sapiens,69.92,93.39,Healthy,Drug_B
SMP_01609,Mus musculus,35.41,47.28,Healthy,Drug_B
SMP_01610,Rattus norvegicus,56.1,109.33,Healthy,Drug_A
SMP_01611,Homo sapiens,47.41,14.31,Healthy,Stress_Condition
SMP_01612,Mus musculus,59.58,91.32,Healthy,Drug_B
SMP_01613,Danio rerio,49.05,127.58,Healthy,Drug_A
SMP_01614,Homo sapiens,28.24,68.22,Healthy,Stress_Condition
SMP_01615,Mus musculus,51.13,121.49,Healthy,Stress_Condition
SMP_01616,Rattus norvegicus,65.73,134.67,Healthy,Drug_A
SMP_01617,Rattus norvegicus,49.56,0.76,Healthy,Control
SMP_01618,Homo sapiens,61.63,95.46,Diseased,Drug_A
SMP_01619,Mus musculus,34.32,13.73,Healthy,Stress_Condition
SMP_01620,Homo sapiens,49.61,96.45,Healthy,Drug_B
SMP_01621,Homo sapiens,40.63,99.78,Healthy,Stress_Condition
SMP_01622,Mus musculus,61.2,25.52,Diseased,Stress_Condition
SMP_01623,Mus musculus,50.47,157.75,Diseased,Drug_A
SMP_01624,Danio rerio,60.35,108.58,Healthy,Stress_Condition
SMP_01625,Mus musculus,66.32,74.53,Diseased,Control
SMP_01626,Rattus norvegicus,60.37,143.96,Diseased,Drug_B
SMP_01627,Homo sapiens,54.1,46.13,Diseased,Drug_A
SMP_01628,Homo sapiens,35.03,63.12,Healthy,Control
SMP_01629,Rattus norvegicus,49.96,31.02,Diseased,Drug_B
SMP_01630,Mus musculus,42.0,154.03,Healthy,Control
SMP_01631,Rattus norvegicus,44.84,109.97,Diseased,Stress_Condition
SMP_01632,Rattus norvegicus,44.38,119.78,Diseased,Stress_Condition
SMP_01633,Danio rerio,35.3,109.03,Diseased,Control
SMP_01634,Rattus norvegicus,20.64,117.21,Healthy,Drug_B
SMP_01635,Homo sapiens,39.98,102.34,Diseased,Control
SMP_01636,Rattus norvegicus,52.9,108.13,Healthy,Control
SMP_01637,Homo sapiens,29.78,103.23,Healthy,Control
SMP_01638,Homo sapiens,50.24,81.74,Healthy,Drug_B
SMP_01639,Homo sapiens,78.5,98.6,Diseased,Control
SMP_01640,Mus musculus,65.35,108.21,Healthy,Stress_Condition
SMP_01641,Danio rerio,74.65,103.32,Healthy,Drug_A
SMP_01642,Homo sapiens,55.87,55.67,Healthy,Stress_Condition
SMP_01643,Homo sapiens,67.51,59.65,Diseased,Stress_Condition
SMP_01644,Mus musculus,39.14,132.49,Diseased,Control
SMP_01645,Homo sapiens,40.33,90.79,Diseased,Drug_A
SMP_01646,Rattus norvegicus,8.91,117.54,Healthy,Control
SMP_01647,Rattus norvegicus,67.79,67.24,Diseased,Drug_A
SMP_01648,Danio rerio,73.1,55.81,Diseased,Stress_Condition
SMP_01649,Homo sapiens,41.7,74.69,Diseased,Drug_B
SMP_01650,Mus musculus,46.19,93.32,Diseased,Control
SMP_01651,Rattus norvegicus,38.69,80.05,Diseased,Stress_Condition
SMP_01652,Mus musculus,55.74,138.82,Diseased,Drug_A
SMP_01653,Mus musculus,66.87,105.39,Healthy,Stress_Condition
SMP_01654,Rattus norvegicus,23.86,155.47,Healthy,Stress_Condition
SMP_01655,Mus musculus,56.14,112.13,Diseased,Stress_Condition
SMP_01656,Rattus norvegicus,45.85,27.62,Healthy,Drug_B
SMP_01657,Mus musculus,51.7,131.68,Diseased,Control
SMP_01658,Rattus norvegicus,56.88,54.71,Healthy,Control
SMP_01659,Homo sapiens,47.18,106.92,Healthy,Control
SMP_01660,Danio rerio,48.45,76.76,Healthy,Drug_B
SMP_01661,Rattus norvegicus,46.79,164.28,Diseased,Drug_B
SMP_01662,Rattus norvegicus,64.55,143.19,Diseased,Drug_A
SMP_01663,Danio rerio,56.28,77.75,Healthy,Control
SMP_01664,Rattus norvegicus,53.31,96.18,Healthy,Drug_A
SMP_01665,Rattus norvegicus,30.94,107.34,Healthy,Stress_Condition
SMP_01666,Mus musculus,44.32,125.9,Healthy,Drug_A
SMP_01667,Danio rerio,63.48,100.87,Healthy,Drug_A
SMP_01668,Homo sapiens,50.57,69.25,Diseased,Stress_Condition
SMP_01669,Rattus norvegicus,59.89,78.47,Diseased,Stress_Condition
SMP_01670,Danio rerio,76.5,99.87,Healthy,Drug_A
SMP_01671,Mus musculus,65.58,137.03,Healthy,Drug_A
SMP_01672,Homo sapiens,51.4,112.84,Diseased,Control
SMP_01673,Danio rerio,42.34,76.8,Diseased,Drug_B
SMP_01674,Homo sapiens,11.7,119.45,Diseased,Stress_Condition
SMP_01675,Homo sapiens,47.47,88.39,Healthy,Drug_A
SMP_01676,Homo sapiens,45.11,126.71,Healthy,Drug_B
SMP_01677,Rattus norvegicus,55.86,175.81,Healthy,Drug_A
SMP_01678,Rattus norvegicus,47.69,89.24,Diseased,Control
SMP_01679,Mus musculus,45.19,124.05,Diseased,Drug_A
SMP_01680,Mus musculus,23.31,77.64,Healthy,Stress_Condition
SMP_01681,Danio rerio,35.9,96.63,Diseased,Drug_A
SMP_01682,Mus musculus,57.15,100.89,Healthy,Drug_A
SMP_01683,Homo sapiens,75.74,94.19,Diseased,Stress_Condition
SMP_01684,Homo sapiens,48.54,173.89,Healthy,Control
SMP_01685,Rattus norvegicus,54.92,90.8,Healthy,Stress_Condition
SMP_01686,Homo sapiens,64.29,117.61,Healthy,Drug_A
SMP_01687,Danio rerio,37.84,42.1,Healthy,Control
SMP_01688,Homo sapiens,55.5,112.96,Diseased,Stress_Condition
SMP_01689,Homo sapiens,38.89,134.26,Healthy,Drug_B
SMP_01690,Danio rerio,62.97,84.17,Diseased,Drug_B
SMP_01691,Mus musculus,52.27,24.69,Healthy,Drug_B
SMP_01692,Mus musculus,54.48,98.84,Healthy,Stress_Condition
SMP_01693,Danio rerio,38.26,100.52,Diseased,Control
SMP_01694,Rattus norvegicus,60.61,121.72,Diseased,Stress_Condition
SMP_01695,Homo sapiens,81.27,160.33,Healthy,Drug_A
SMP_01696,Danio rerio,34.88,88.6,Diseased,Stress_Condition
SMP_01697,Homo sapiens,44.9,74.31,Diseased,Drug_B
SMP_01698,Rattus norvegicus,53.47,64.99,Healthy,Drug_B
SMP_01699,Homo sapiens,61.8,105.94,Diseased,Drug_A
SMP_01700,Danio rerio,41.61,114.38,Healthy,Stress_Condition
SMP_01701,Homo sapiens,7.5,83.63,Healthy,Drug_B
SMP_01702,Mus musculus,70.39,123.36,Diseased,Stress_Condition
SMP_01703,Rattus norvegicus,61.41,113.96,Healthy,Drug_B
SMP_01704,Rattus norvegicus,23.86,101.3,Healthy,Drug_A
SMP_01705,Rattus norvegicus,40.89,72.93,Healthy,Control
SMP_01706,Danio rerio,73.52,85.54,Diseased,Control
SMP_01707,Rattus norvegicus,71.72,27.11,Diseased,Drug_B
SMP_01708,Mus musculus,64.08,107.07,Healthy,Drug_B
SMP_01709,Danio rerio,47.36,100.79,Diseased,Stress_Condition
SMP_01710,Mus musculus,51.24,105.65,Healthy,Control
SMP_01711,Homo sapiens,48.04,115.13,Diseased,Stress_Condition
SMP_01712,Homo sapiens,66.92,111.57,Diseased,Drug_B
SMP_01713,Homo sapiens,36.86,96.69,Diseased,Control
SMP_01714,Homo sapiens,37.91,101.46,Healthy,Stress_Condition
SMP_01715,Mus musculus,65.15,57.87,Diseased,Drug_B
SMP_01716,Danio rerio,49.33,82.49,Healthy,Stress_Condition
SMP_01717,Danio rerio,70.68,101.51,Diseased,Stress_Condition
SMP_01718,Rattus norvegicus,39.93,77.92,Healthy,Drug_B
SMP_01719,Mus musculus,49.18,125.8,Healthy,Stress_Condition
SMP_01720,Homo sapiens,36.16,80.24,Healthy,Stress_Condition
SMP_01721,Mus musculus,50.11,106.49,Healthy,Control
SMP_01722,Rattus norvegicus,27.82,103.5,Healthy,Stress_Condition
SMP_01723,Rattus norvegicus,42.69,122.39,Diseased,Drug_A
SMP_01724,Mus musculus,28.46,127.02,Healthy,Drug_B
SMP_01725,Mus musculus,60.41,120.82,Healthy,Stress_Condition
SMP_01726,Mus musculus,60.75,36.82,Healthy,Drug_B
SMP_01727,Danio rerio,24.05,135.82,Diseased,Drug_A
SMP_01728,Homo sapiens,70.01,145.82,Healthy,Drug_B
SMP_01729,Mus musculus,87.46,85.54,Healthy,Drug_A
SMP_01730,Mus musculus,50.69,107.1,Healthy,Drug_A
SMP_01731,Mus musculus,40.38,73.28,Diseased,Control
SMP_01732,Rattus norvegicus,92.36,41.55,Healthy,Drug_A
SMP_01733,Rattus norvegicus,30.22,77.84,Healthy,Control
SMP_01734,Danio rerio,50.3,83.8,Diseased,Stress_Condition
SMP_01735,Homo sapiens,52.69,89.35,Healthy,Control
SMP_01736,Danio rerio,70.18,71.23,Healthy,Control
SMP_01737,Homo sapiens,55.4,78.0,Healthy,Stress_Condition
SMP_01738,Rattus norvegicus,42.52,99.67,Diseased,Drug_B
SMP_01739,Rattus norvegicus,35.73,76.89,Healthy,Drug_B
SMP_01740,Rattus norvegicus,44.87,116.31,Healthy,Stress_Condition
SMP_01741,Danio rerio,34.9,120.45,Healthy,Drug_A
SMP_01742,Mus musculus,50.72,171.41,Diseased,Control
SMP_01743,Mus musculus,41.54,133.77,Healthy,Drug_B
SMP_01744,Rattus norvegicus,27.59,107.29,Healthy,Drug_B
SMP_01745,Mus musculus,68.83,81.39,Diseased,Drug_A
SMP_01746,Mus musculus,42.53,108.81,Diseased,Drug_B
SMP_01747,Danio rerio,30.98,109.8,Diseased,Drug_B
SMP_01748,Homo sapiens,47.48,84.6,Healthy,Drug_B
SMP_01749,Rattus norvegicus,51.03,123.51,Healthy,Stress_Condition
SMP_01750,Rattus norvegicus,23.8,58.06,Healthy,Drug_B
SMP_01751,Danio rerio,54.97,92.67,Diseased,Drug_B
SMP_01752,Danio rerio,34.29,116.68,Diseased,Stress_Condition
SMP_01753,Mus musculus,75.67,91.37,Diseased,Drug_B
SMP_01754,Rattus norvegicus,57.86,93.8,Healthy,Drug_A
SMP_01755,Homo sapiens,44.0,95.87,Diseased,Control
SMP_01756,Danio rerio,38.82,74.93,Diseased,Stress_Condition
SMP_01757,Homo sapiens,48.43,135.22,Diseased,Stress_Condition
SMP_01758,Homo sapiens,59.19,69.46,Diseased,Drug_B
SMP_01759,Rattus norvegicus,49.62,109.54,Diseased,Control
SMP_01760,Rattus norvegicus,46.74,112.41,Healthy,Drug_A
SMP_01761,Danio rerio,50.88,71.54,Healthy,Drug_A
SMP_01762,Rattus norvegicus,40.94,102.19,Healthy,Control
SMP_01763,Rattus norvegicus,44.85,72.71,Healthy,Control
SMP_01764,Rattus norvegicus,18.71,141.73,Healthy,Drug_A
SMP_01765,Homo sapiens,64.61,65.84,Healthy,Drug_B
SMP_01766,Danio rerio,54.48,80.38,Diseased,Control
SMP_01767,Mus musculus,38.4,63.27,Healthy,Control
SMP_01768,Homo sapiens,78.48,59.27,Healthy,Drug_B
SMP_01769,Rattus norvegicus,51.31,147.74,Healthy,Stress_Condition
SMP_01770,Homo sapiens,34.46,116.28,Healthy,Control
SMP_01771,Rattus norvegicus,62.85,104.21,Healthy,Drug_B
SMP_01772,Rattus norvegicus,55.97,80.3,Diseased,Drug_A
SMP_01773,Homo sapiens,55.92,127.23,Healthy,Stress_Condition
SMP_01774,Danio rerio,43.61,75.27,Healthy,Control
SMP_01775,Rattus norvegicus,56.76,123.81,Healthy,Drug_B
SMP_01776,Danio rerio,46.07,73.82,Diseased,Stress_Condition
SMP_01777,Mus musculus,58.34,80.66,Diseased,Drug_B
SMP_01778,Rattus norvegicus,21.43,122.75,Healthy,Drug_A
SMP_01779,Danio rerio,43.49,125.91,Diseased,Control
SMP_01780,Danio rerio,75.83,117.92,Diseased,Drug_B
SMP_01781,Mus musculus,38.49,68.51,Healthy,Control
SMP_01782,Danio rerio,40.94,86.6,Healthy,Drug_B
SMP_01783,Danio rerio,43.28,104.71,Healthy,Control
SMP_01784,Mus musculus,31.78,74.52,Healthy,Control
SMP_01785,Rattus norvegicus,16.88,141.13,Diseased,Stress_Condition
SMP_01786,Danio rerio,46.54,27.94,Healthy,Drug_B
SMP_01787,Danio rerio,52.04,76.64,Healthy,Drug_B
SMP_01788,Danio rerio,49.21,84.71,Healthy,Control
SMP_01789,Homo sapiens,47.83,14.68,Healthy,Control
SMP_01790,Mus musculus,50.65,58.11,Diseased,Stress_Condition
SMP_01791,Homo sapiens,65.34,118.76,Healthy,Drug_A
SMP_01792,Mus musculus,47.14,100.91,Healthy,Drug_B
SMP_01793,Rattus norvegicus,41.39,147.19,Diseased,Control
SMP_01794,Rattus norvegicus,45.78,146.36,Healthy,Stress_Condition
SMP_01795,Danio rerio,58.69,112.99,Healthy,Control
SMP_01796,Mus musculus,71.18,109.4,Healthy,Drug_B
SMP_01797,Rattus norvegicus,40.58,101.98,Healthy,Stress_Condition
SMP_01798,Mus musculus,51.48,20.35,Healthy,Stress_Condition
SMP_01799,Rattus norvegicus,55.08,58.16,Healthy,Control
SMP_01800,Homo sapiens,35.11,103.02,Healthy,Control
SMP_01801,Rattus norvegicus,50.31,118.48,Healthy,Drug_A
SMP_01802,Homo sapiens,28.01,108.69,Healthy,Drug_A
SMP_01803,Rattus norvegicus,23.46,73.23,Diseased,Drug_B
SMP_01804,Danio rerio,55.5,128.12,Healthy,Drug_B
SMP_01805,Homo sapiens,44.24,144.47,Diseased,Stress_Condition
SMP_01806,Rattus norvegicus,53.03,128.14,Diseased,Drug_B
SMP_01807,Danio rerio,49.73,129.69,Healthy,Drug_A
SMP_01808,Homo sapiens,35.35,83.22,Diseased,Drug_A
SMP_01809,Danio rerio,49.32,132.28,Diseased,Drug_A
SMP_01810,Mus musculus,31.5,104.37,Healthy,Control
SMP_01811,Mus musculus,70.86,115.35,Diseased,Drug_A
SMP_01812,Homo sapiens,29.66,110.96,Healthy,Drug_A
SMP_01813,Rattus norvegicus,47.06,96.36,Healthy,Drug_B
SMP_01814,Homo sapiens,34.37,74.2,Diseased,Drug_A
SMP_01815,Danio rerio,58.56,97.54,Healthy,Drug_A
SMP_01816,Rattus norvegicus,45.03,129.6,Diseased,Control
SMP_01817,Mus musculus,42.22,86.76,Diseased,Drug_A
SMP_01818,Rattus norvegicus,62.8,126.8,Diseased,Drug_B
SMP_01819,Mus musculus,50.44,122.11,Healthy,Control
SMP_01820,Rattus norvegicus,57.75,91.03,Diseased,Stress_Condition
SMP_01821,Rattus norvegicus,35.28,141.66,Healthy,Drug_A
SMP_01822,Rattus norvegicus,28.93,89.33,Healthy,Drug_A
SMP_01823,Danio rerio,51.61,145.29,Healthy,Drug_A
SMP_01824,Danio rerio,45.22,113.02,Diseased,Stress_Condition
SMP_01825,Homo sapiens,59.4,99.52,Healthy,Control
SMP_01826,Homo sapiens,48.8,73.37,Healthy,Control
SMP_01827,Mus musculus,53.08,97.35,Healthy,Drug_A
SMP_01828,Danio rerio,25.65,93.89,Healthy,Stress_Condition
SMP_01829,Mus musculus,78.33,62.25,Diseased,Drug_B
SMP_01830,Homo sapiens,47.54,93.47,Healthy,Stress_Condition
SMP_01831,Mus musculus,60.46,75.89,Healthy,Drug_A
SMP_01832,Homo sapiens,37.46,117.58,Diseased,Stress_Condition
SMP_01833,Danio rerio,54.62,139.19,Healthy,Control
SMP_01834,Rattus norvegicus,30.46,63.19,Diseased,Control
SMP_01835,Danio rerio,56.78,151.37,Healthy,Control
SMP_01836,Mus musculus,44.66,96.14,Healthy,Drug_B
SMP_01837,Mus musculus,50.44,70.75,Healthy,Stress_Condition
SMP_01838,Danio rerio,60.47,122.73,Healthy,Drug_A
SMP_01839,Danio rerio,31.51,86.61,Diseased,Drug_A
SMP_01840,Homo sapiens,39.73,97.55,Healthy,Control
SMP_01841,Mus musculus,56.86,87.87,Diseased,Drug_A
SMP_01842,Mus musculus,81.47,75.5,Healthy,Drug_B
SMP_01843,Danio rerio,47.93,121.72,Healthy,Stress_Condition
SMP_01844,Rattus norvegicus,58.87,91.41,Diseased,Drug_B
SMP_01845,Mus musculus,48.4,56.9,Diseased,Stress_Condition
SMP_01846,Rattus norvegicus,79.13,116.53,Diseased,Stress_Condition
SMP_01847,Danio rerio,23.79,63.83,Diseased,Stress_Condition
SMP_01848,Danio rerio,51.42,65.4,Healthy,Drug_A
SMP_01849,Homo sapiens,25.62,135.78,Diseased,Drug_A
SMP_01850,Mus musculus,12.4,64.11,Healthy,Drug_A
SMP_01851,Rattus norvegicus,54.46,30.51,Healthy,Drug_A
SMP_01852,Homo sapiens,52.09,118.69,Diseased,Drug_A
SMP_01853,Mus musculus,45.73,90.88,Healthy,Drug_A
SMP_01854,Homo sapiens,48.41,93.47,Diseased,Control
SMP_01855,Danio rerio,96.47,90.56,Healthy,Control
SMP_01856,Mus musculus,46.13,106.95,Healthy,Control
SMP_01857,Homo sapiens,57.65,77.42,Healthy,Drug_B
SMP_01858,Homo sapiens,40.26,144.28,Healthy,Drug_B
SMP_01859,Rattus norvegicus,54.43,55.71,Healthy,Drug_B
SMP_01860,Homo sapiens,46.43,113.35,Healthy,Stress_Condition
SMP_01861,Mus musculus,43.84,119.26,Diseased,Stress_Condition
SMP_01862,Mus musculus,77.28,77.21,Healthy,Drug_B
SMP_01863,Rattus norvegicus,67.66,69.29,Healthy,Control
SMP_01864,Mus musculus,52.05,130.52,Diseased,Drug_A
SMP_01865,Danio rerio,15.44,70.27,Diseased,Drug_A
SMP_01866,Mus musculus,44.58,81.8,Healthy,Drug_A
SMP_01867,Mus musculus,90.55,126.62,Diseased,Stress_Condition
SMP_01868,Homo sapiens,46.54,101.04,Healthy,Drug_B
SMP_01869,Homo sapiens,66.55,46.09,Healthy,Control
SMP_01870,Mus musculus,71.63,152.41,Diseased,Drug_A
SMP_01871,Rattus norvegicus,53.28,84.1,Diseased,Drug_B
SMP_01872,Homo sapiens,37.37,87.92,Healthy,Drug_B
SMP_01873,Rattus norvegicus,13.47,107.67,Healthy,Stress_Condition
SMP_01874,Mus musculus,60.26,118.75,Healthy,Stress_Condition
SMP_01875,Mus musculus,37.78,158.83,Healthy,Stress_Condition
SMP_01876,Danio rerio,52.64,50.2,Diseased,Stress_Condition
SMP_01877,Homo sapiens,31.25,124.78,Healthy,Drug_B
SMP_01878,Mus musculus,46.02,122.29,Healthy,Stress_Condition
SMP_01879,Danio rerio,50.51,95.89,Healthy,Drug_A
SMP_01880,Homo sapiens,54.03,123.62,Diseased,Control
SMP_01881,Mus musculus,33.28,128.03,Healthy,Stress_Condition
SMP_01882,Mus musculus,67.95,58.54,Diseased,Drug_A
SMP_01883,Homo sapiens,41.05,152.49,Diseased,Control
SMP_01884,Homo sapiens,24.88,53.24,Healthy,Stress_Condition
SMP_01885,Homo sapiens,48.36,65.94,Diseased,Stress_Condition
SMP_01886,Mus musculus,50.52,92.15,Diseased,Control
SMP_01887,Mus musculus,52.41,157.75,Healthy,Drug_A
SMP_01888,Danio rerio,70.43,90.75,Healthy,Drug_A
SMP_01889,Rattus norvegicus,46.45,99.04,Diseased,Drug_B
SMP_01890,Homo sapiens,48.21,142.96,Healthy,Drug_B
SMP_01891,Mus musculus,33.45,90.99,Healthy,Stress_Condition
SMP_01892,Mus musculus,62.31,64.65,Healthy,Drug_A
SMP_01893,Homo sapiens,52.76,87.48,Diseased,Drug_A
SMP_01894,Rattus norvegicus,43.7,141.12,Healthy,Stress_Condition
SMP_01895,Homo sapiens,21.43,102.13,Healthy,Control
SMP_01896,Rattus norvegicus,71.67,157.92,Healthy,Control
SMP_01897,Mus musculus,31.58,122.14,Diseased,Drug_B
SMP_01898,Rattus norvegicus,41.13,80.66,Healthy,Stress_Condition
SMP_01899,Danio rerio,55.38,101.53,Healthy,Control
SMP_01900,Mus musculus,32.05,74.4,Healthy,Stress_Condition
SMP_01901,Danio rerio,27.6,79.95,Healthy,Drug_A
SMP_01902,Homo sapiens,18.14,234.37,Healthy,Control
SMP_01903,Homo sapiens,60.81,130.56,Diseased,Control
SMP_01904,Homo sapiens,41.82,125.83,Diseased,Control
SMP_01905,Rattus norvegicus,93.91,81.3,Diseased,Drug_A
SMP_01906,Mus musculus,35.08,147.09,Healthy,Drug_B
SMP_01907,Homo sapiens,36.18,132.98,Healthy,Stress_Condition
SMP_01908,Homo sapiens,41.52,156.45,Diseased,Control
SMP_01909,Mus musculus,53.65,154.99,Healthy,Drug_A
SMP_01910,Homo sapiens,42.95,55.63,Diseased,Control
SMP_01911,Danio rerio,59.18,66.7,Diseased,Stress_Condition
SMP_01912,Mus musculus,35.32,69.89,Diseased,Stress_Condition
SMP_01913,Mus musculus,29.28,71.68,Healthy,Control
SMP_01914,Mus musculus,23.03,109.7,Healthy,Drug_A
SMP_01915,Danio rerio,16.65,83.0,Healthy,Control
SMP_01916,Mus musculus,42.23,162.18,Diseased,Drug_A
SMP_01917,Danio rerio,45.49,157.14,Diseased,Drug_B
SMP_01918,Mus musculus,40.53,99.81,Diseased,Control
SMP_01919,Rattus norvegicus,68.65,158.66,Healthy,Drug_A
SMP_01920,Homo sapiens,68.42,144.64,Diseased,Control
SMP_01921,Rattus norvegicus,44.98,86.48,Diseased,Stress_Condition
SMP_01922,Homo sapiens,23.09,39.72,Healthy,Stress_Condition
SMP_01923,Danio rerio,41.5,93.46,Healthy,Control
SMP_01924,Rattus norvegicus,41.0,80.66,Diseased,Control
SMP_01925,Mus musculus,40.14,106.2,Healthy,Drug_A
SMP_01926,Homo sapiens,39.53,102.68,Healthy,Drug_A
SMP_01927,Homo sapiens,40.2,101.89,Healthy,Stress_Condition
SMP_01928,Rattus norvegicus,44.2,115.71,Diseased,Drug_A
SMP_01929,Danio rerio,40.47,63.62,Healthy,Stress_Condition
SMP_01930,Rattus norvegicus,53.12,112.34,Healthy,Drug_B
SMP_01931,Danio rerio,55.41,86.81,Diseased,Control
SMP_01932,Danio rerio,36.34,106.0,Diseased,Drug_A
SMP_01933,Homo sapiens,69.07,128.72,Diseased,Stress_Condition
SMP_01934,Rattus norvegicus,35.3,63.27,Healthy,Stress_Condition
SMP_01935,Rattus norvegicus,25.73,91.56,Healthy,Control
SMP_01936,Danio rerio,55.71,96.44,Diseased,Control
SMP_01937,Rattus norvegicus,37.74,84.57,Diseased,Control
SMP_01938,Mus musculus,54.82,126.99,Healthy,Drug_A
SMP_01939,Mus musculus,13.94,78.39,Healthy,Drug_B
SMP_01940,Rattus norvegicus,70.89,83.34,Healthy,Drug_B
SMP_01941,Rattus norvegicus,60.08,78.7,Diseased,Drug_B
SMP_01942,Danio rerio,27.49,132.76,Healthy,Drug_B
SMP_01943,Mus musculus,27.82,85.23,Healthy,Stress_Condition
SMP_01944,Mus musculus,75.08,113.8,Healthy,Drug_A
SMP_01945,Homo sapiens,38.94,159.27,Healthy,Drug_B
SMP_01946,Danio rerio,37.49,97.76,Healthy,Drug_B
SMP_01947,Homo sapiens,16.01,133.36,Diseased,Drug_A
SMP_01948,Mus musculus,44.74,150.14,Diseased,Drug_A
SMP_01949,Danio rerio,46.58,130.82,Healthy,Control
SMP_01950,Rattus norvegicus,60.73,99.5,Healthy,Control
SMP_01951,Danio rerio,29.01,119.26,Healthy,Drug_B
SMP_01952,Rattus norvegicus,27.2,61.38,Diseased,Stress_Condition
SMP_01953,Rattus norvegicus,56.76,76.6,Healthy,Control
SMP_01954,Danio rerio,65.1,81.86,Diseased,Drug_A
SMP_01955,Rattus norvegicus,26.43,167.22,Diseased,Control
SMP_01956,Homo sapiens,66.22,75.62,Healthy,Control
SMP_01957,Mus musculus,50.56,75.18,Diseased,Drug_A
SMP_01958,Rattus norvegicus,66.38,68.68,Diseased,Drug_B
SMP_01959,Homo sapiens,48.95,116.79,Healthy,Control
SMP_01960,Rattus norvegicus,12.17,104.28,Healthy,Control
SMP_01961,Mus musculus,47.72,132.6,Healthy,Drug_B
SMP_01962,Homo sapiens,65.9,120.14,Healthy,Control
SMP_01963,Mus musculus,36.59,58.59,Healthy,Stress_Condition
SMP_01964,Mus musculus,44.18,75.78,Healthy,Drug_B
SMP_01965,Homo sapiens,47.36,140.96,Healthy,Stress_Condition
SMP_01966,Homo sapiens,6.51,93.9,Healthy,Drug_A
SMP_01967,Homo sapiens,75.07,135.63,Diseased,Stress_Condition
SMP_01968,Danio rerio,36.48,95.51,Diseased,Drug_A
SMP_01969,Homo sapiens,57.59,70.97,Diseased,Drug_B
SMP_01970,Homo sapiens,48.7,90.9,Healthy,Drug_A
SMP_01971,Homo sapiens,68.86,70.96,Diseased,Drug_A
SMP_01972,Homo sapiens,56.09,83.03,Diseased,Drug_A
SMP_01973,Rattus norvegicus,46.48,106.03,Healthy,Drug_A
SMP_01974,Danio rerio,36.6,115.35,Diseased,Stress_Condition
SMP_01975,Mus musculus,61.97,52.29,Healthy,Drug_A
SMP_01976,Homo sapiens,21.9,99.48,Diseased,Drug_A
SMP_01977,Rattus norvegicus,59.69,82.4,Diseased,Control
SMP_01978,Rattus norvegicus,33.51,80.55,Diseased,Control
SMP_01979,Rattus norvegicus,68.78,103.98,Healthy,Control
SMP_01980,Mus musculus,52.42,83.49,Healthy,Drug_A
SMP_01981,Homo sapiens,59.66,141.46,Healthy,Control
SMP_01982,Danio rerio,51.23,135.64,Healthy,Stress_Condition
SMP_01983,Danio rerio,23.71,135.45,Healthy,Drug_B
SMP_01984,Rattus norvegicus,37.09,85.15,Healthy,Drug_B
SMP_01985,Mus musculus,60.09,71.13,Diseased,Drug_B
SMP_01986,Mus musculus,52.5,102.46,Healthy,Control
SMP_01987,Mus musculus,67.71,95.49,Diseased,Drug_A
SMP_01988,Danio rerio,56.05,81.74,Healthy,Drug_B
SMP_01989,Rattus norvegicus,35.5,64.73,Healthy,Stress_Condition
SMP_01990,Homo sapiens,38.06,98.75,Diseased,Control
SMP_01991,Danio rerio,51.54,87.88,Diseased,Control
SMP_01992,Rattus norvegicus,15.29,120.65,Healthy,Stress_Condition
SMP_01993,Rattus norvegicus,75.1,119.95,Diseased,Drug_A
SMP_01994,Homo sapiens,56.63,133.02,Healthy,Drug_A
SMP_01995,Homo sapiens,68.41,62.22,Diseased,Stress_Condition
SMP_01996,Homo sapiens,26.29,112.03,Diseased,Stress_Condition
SMP_01997,Mus musculus,68.67,78.18,Healthy,Control
SMP_01998,Homo sapiens,83.47,63.39,Diseased,Stress_Condition
SMP_01999,Rattus norvegicus,30.19,87.14,Diseased,Drug_A
SMP_02000,Homo sapiens,61.57,132.06,Diseased,Drug_A
SMP_02001,Rattus norvegicus,50.02,88.83,Diseased,Drug_A
SMP_02002,Danio rerio,26.83,146.96,Diseased,Drug_A
SMP_02003,Mus musculus,57.39,116.47,Healthy,Drug_A
SMP_02004,Danio rerio,62.5,88.18,Healthy,Control
SMP_02005,Danio rerio,40.98,134.8,Diseased,Stress_Condition
SMP_02006,Rattus norvegicus,67.49,113.36,Diseased,Stress_Condition
SMP_02007,Danio rerio,25.0,72.02,Healthy,Drug_B
SMP_02008,Rattus norvegicus,27.58,155.76,Healthy,Control
SMP_02009,Homo sapiens,52.05,107.78,Diseased,Control
SMP_02010,Homo sapiens,50.38,100.56,Healthy,Control
SMP_02011,Rattus norvegicus,39.25,74.33,Healthy,Control
SMP_02012,Homo sapiens,62.14,135.39,Healthy,Control
SMP_02013,Mus musculus,57.96,115.52,Diseased,Drug_A
SMP_02014,Danio rerio,62.87,118.88,Healthy,Drug_B
SMP_02015,Mus musculus,48.15,84.77,Healthy,Drug_A
SMP_02016,Danio rerio,59.04,125.02,Diseased,Drug_B
SMP_02017,Homo sapiens,43.32,127.35,Diseased,Control
SMP_02018,Mus musculus,80.81,79.94,Healthy,Control
SMP_02019,Homo sapiens,37.81,57.49,Healthy,Stress_Condition
SMP_02020,Danio rerio,81.58,117.44,Healthy,Control
SMP_02021,Rattus norvegicus,50.52,52.8,Diseased,Control
SMP_02022,Rattus norvegicus,29.37,104.56,Healthy,Control
SMP_02023,Mus musculus,70.52,86.58,Healthy,Control
SMP_02024,Homo sapiens,51.89,136.56,Diseased,Control
SMP_02025,Homo sapiens,62.77,88.21,Diseased,Drug_B
SMP_02026,Mus musculus,68.36,133.22,Healthy,Stress_Condition
SMP_02027,Rattus norvegicus,55.07,84.57,Healthy,Control
SMP_02028,Danio rerio,41.12,130.0,Healthy,Control
SMP_02029,Mus musculus,64.64,161.81,Healthy,Control
SMP_02030,Danio rerio,50.01,67.96,Healthy,Drug_B
SMP_02031,Rattus norvegicus,60.29,108.76,Healthy,Drug_B
SMP_02032,Homo sapiens,17.69,182.46,Healthy,Stress_Condition
SMP_02033,Rattus norvegicus,56.7,102.0,Healthy,Control
SMP_02034,Mus musculus,40.42,101.85,Diseased,Stress_Condition
SMP_02035,Homo sapiens,74.8,123.65,Diseased,Drug_A
SMP_02036,Mus musculus,59.35,101.23,Healthy,Drug_B
SMP_02037,Mus musculus,53.6,48.78,Diseased,Control
SMP_02038,Rattus norvegicus,57.29,133.97,Diseased,Drug_B
SMP_02039,Mus musculus,35.02,39.91,Diseased,Stress_Condition
SMP_02040,Rattus norvegicus,74.35,87.5,Healthy,Drug_A
SMP_02041,Homo sapiens,79.87,136.22,Healthy,Control
SMP_02042,Rattus norvegicus,55.89,89.3,Healthy,Drug_B
SMP_02043,Homo sapiens,73.86,79.19,Healthy,Drug_A
SMP_02044,Rattus norvegicus,41.46,126.38,Healthy,Stress_Condition
SMP_02045,Danio rerio,38.04,74.47,Diseased,Stress_Condition
SMP_02046,Danio rerio,50.61,63.33,Healthy,Drug_B
SMP_02047,Mus musculus,56.52,108.24,Diseased,Drug_B
SMP_02048,Rattus norvegicus,44.09,94.51,Healthy,Control
SMP_02049,Rattus norvegicus,58.07,62.69,Diseased,Stress_Condition
SMP_02050,Homo sapiens,54.6,119.11,Healthy,Control
SMP_02051,Mus musculus,35.03,113.93,Diseased,Drug_B
SMP_02052,Rattus norvegicus,57.78,89.21,Healthy,Drug_A
SMP_02053,Mus musculus,62.95,91.26,Diseased,Control
SMP_02054,Danio rerio,52.57,114.11,Healthy,Stress_Condition
SMP_02055,Rattus norvegicus,67.29,135.71,Diseased,Drug_B
SMP_02056,Rattus norvegicus,31.74,91.52,Healthy,Drug_B
SMP_02057,Mus musculus,57.02,119.64,Diseased,Control
SMP_02058,Rattus norvegicus,32.45,116.96,Diseased,Control
SMP_02059,Mus musculus,33.29,126.38,Diseased,Drug_B
SMP_02060,Rattus norvegicus,40.54,101.18,Healthy,Control
SMP_02061,Homo sapiens,35.87,72.63,Diseased,Drug_B
SMP_02062,Mus musculus,41.78,86.13,Healthy,Stress_Condition
SMP_02063,Rattus norvegicus,46.79,110.29,Healthy,Drug_A
SMP_02064,Danio rerio,62.56,154.55,Healthy,Control
SMP_02065,Rattus norvegicus,45.18,85.48,Healthy,Stress_Condition
SMP_02066,Danio rerio,26.22,124.14,Diseased,Stress_Condition
SMP_02067,Danio rerio,67.1,90.16,Healthy,Control
SMP_02068,Homo sapiens,37.44,103.31,Healthy,Stress_Condition
SMP_02069,Mus musculus,49.12,145.46,Diseased,Drug_B
SMP_02070,Rattus norvegicus,56.7,122.93,Diseased,Control
SMP_02071,Homo sapiens,52.99,62.76,Diseased,Drug_A
SMP_02072,Rattus norvegicus,66.41,82.83,Diseased,Drug_B
SMP_02073,Danio rerio,57.19,137.69,Healthy,Stress_Condition
SMP_02074,Mus musculus,37.08,104.26,Diseased,Stress_Condition
SMP_02075,Rattus norvegicus,82.68,65.53,Diseased,Drug_A
SMP_02076,Rattus norvegicus,52.92,75.43,Healthy,Drug_A
SMP_02077,Danio rerio,47.79,121.1,Healthy,Stress_Condition
SMP_02078,Rattus norvegicus,64.46,129.83,Diseased,Drug_A
SMP_02079,Rattus norvegicus,53.74,100.54,Diseased,Drug_A
SMP_02080,Danio rerio,55.99,174.26,Healthy,Stress_Condition
SMP_02081,Homo sapiens,87.38,124.72,Healthy,Drug_B
SMP_02082,Danio rerio,45.87,92.7,Diseased,Control
SMP_02083,Homo sapiens,45.23,75.53,Healthy,Stress_Condition
SMP_02084,Mus musculus,51.75,70.75,Healthy,Drug_A
SMP_02085,Homo sapiens,66.07,110.06,Diseased,Drug_A
SMP_02086,Homo sapiens,27.4,85.34,Healthy,Drug_B
SMP_02087,Mus musculus,20.52,150.21,Healthy,Stress_Condition
SMP_02088,Homo sapiens,41.19,143.99,Diseased,Stress_Condition
SMP_02089,Danio rerio,25.49,118.99,Diseased,Drug_A
SMP_02090,Homo sapiens,43.63,64.63,Diseased,Stress_Condition
SMP_02091,Mus musculus,57.54,79.83,Diseased,Drug_A
SMP_02092,Danio rerio,36.64,137.67,Diseased,Drug_A
SMP_02093,Mus musculus,28.6,83.11,Diseased,Drug_A
SMP_02094,Mus musculus,51.04,133.66,Healthy,Control
SMP_02095,Rattus norvegicus,62.94,114.24,Diseased,Drug_A
SMP_02096,Rattus norvegicus,24.58,101.55,Healthy,Drug_B
SMP_02097,Mus musculus,62.3,78.92,Diseased,Stress_Condition
SMP_02098,Mus musculus,62.26,97.17,Healthy,Control
SMP_02099,Mus musculus,64.31,105.69,Healthy,Stress_Condition
SMP_02100,Rattus norvegicus,68.28,130.98,Healthy,Drug_B
SMP_02101,Rattus norvegicus,83.03,73.43,Diseased,Control
SMP_02102,Homo sapiens,44.66,92.12,Diseased,Stress_Condition
SMP_02103,Homo sapiens,51.64,101.34,Diseased,Control
SMP_02104,Mus musculus,43.75,119.88,Healthy,Drug_A
SMP_02105,Danio rerio,50.03,72.75,Healthy,Drug_A
SMP_02106,Danio rerio,72.99,60.5,Healthy,Stress_Condition
SMP_02107,Rattus norvegicus,29.82,120.22,Healthy,Drug_B
SMP_02108,Rattus norvegicus,37.08,54.46,Diseased,Control
SMP_02109,Rattus norvegicus,70.66,138.55,Diseased,Control
SMP_02110,Mus musculus,65.3,95.32,Healthy,Stress_Condition
SMP_02111,Danio rerio,44.55,53.57,Healthy,Drug_A
SMP_02112,Homo sapiens,62.82,85.59,Healthy,Control
SMP_02113,Mus musculus,55.12,111.37,Healthy,Drug_A
SMP_02114,Homo sapiens,72.5,84.02,Diseased,Drug_A
SMP_02115,Homo sapiens,51.12,100.6,Diseased,Drug_B
SMP_02116,Mus musculus,65.38,122.2,Diseased,Drug_A
SMP_02117,Homo sapiens,89.63,93.93,Healthy,Drug_A
SMP_02118,Danio rerio,58.97,71.89,Healthy,Control
SMP_02119,Homo sapiens,50.74,91.03,Healthy,Drug_B
SMP_02120,Danio rerio,60.84,142.45,Healthy,Drug_B
SMP_02121,Danio rerio,44.52,150.55,Diseased,Stress_Condition
SMP_02122,Danio rerio,85.82,39.4,Diseased,Stress_Condition
SMP_02123,Rattus norvegicus,52.7,132.73,Diseased,Stress_Condition
SMP_02124,Homo sapiens,45.91,107.5,Healthy,Drug_B
SMP_02125,Mus musculus,37.46,127.72,Diseased,Drug_A
SMP_02126,Mus musculus,66.46,83.49,Healthy,Drug_B
SMP_02127,Homo sapiens,63.01,46.95,Healthy,Drug_A
SMP_02128,Rattus norvegicus,42.54,117.53,Healthy,Stress_Condition
SMP_02129,Rattus norvegicus,58.65,71.77,Healthy,Stress_Condition
SMP_02130,Danio rerio,27.37,58.35,Diseased,Drug_A
SMP_02131,Homo sapiens,52.77,60.45,Diseased,Drug_A
SMP_02132,Homo sapiens,56.79,118.03,Healthy,Stress_Condition
SMP_02133,Mus musculus,75.61,104.18,Healthy,Drug_A
SMP_02134,Homo sapiens,38.44,123.47,Healthy,Drug_B
SMP_02135,Rattus norvegicus,30.82,120.07,Healthy,Stress_Condition
SMP_02136,Homo sapiens,36.57,87.37,Healthy,Drug_B
SMP_02137,Mus musculus,29.95,97.89,Diseased,Stress_Condition
SMP_02138,Danio rerio,70.05,84.66,Healthy,Control
SMP_02139,Mus musculus,73.23,93.69,Diseased,Drug_B
SMP_02140,Mus musculus,54.8,70.98,Healthy,Control
SMP_02141,Danio rerio,68.32,111.71,Healthy,Stress_Condition
SMP_02142,Mus musculus,52.01,132.25,Healthy,Drug_B
SMP_02143,Mus musculus,48.57,75.5,Diseased,Drug_B
SMP_02144,Homo sapiens,45.0,138.44,Healthy,Drug_B
SMP_02145,Homo sapiens,45.34,103.41,Healthy,Drug_A
SMP_02146,Danio rerio,26.78,107.23,Diseased,Drug_B
SMP_02147,Homo sapiens,53.96,49.02,Healthy,Drug_B
SMP_02148,Homo sapiens,49.39,45.78,Diseased,Control
SMP_02149,Mus musculus,61.18,104.32,Healthy,Drug_B
SMP_02150,Rattus norvegicus,51.4,123.69,Diseased,Drug_A
SMP_02151,Homo sapiens,47.56,79.86,Healthy,Drug_B
SMP_02152,Rattus norvegicus,36.93,150.1,Healthy,Control
SMP_02153,Homo sapiens,51.08,122.05,Healthy,Drug_B
SMP_02154,Homo sapiens,61.07,72.75,Healthy,Drug_B
SMP_02155,Danio rerio,32.85,100.93,Diseased,Control
SMP_02156,Danio rerio,51.31,174.31,Diseased,Stress_Condition
SMP_02157,Danio rerio,53.5,62.72,Healthy,Drug_B
SMP_02158,Rattus norvegicus,39.23,115.85,Healthy,Stress_Condition
SMP_02159,Mus musculus,41.18,90.32,Healthy,Control
SMP_02160,Homo sapiens,53.46,121.21,Diseased,Control
SMP_02161,Homo sapiens,33.0,138.02,Healthy,Stress_Condition
SMP_02162,Homo sapiens,55.25,88.41,Healthy,Drug_A
SMP_02163,Rattus norvegicus,36.57,133.57,Diseased,Drug_A
SMP_02164,Danio rerio,65.94,166.64,Healthy,Control
SMP_02165,Mus musculus,85.07,101.99,Healthy,Drug_A
SMP_02166,Rattus norvegicus,37.09,123.55,Healthy,Drug_A
SMP_02167,Danio rerio,58.01,82.29,Diseased,Control
SMP_02168,Rattus norvegicus,39.1,100.58,Healthy,Drug_B
SMP_02169,Mus musculus,65.61,94.7,Diseased,Drug_B
SMP_02170,Danio rerio,31.02,123.91,Healthy,Drug_B
SMP_02171,Rattus norvegicus,57.21,136.14,Healthy,Drug_A
SMP_02172,Mus musculus,36.91,96.71,Diseased,Stress_Condition
SMP_02173,Homo sapiens,46.9,146.01,Healthy,Drug_A
SMP_02174,Mus musculus,34.53,145.9,Healthy,Drug_B
SMP_02175,Homo sapiens,62.34,125.41,Healthy,Control
SMP_02176,Rattus norvegicus,37.45,84.52,Healthy,Control
SMP_02177,Danio rerio,58.28,81.65,Diseased,Control
SMP_02178,Danio rerio,44.84,75.63,Healthy,Drug_A
SMP_02179,Rattus norvegicus,48.28,128.47,Diseased,Stress_Condition
SMP_02180,Danio rerio,52.22,63.65,Diseased,Drug_B
SMP_02181,Danio rerio,38.57,120.31,Diseased,Control
SMP_02182,Homo sapiens,53.16,67.57,Diseased,Drug_B
SMP_02183,Rattus norvegicus,72.96,124.71,Diseased,Drug_B
SMP_02184,Mus musculus,38.33,100.52,Healthy,Drug_A
SMP_02185,Homo sapiens,67.58,140.01,Healthy,Control
SMP_02186,Rattus norvegicus,72.47,134.24,Healthy,Drug_A
SMP_02187,Homo sapiens,37.76,143.05,Diseased,Drug_B
SMP_02188,Mus musculus,28.17,143.82,Diseased,Drug_B
SMP_02189,Mus musculus,54.53,104.31,Healthy,Drug_B
SMP_02190,Rattus norvegicus,41.79,65.24,Diseased,Control
SMP_02191,Mus musculus,78.03,68.42,Healthy,Control
SMP_02192,Homo sapiens,50.52,37.39,Healthy,Control
SMP_02193,Mus musculus,37.97,67.49,Healthy,Drug_B
SMP_02194,Homo sapiens,32.79,102.06,Healthy,Drug_B
SMP_02195,Homo sapiens,66.35,83.21,Diseased,Stress_Condition
SMP_02196,Mus musculus,41.43,94.6,Healthy,Control
SMP_02197,Rattus norvegicus,50.66,114.78,Healthy,Drug_B
SMP_02198,Danio rerio,64.34,90.88,Diseased,Drug_B
SMP_02199,Mus musculus,42.74,66.35,Diseased,Stress_Condition
SMP_02200,Homo sapiens,49.31,98.4,Healthy,Stress_Condition
SMP_02201,Homo sapiens,49.75,73.05,Healthy,Drug_B
SMP_02202,Mus musculus,60.25,91.88,Healthy,Control
SMP_02203,Rattus norvegicus,58.86,140.28,Diseased,Drug_A
SMP_02204,Rattus norvegicus,46.7,91.88,Diseased,Drug_A
SMP_02205,Homo sapiens,50.95,153.13,Diseased,Drug_A
SMP_02206,Homo sapiens,44.42,142.95,Healthy,Control
SMP_02207,Rattus norvegicus,27.84,82.62,Healthy,Drug_B
SMP_02208,Danio rerio,53.86,66.67,Healthy,Drug_A
SMP_02209,Mus musculus,78.38,98.42,Healthy,Drug_A
SMP_02210,Homo sapiens,36.74,134.6,Healthy,Control
SMP_02211,Homo sapiens,38.4,85.29,Diseased,Drug_B
SMP_02212,Rattus norvegicus,36.94,127.24,Healthy,Drug_B
SMP_02213,Mus musculus,60.87,136.25,Healthy,Control
SMP_02214,Rattus norvegicus,56.73,76.78,Diseased,Drug_A
SMP_02215,Mus musculus,47.62,79.72,Healthy,Drug_B
SMP_02216,Mus musculus,36.23,121.38,Diseased,Drug_B
SMP_02217,Mus musculus,51.39,104.56,Healthy,Drug_A
SMP_02218,Homo sapiens,26.53,79.42,Healthy,Control
SMP_02219,Danio rerio,52.15,89.43,Healthy,Drug_A
SMP_02220,Rattus norvegicus,63.07,97.88,Diseased,Stress_Condition
SMP_02221,Danio rerio,31.23,53.05,Diseased,Drug_B
SMP_02222,Rattus norvegicus,27.01,122.97,Healthy,Control
SMP_02223,Mus musculus,73.69,85.64,Healthy,Drug_A
SMP_02224,Homo sapiens,40.82,16.49,Diseased,Drug_A
SMP_02225,Danio rerio,67.04,99.28,Healthy,Control
SMP_02226,Homo sapiens,47.69,77.75,Diseased,Drug_B
SMP_02227,Rattus norvegicus,47.57,150.66,Diseased,Control
SMP_02228,Homo sapiens,56.58,82.44,Diseased,Stress_Condition
SMP_02229,Homo sapiens,36.74,67.07,Diseased,Control
SMP_02230,Danio rerio,51.99,115.24,Healthy,Stress_Condition
SMP_02231,Mus musculus,44.28,80.19,Healthy,Drug_B
SMP_02232,Homo sapiens,30.19,76.62,Healthy,Drug_A
SMP_02233,Mus musculus,55.06,115.29,Healthy,Stress_Condition
SMP_02234,Rattus norvegicus,46.05,68.79,Diseased,Stress_Condition
SMP_02235,Homo sapiens,47.64,56.28,Healthy,Control
SMP_02236,Danio rerio,31.85,151.78,Diseased,Control
SMP_02237,Rattus norvegicus,73.87,117.38,Diseased,Drug_A
SMP_02238,Rattus norvegicus,63.15,92.07,Healthy,Drug_B
SMP_02239,Danio rerio,64.46,99.9,Healthy,Stress_Condition
SMP_02240,Homo sapiens,45.42,115.18,Healthy,Drug_A
SMP_02241,Homo sapiens,24.06,129.2,Healthy,Stress_Condition
SMP_02242,Rattus norvegicus,79.29,77.32,Healthy,Drug_A
SMP_02243,Homo sapiens,49.08,110.98,Healthy,Control
SMP_02244,Mus musculus,38.77,84.8,Healthy,Control
SMP_02245,Danio rerio,56.25,94.33,Diseased,Drug_B
SMP_02246,Mus musculus,67.51,104.82,Healthy,Control
SMP_02247,Homo sapiens,49.65,99.8,Healthy,Drug_A
SMP_02248,Rattus norvegicus,69.18,122.07,Diseased,Stress_Condition
SMP_02249,Danio rerio,66.24,114.61,Healthy,Drug_A
SMP_02250,Homo sapiens,33.85,54.75,Healthy,Drug_B
SMP_02251,Homo sapiens,39.89,59.27,Diseased,Control
SMP_02252,Rattus norvegicus,64.36,88.91,Diseased,Control
SMP_02253,Rattus norvegicus,9.31,154.86,Diseased,Stress_Condition
SMP_02254,Mus musculus,47.76,74.45,Healthy,Drug_B
SMP_02255,Danio rerio,28.54,93.75,Healthy,Drug_B
SMP_02256,Danio rerio,42.85,83.91,Healthy,Control
SMP_02257,Rattus norvegicus,45.52,83.38,Diseased,Drug_B
SMP_02258,Mus musculus,44.63,105.35,Healthy,Drug_A
SMP_02259,Danio rerio,41.72,142.02,Healthy,Drug_B
SMP_02260,Rattus norvegicus,33.54,113.68,Diseased,Drug_A
SMP_02261,Homo sapiens,84.38,75.89,Diseased,Drug_A
SMP_02262,Danio rerio,78.01,182.6,Diseased,Drug_A
SMP_02263,Mus musculus,32.57,102.36,Healthy,Control
SMP_02264,Mus musculus,73.73,82.68,Healthy,Drug_A
SMP_02265,Mus musculus,44.01,142.36,Diseased,Stress_Condition
SMP_02266,Homo sapiens,51.94,85.93,Healthy,Drug_B
SMP_02267,Danio rerio,49.05,149.89,Healthy,Drug_A
SMP_02268,Danio rerio,40.1,73.88,Healthy,Stress_Condition
SMP_02269,Homo sapiens,64.76,142.9,Diseased,Control
SMP_02270,Danio rerio,51.89,106.03,Healthy,Control
SMP_02271,Homo sapiens,42.85,138.73,Diseased,Control
SMP_02272,Homo sapiens,30.43,157.05,Healthy,Control
SMP_02273,Homo sapiens,36.6,66.02,Healthy,Drug_B
SMP_02274,Mus musculus,25.38,138.27,Diseased,Control
SMP_02275,Danio rerio,50.18,57.73,Healthy,Drug_B
SMP_02276,Homo sapiens,32.05,68.58,Diseased,Stress_Condition
SMP_02277,Danio rerio,46.02,75.9,Healthy,Control
SMP_02278,Mus musculus,70.55,115.11,Healthy,Control
SMP_02279,Homo sapiens,67.99,100.99,Diseased,Stress_Condition
SMP_02280,Rattus norvegicus,49.52,94.99,Diseased,Stress_Condition
SMP_02281,Mus musculus,48.69,104.39,Diseased,Drug_B
SMP_02282,Rattus norvegicus,78.2,117.74,Healthy,Drug_A
SMP_02283,Danio rerio,57.81,120.05,Healthy,Drug_B
SMP_02284,Danio rerio,45.08,132.83,Diseased,Drug_A
SMP_02285,Mus musculus,28.61,154.6,Healthy,Drug_B
SMP_02286,Danio rerio,55.91,99.36,Diseased,Drug_A
SMP_02287,Rattus norvegicus,62.44,84.37,Healthy,Control
SMP_02288,Homo sapiens,40.53,118.41,Diseased,Drug_A
SMP_02289,Homo sapiens,54.37,65.67,Diseased,Stress_Condition
SMP_02290,Homo sapiens,44.55,79.64,Healthy,Stress_Condition
SMP_02291,Mus musculus,47.24,129.98,Diseased,Drug_A
SMP_02292,Danio rerio,12.68,96.28,Healthy,Control
SMP_02293,Rattus norvegicus,46.67,63.75,Healthy,Control
SMP_02294,Danio rerio,64.54,55.31,Healthy,Drug_A
SMP_02295,Danio rerio,40.53,101.46,Healthy,Drug_A
SMP_02296,Danio rerio,50.79,134.26,Healthy,Stress_Condition
SMP_02297,Homo sapiens,38.66,133.86,Healthy,Stress_Condition
SMP_02298,Rattus norvegicus,55.41,103.33,Healthy,Drug_B
SMP_02299,Rattus norvegicus,46.75,160.27,Healthy,Control
SMP_02300,Danio rerio,35.91,96.86,Healthy,Control
SMP_02301,Homo sapiens,69.99,95.84,Healthy,Control
SMP_02302,Homo sapiens,63.93,22.98,Diseased,Drug_B
SMP_02303,Rattus norvegicus,40.93,86.58,Diseased,Drug_B
SMP_02304,Homo sapiens,57.47,125.56,Diseased,Stress_Condition
SMP_02305,Homo sapiens,58.06,146.92,Healthy,Stress_Condition
SMP_02306,Homo sapiens,59.63,75.09,Healthy,Drug_A
SMP_02307,Mus musculus,24.59,113.87,Diseased,Drug_B
SMP_02308,Danio rerio,65.1,131.41,Diseased,Drug_B
SMP_02309,Rattus norvegicus,41.45,100.34,Healthy,Drug_B
SMP_02310,Rattus norvegicus,44.63,31.5,Diseased,Control
SMP_02311,Mus musculus,89.57,107.42,Healthy,Stress_Condition
SMP_02312,Danio rerio,54.53,122.84,Healthy,Drug_A
SMP_02313,Rattus norvegicus,44.21,71.58,Diseased,Drug_B
SMP_02314,Homo sapiens,16.92,92.38,Healthy,Drug_B
SMP_02315,Rattus norvegicus,70.85,65.34,Healthy,Drug_B
SMP_02316,Homo sapiens,29.82,22.9,Healthy,Control
SMP_02317,Mus musculus,34.95,130.81,Healthy,Drug_A
SMP_02318,Homo sapiens,45.03,99.89,Healthy,Drug_A
SMP_02319,Rattus norvegicus,71.25,147.93,Healthy,Drug_B
SMP_02320,Rattus norvegicus,61.6,125.72,Diseased,Drug_A
SMP_02321,Rattus norvegicus,47.63,89.37,Diseased,Control
SMP_02322,Mus musculus,54.62,97.5,Healthy,Drug_B
SMP_02323,Mus musculus,40.99,116.99,Healthy,Stress_Condition
SMP_02324,Danio rerio,52.09,129.01,Healthy,Stress_Condition
SMP_02325,Rattus norvegicus,51.1,109.68,Diseased,Drug_A
SMP_02326,Homo sapiens,64.53,133.17,Healthy,Stress_Condition
SMP_02327,Mus musculus,64.51,91.1,Healthy,Stress_Condition
SMP_02328,Rattus norvegicus,57.41,70.09,Healthy,Drug_B
SMP_02329,Rattus norvegicus,44.56,98.06,Healthy,Control
SMP_02330,Mus musculus,61.13,106.16,Diseased,Drug_B
SMP_02331,Danio rerio,48.62,63.95,Diseased,Control
SMP_02332,Mus musculus,33.77,59.9,Diseased,Drug_B
SMP_02333,Mus musculus,43.95,113.42,Healthy,Stress_Condition
SMP_02334,Homo sapiens,51.27,87.81,Diseased,Drug_B
SMP_02335,Homo sapiens,63.65,95.02,Healthy,Drug_A
SMP_02336,Danio rerio,47.25,89.21,Healthy,Drug_A
SMP_02337,Rattus norvegicus,31.86,145.62,Healthy,Control
SMP_02338,Mus musculus,50.85,137.85,Healthy,Control
SMP_02339,Danio rerio,51.7,62.88,Healthy,Control
SMP_02340,Homo sapiens,52.79,84.02,Diseased,Drug_A
SMP_02341,Mus musculus,63.8,125.5,Healthy,Drug_B
SMP_02342,Rattus norvegicus,65.28,118.06,Healthy,Stress_Condition
SMP_02343,Homo sapiens,41.09,98.76,Diseased,Control
SMP_02344,Homo sapiens,40.76,65.87,Healthy,Drug_B
SMP_02345,Homo sapiens,34.4,79.52,Diseased,Drug_B
SMP_02346,Danio rerio,60.48,84.5,Diseased,Drug_A
SMP_02347,Rattus norvegicus,71.73,108.31,Healthy,Drug_A
SMP_02348,Mus musculus,45.27,151.11,Healthy,Stress_Condition
SMP_02349,Danio rerio,46.38,79.39,Diseased,Drug_B
SMP_02350,Danio rerio,72.0,69.22,Diseased,Control
SMP_02351,Danio rerio,57.58,96.74,Healthy,Drug_A
SMP_02352,Homo sapiens,56.54,130.95,Healthy,Drug_B
SMP_02353,Rattus norvegicus,32.14,56.59,Healthy,Drug_A
SMP_02354,Danio rerio,60.18,143.61,Diseased,Drug_B
SMP_02355,Mus musculus,36.06,94.84,Healthy,Drug_A
SMP_02356,Rattus norvegicus,32.99,77.97,Diseased,Control
SMP_02357,Mus musculus,44.8,51.99,Diseased,Stress_Condition
SMP_02358,Rattus norvegicus,41.21,121.2,Diseased,Control
SMP_02359,Mus musculus,46.68,94.86,Diseased,Drug_A
SMP_02360,Homo sapiens,28.39,105.12,Healthy,Drug_A
SMP_02361,Danio rerio,64.38,72.98,Healthy,Drug_A
SMP_02362,Mus musculus,66.92,90.43,Healthy,Control
SMP_02363,Rattus norvegicus,20.79,85.4,Healthy,Drug_A
SMP_02364,Danio rerio,64.68,96.98,Healthy,Control
SMP_02365,Danio rerio,37.84,79.91,Diseased,Drug_A
SMP_02366,Rattus norvegicus,62.85,53.97,Healthy,Stress_Condition
SMP_02367,Mus musculus,48.97,181.85,Diseased,Stress_Condition
SMP_02368,Homo sapiens,50.43,59.1,Healthy,Drug_A
SMP_02369,Homo sapiens,47.22,105.44,Healthy,Drug_B
SMP_02370,Mus musculus,68.18,46.84,Healthy,Control
SMP_02371,Danio rerio,31.41,40.09,Diseased,Drug_A
SMP_02372,Danio rerio,59.12,102.93,Diseased,Control
SMP_02373,Danio rerio,66.52,105.23,Healthy,Drug_B
SMP_02374,Danio rerio,60.75,137.84,Healthy,Stress_Condition
SMP_02375,Mus musculus,84.87,111.99,Diseased,Control
SMP_02376,Danio rerio,42.07,95.51,Healthy,Control
SMP_02377,Rattus norvegicus,64.36,71.51,Healthy,Control
SMP_02378,Danio rerio,48.41,144.97,Healthy,Control
SMP_02379,Homo sapiens,68.5,127.87,Healthy,Control
SMP_02380,Danio rerio,49.88,62.61,Healthy,Stress_Condition
SMP_02381,Mus musculus,44.18,101.14,Healthy,Control
SMP_02382,Homo sapiens,69.59,104.32,Diseased,Control
SMP_02383,Mus musculus,42.63,89.63,Healthy,Stress_Condition
SMP_02384,Mus musculus,28.81,123.16,Diseased,Drug_A
SMP_02385,Homo sapiens,42.25,124.95,Healthy,Drug_A
SMP_02386,Mus musculus,59.29,94.29,Healthy,Control
SMP_02387,Mus musculus,70.88,91.57,Healthy,Stress_Condition
SMP_02388,Danio rerio,51.67,144.97,Diseased,Control
SMP_02389,Rattus norvegicus,69.77,127.99,Healthy,Drug_A
SMP_02390,Mus musculus,29.63,102.17,Healthy,Stress_Condition
SMP_02391,Mus musculus,43.35,51.12,Healthy,Drug_B
SMP_02392,Mus musculus,45.67,110.32,Diseased,Stress_Condition
SMP_02393,Danio rerio,48.28,120.94,Healthy,Drug_A
SMP_02394,Rattus norvegicus,51.26,17.36,Healthy,Stress_Condition
SMP_02395,Homo sapiens,60.36,107.56,Healthy,Drug_B
SMP_02396,Danio rerio,43.33,87.5,Diseased,Stress_Condition
SMP_02397,Danio rerio,52.09,93.37,Healthy,Control
SMP_02398,Rattus norvegicus,49.32,72.78,Diseased,Control
SMP_02399,Rattus norvegicus,36.11,95.55,Diseased,Drug_A
SMP_02400,Danio rerio,48.29,141.76,Diseased,Stress_Condition
SMP_02401,Homo sapiens,47.85,86.61,Healthy,Drug_A
SMP_02402,Danio rerio,47.52,128.97,Healthy,Stress_Condition
SMP_02403,Rattus norvegicus,50.48,75.81,Diseased,Drug_A
SMP_02404,Homo sapiens,51.14,122.76,Healthy,Stress_Condition
SMP_02405,Rattus norvegicus,43.52,100.05,Healthy,Control
SMP_02406,Homo sapiens,69.09,110.56,Healthy,Drug_A
SMP_02407,Mus musculus,32.46,100.21,Diseased,Drug_A
SMP_02408,Rattus norvegicus,39.19,119.25,Healthy,Drug_B
SMP_02409,Rattus norvegicus,91.7,22.97,Healthy,Stress_Condition
SMP_02410,Danio rerio,34.43,57.41,Diseased,Control
SMP_02411,Rattus norvegicus,29.69,112.51,Healthy,Control
SMP_02412,Rattus norvegicus,61.02,38.69,Diseased,Control
SMP_02413,Mus musculus,18.84,84.08,Healthy,Drug_A
SMP_02414,Rattus norvegicus,46.47,98.37,Diseased,Control
SMP_02415,Mus musculus,82.19,75.16,Healthy,Drug_A
SMP_02416,Mus musculus,26.83,79.25,Diseased,Drug_B
SMP_02417,Mus musculus,20.27,108.15,Diseased,Control
SMP_02418,Mus musculus,27.51,130.28,Diseased,Drug_B
SMP_02419,Homo sapiens,63.48,71.25,Diseased,Stress_Condition
SMP_02420,Danio rerio,66.87,82.75,Healthy,Stress_Condition
SMP_02421,Homo sapiens,42.31,78.06,Diseased,Drug_B
SMP_02422,Rattus norvegicus,60.25,27.36,Diseased,Stress_Condition
SMP_02423,Homo sapiens,70.85,104.25,Diseased,Control
SMP_02424,Homo sapiens,76.81,128.04,Diseased,Control
SMP_02425,Rattus norvegicus,46.3,130.5,Healthy,Drug_A
SMP_02426,Rattus norvegicus,15.48,73.88,Diseased,Drug_B
SMP_02427,Rattus norvegicus,37.69,62.45,Healthy,Drug_B
SMP_02428,Homo sapiens,43.6,100.65,Diseased,Drug_A
SMP_02429,Homo sapiens,46.12,124.88,Healthy,Control
SMP_02430,Rattus norvegicus,47.18,104.65,Healthy,Drug_B
SMP_02431,Danio rerio,66.78,108.68,Diseased,Drug_A
SMP_02432,Danio rerio,69.12,134.25,Diseased,Drug_B
SMP_02433,Mus musculus,47.42,77.83,Diseased,Drug_B
SMP_02434,Rattus norvegicus,66.48,93.4,Diseased,Drug_A
SMP_02435,Mus musculus,55.36,149.04,Diseased,Drug_B
SMP_02436,Danio rerio,50.97,94.1,Diseased,Stress_Condition
SMP_02437,Mus musculus,63.6,61.98,Healthy,Drug_A
SMP_02438,Rattus norvegicus,51.08,79.92,Diseased,Drug_A
SMP_02439,Rattus norvegicus,80.87,71.85,Diseased,Stress_Condition
SMP_02440,Rattus norvegicus,28.42,110.71,Diseased,Drug_B
SMP_02441,Homo sapiens,42.27,73.12,Diseased,Stress_Condition
SMP_02442,Mus musculus,48.1,108.13,Healthy,Drug_B
SMP_02443,Danio rerio,56.59,77.92,Healthy,Control
SMP_02444,Danio rerio,69.02,36.3,Diseased,Stress_Condition
SMP_02445,Danio rerio,49.63,109.2,Healthy,Stress_Condition
SMP_02446,Homo sapiens,28.67,104.45,Diseased,Stress_Condition
SMP_02447,Homo sapiens,62.64,115.53,Healthy,Control
SMP_02448,Rattus norvegicus,61.32,79.81,Diseased,Drug_B
SMP_02449,Danio rerio,20.87,76.61,Diseased,Control
SMP_02450,Homo sapiens,49.94,112.04,Diseased,Stress_Condition
SMP_02451,Rattus norvegicus,26.15,145.57,Healthy,Control
SMP_02452,Danio rerio,40.03,100.34,Healthy,Stress_Condition
SMP_02453,Mus musculus,36.46,112.74,Diseased,Drug_A
SMP_02454,Rattus norvegicus,62.14,90.35,Diseased,Drug_B
SMP_02455,Homo sapiens,51.75,53.69,Healthy,Stress_Condition
SMP_02456,Homo sapiens,30.72,129.02,Healthy,Control
SMP_02457,Rattus norvegicus,63.2,127.25,Healthy,Control
SMP_02458,Rattus norvegicus,28.49,121.32,Diseased,Control
SMP_02459,Homo sapiens,54.95,94.54,Diseased,Drug_B
SMP_02460,Mus musculus,37.79,117.91,Diseased,Drug_A
SMP_02461,Danio rerio,44.51,126.81,Healthy,Drug_B
SMP_02462,Mus musculus,57.56,148.6,Healthy,Drug_A
SMP_02463,Rattus norvegicus,57.82,129.66,Diseased,Control
SMP_02464,Mus musculus,70.05,101.91,Healthy,Drug_B
SMP_02465,Homo sapiens,48.77,60.75,Healthy,Drug_A
SMP_02466,Rattus norvegicus,54.6,104.67,Healthy,Control
SMP_02467,Danio rerio,43.43,107.7,Healthy,Control
SMP_02468,Homo sapiens,52.73,121.27,Healthy,Drug_B
SMP_02469,Homo sapiens,56.59,140.62,Healthy,Drug_A
SMP_02470,Danio rerio,48.53,97.15,Healthy,Control
SMP_02471,Danio rerio,22.94,163.03,Healthy,Control
SMP_02472,Mus musculus,54.97,47.22,Diseased,Control
SMP_02473,Rattus norvegicus,55.47,112.58,Healthy,Stress_Condition
SMP_02474,Danio rerio,39.8,76.04,Healthy,Drug_A
SMP_02475,Danio rerio,30.73,42.78,Healthy,Drug_A
SMP_02476,Rattus norvegicus,72.14,93.95,Healthy,Stress_Condition
SMP_02477,Danio rerio,57.37,56.28,Diseased,Control
SMP_02478,Danio rerio,46.56,95.16,Diseased,Stress_Condition
SMP_02479,Mus musculus,32.94,101.04,Diseased,Stress_Condition
SMP_02480,Homo sapiens,37.67,133.56,Healthy,Stress_Condition
SMP_02481,Homo sapiens,69.54,54.77,Healthy,Drug_A
SMP_02482,Homo sapiens,52.06,127.25,Healthy,Control
SMP_02483,Homo sapiens,41.74,102.94,Diseased,Control
SMP_02484,Danio rerio,57.65,130.87,Diseased,Drug_A
SMP_02485,Rattus norvegicus,37.78,87.05,Healthy,Drug_A
SMP_02486,Rattus norvegicus,72.51,60.03,Healthy,Stress_Condition
SMP_02487,Mus musculus,70.29,63.48,Healthy,Stress_Condition
SMP_02488,Mus musculus,43.0,61.25,Healthy,Drug_B
SMP_02489,Danio rerio,40.57,114.33,Diseased,Drug_B
SMP_02490,Rattus norvegicus,10.73,144.31,Healthy,Drug_A
SMP_02491,Rattus norvegicus,27.78,83.05,Diseased,Stress_Condition
SMP_02492,Homo sapiens,29.91,118.87,Healthy,Drug_A
SMP_02493,Danio rerio,52.03,54.3,Healthy,Stress_Condition
SMP_02494,Danio rerio,45.11,105.41,Healthy,Stress_Condition
SMP_02495,Homo sapiens,29.82,120.06,Diseased,Drug_A
SMP_02496,Danio rerio,45.78,56.56,Healthy,Drug_A
SMP_02497,Danio rerio,57.58,93.88,Healthy,Control
SMP_02498,Mus musculus,57.92,121.48,Diseased,Control
SMP_02499,Rattus norvegicus,21.5,11.99,Healthy,Drug_B
SMP_02500,Danio rerio,48.08,140.06,Healthy,Drug_A
SMP_02501,Mus musculus,29.25,110.61,Healthy,Drug_B
SMP_02502,Rattus norvegicus,63.53,121.5,Diseased,Drug_A
SMP_02503,Homo sapiens,61.76,87.62,Healthy,Drug_A
SMP_02504,Mus musculus,36.53,48.32,Diseased,Drug_A
SMP_02505,Mus musculus,38.51,116.02,Healthy,Control
SMP_02506,Rattus norvegicus,43.08,97.52,Healthy,Drug_B
SMP_02507,Homo sapiens,16.21,100.96,Diseased,Drug_A
SMP_02508,Mus musculus,55.04,132.63,Diseased,Drug_B
SMP_02509,Danio rerio,45.91,122.86,Diseased,Drug_B
SMP_02510,Danio rerio,64.55,157.64,Healthy,Control
SMP_02511,Danio rerio,33.52,104.62,Healthy,Control
SMP_02512,Homo sapiens,40.71,79.26,Diseased,Drug_A
SMP_02513,Mus musculus,27.4,94.35,Healthy,Stress_Condition
SMP_02514,Danio rerio,34.94,112.47,Healthy,Drug_B
SMP_02515,Homo sapiens,32.27,130.48,Healthy,Control
SMP_02516,Danio rerio,64.94,55.99,Healthy,Drug_B
SMP_02517,Rattus norvegicus,39.53,100.26,Healthy,Stress_Condition
SMP_02518,Mus musculus,51.86,148.29,Diseased,Drug_B
SMP_02519,Mus musculus,44.29,92.79,Diseased,Drug_A
SMP_02520,Homo sapiens,30.96,127.93,Diseased,Drug_B
SMP_02521,Homo sapiens,47.48,114.79,Diseased,Control
SMP_02522,Mus musculus,58.99,128.68,Healthy,Drug_A
SMP_02523,Danio rerio,31.88,75.71,Healthy,Drug_A
SMP_02524,Danio rerio,62.14,75.84,Healthy,Stress_Condition
SMP_02525,Rattus norvegicus,37.25,100.61,Diseased,Drug_A
SMP_02526,Danio rerio,42.76,54.03,Healthy,Control
SMP_02527,Homo sapiens,57.96,91.91,Healthy,Stress_Condition
SMP_02528,Homo sapiens,40.05,107.59,Healthy,Drug_A
SMP_02529,Danio rerio,50.56,153.54,Healthy,Stress_Condition
SMP_02530,Homo sapiens,45.28,112.08,Healthy,Drug_B
SMP_02531,Mus musculus,51.94,118.76,Healthy,Drug_A
SMP_02532,Mus musculus,14.29,134.93,Diseased,Control
SMP_02533,Danio rerio,22.55,71.06,Healthy,Control
SMP_02534,Mus musculus,59.24,95.05,Diseased,Drug_A
SMP_02535,Mus musculus,65.56,172.76,Healthy,Drug_B
SMP_02536,Rattus norvegicus,36.34,97.63,Diseased,Stress_Condition
SMP_02537,Rattus norvegicus,46.34,133.49,Healthy,Control
SMP_02538,Mus musculus,54.42,128.91,Diseased,Control
SMP_02539,Danio rerio,60.4,55.66,Healthy,Stress_Condition
SMP_02540,Rattus norvegicus,19.58,109.31,Diseased,Stress_Condition
SMP_02541,Homo sapiens,36.71,104.4,Diseased,Control
SMP_02542,Homo sapiens,45.01,109.9,Healthy,Stress_Condition
SMP_02543,Homo sapiens,60.55,77.38,Healthy,Drug_A
SMP_02544,Danio rerio,87.48,66.49,Healthy,Control
SMP_02545,Mus musculus,46.58,85.72,Healthy,Control
SMP_02546,Homo sapiens,28.9,97.07,Healthy,Control
SMP_02547,Danio rerio,56.03,135.55,Diseased,Drug_A
SMP_02548,Rattus norvegicus,69.81,154.52,Healthy,Control
SMP_02549,Mus musculus,51.62,141.9,Diseased,Stress_Condition
SMP_02550,Rattus norvegicus,36.4,125.81,Diseased,Control
SMP_02551,Danio rerio,64.37,69.87,Diseased,Drug_A
SMP_02552,Homo sapiens,59.95,87.73,Healthy,Drug_A
SMP_02553,Homo sapiens,34.61,106.3,Healthy,Drug_B
SMP_02554,Danio rerio,55.72,81.03,Healthy,Control
SMP_02555,Homo sapiens,64.96,117.32,Healthy,Drug_A
SMP_02556,Mus musculus,67.73,121.61,Healthy,Drug_B
SMP_02557,Danio rerio,49.0,116.09,Diseased,Control
SMP_02558,Rattus norvegicus,44.63,130.75,Diseased,Drug_A
SMP_02559,Danio rerio,68.41,72.86,Healthy,Drug_A
SMP_02560,Mus musculus,31.85,127.98,Healthy,Control
SMP_02561,Mus musculus,56.58,79.13,Healthy,Control
SMP_02562,Danio rerio,29.45,71.77,Diseased,Drug_B
SMP_02563,Danio rerio,65.98,115.96,Diseased,Control
SMP_02564,Homo sapiens,46.13,136.48,Healthy,Control
SMP_02565,Mus musculus,69.03,114.64,Healthy,Stress_Condition
SMP_02566,Danio rerio,57.37,100.62,Healthy,Control
SMP_02567,Danio rerio,31.65,109.3,Healthy,Drug_A
SMP_02568,Mus musculus,71.37,104.09,Healthy,Drug_B
SMP_02569,Danio rerio,73.27,66.22,Diseased,Drug_B
SMP_02570,Homo sapiens,63.23,62.72,Healthy,Drug_B
SMP_02571,Mus musculus,38.58,97.64,Diseased,Drug_A
SMP_02572,Homo sapiens,45.41,102.4,Healthy,Control
SMP_02573,Homo sapiens,52.18,100.34,Diseased,Drug_A
SMP_02574,Homo sapiens,39.44,120.28,Diseased,Stress_Condition
SMP_02575,Homo sapiens,75.39,93.54,Healthy,Drug_B
SMP_02576,Mus musculus,52.16,116.89,Diseased,Control
SMP_02577,Homo sapiens,9.45,95.66,Healthy,Control
SMP_02578,Homo sapiens,55.09,154.7,Healthy,Drug_B
SMP_02579,Danio rerio,44.78,102.42,Healthy,Stress_Condition
SMP_02580,Mus musculus,48.88,170.22,Healthy,Stress_Condition
SMP_02581,Mus musculus,44.47,110.56,Healthy,Control
SMP_02582,Rattus norvegicus,62.11,93.59,Diseased,Drug_A
SMP_02583,Mus musculus,66.8,73.02,Healthy,Drug_B
SMP_02584,Mus musculus,54.25,56.71,Healthy,Drug_A
SMP_02585,Rattus norvegicus,44.91,70.26,Diseased,Control
SMP_02586,Mus musculus,49.38,73.61,Diseased,Drug_B
SMP_02587,Mus musculus,50.29,111.84,Healthy,Stress_Condition
SMP_02588,Mus musculus,37.96,84.22,Healthy,Stress_Condition
SMP_02589,Mus musculus,58.68,105.61,Healthy,Stress_Condition
SMP_02590,Rattus norvegicus,56.9,138.46,Healthy,Control
SMP_02591,Mus musculus,73.11,97.37,Diseased,Stress_Condition
SMP_02592,Mus musculus,68.83,162.37,Healthy,Drug_B
SMP_02593,Rattus norvegicus,39.71,64.73,Healthy,Drug_B
SMP_02594,Danio rerio,62.3,95.48,Diseased,Drug_B
SMP_02595,Homo sapiens,35.74,83.82,Diseased,Drug_B
SMP_02596,Danio rerio,60.44,128.1,Healthy,Stress_Condition
SMP_02597,Rattus norvegicus,42.25,32.81,Diseased,Drug_B
SMP_02598,Homo sapiens,34.65,56.71,Diseased,Control
SMP_02599,Rattus norvegicus,54.2,96.78,Healthy,Drug_B
SMP_02600,Rattus norvegicus,9.88,146.54,Diseased,Stress_Condition
SMP_02601,Mus musculus,23.74,106.78,Healthy,Stress_Condition
SMP_02602,Homo sapiens,47.34,59.45,Diseased,Drug_A
SMP_02603,Mus musculus,51.24,64.09,Diseased,Drug_B
SMP_02604,Homo sapiens,44.46,150.19,Healthy,Stress_Condition
SMP_02605,Rattus norvegicus,26.31,81.37,Diseased,Drug_A
SMP_02606,Rattus norvegicus,37.73,71.71,Diseased,Control
SMP_02607,Danio rerio,55.87,144.32,Diseased,Drug_B
SMP_02608,Homo sapiens,58.73,130.33,Diseased,Stress_Condition
SMP_02609,Mus musculus,49.76,138.22,Healthy,Stress_Condition
SMP_02610,Danio rerio,67.35,71.5,Diseased,Drug_B
SMP_02611,Danio rerio,55.96,54.25,Diseased,Drug_A
SMP_02612,Danio rerio,38.79,103.99,Diseased,Drug_B
SMP_02613,Mus musculus,45.79,110.05,Diseased,Control
SMP_02614,Danio rerio,28.96,110.94,Healthy,Control
SMP_02615,Mus musculus,48.38,144.35,Healthy,Drug_B
SMP_02616,Danio rerio,66.68,47.99,Diseased,Drug_A
SMP_02617,Mus musculus,60.28,125.79,Diseased,Control
SMP_02618,Rattus norvegicus,71.03,67.1,Healthy,Drug_B
SMP_02619,Rattus norvegicus,45.46,125.67,Healthy,Drug_A
SMP_02620,Rattus norvegicus,70.19,85.75,Diseased,Drug_A
SMP_02621,Rattus norvegicus,47.1,75.58,Diseased,Stress_Condition
SMP_02622,Rattus norvegicus,72.07,81.7,Diseased,Control
SMP_02623,Danio rerio,49.67,56.63,Healthy,Drug_B
SMP_02624,Danio rerio,60.61,101.21,Diseased,Control
SMP_02625,Danio rerio,72.13,76.82,Diseased,Drug_A
SMP_02626,Mus musculus,47.1,123.59,Diseased,Stress_Condition
SMP_02627,Mus musculus,53.28,119.2,Diseased,Control
SMP_02628,Mus musculus,69.33,150.64,Healthy,Drug_B
SMP_02629,Mus musculus,48.0,110.99,Diseased,Control
SMP_02630,Rattus norvegicus,30.19,115.62,Diseased,Drug_A
SMP_02631,Rattus norvegicus,82.15,142.0,Healthy,Stress_Condition
SMP_02632,Rattus norvegicus,42.95,81.17,Diseased,Control
SMP_02633,Homo sapiens,52.38,55.35,Diseased,Drug_A
SMP_02634,Danio rerio,67.34,106.0,Diseased,Drug_A
SMP_02635,Mus musculus,40.87,57.32,Healthy,Stress_Condition
SMP_02636,Mus musculus,34.88,173.62,Healthy,Drug_A
SMP_02637,Rattus norvegicus,53.81,143.66,Healthy,Control
SMP_02638,Mus musculus,23.1,164.92,Healthy,Drug_B
SMP_02639,Mus musculus,45.68,101.87,Healthy,Stress_Condition
SMP_02640,Danio rerio,53.68,116.52,Healthy,Drug_A
SMP_02641,Rattus norvegicus,45.95,86.22,Healthy,Control
SMP_02642,Danio rerio,26.85,126.49,Diseased,Stress_Condition
SMP_02643,Homo sapiens,73.91,63.53,Healthy,Drug_A
SMP_02644,Homo sapiens,51.55,23.71,Healthy,Control
SMP_02645,Homo sapiens,71.47,76.28,Healthy,Drug_A
SMP_02646,Rattus norvegicus,46.1,56.34,Healthy,Control
SMP_02647,Mus musculus,36.8,144.34,Diseased,Drug_A
SMP_02648,Rattus norvegicus,54.04,154.47,Healthy,Stress_Condition
SMP_02649,Rattus norvegicus,46.76,57.91,Diseased,Stress_Condition
SMP_02650,Mus musculus,32.33,138.75,Diseased,Stress_Condition
SMP_02651,Danio rerio,72.05,128.54,Healthy,Drug_A
SMP_02652,Homo sapiens,40.67,52.91,Healthy,Drug_A
SMP_02653,Danio rerio,22.4,88.29,Healthy,Stress_Condition
SMP_02654,Homo sapiens,69.92,82.6,Healthy,Stress_Condition
SMP_02655,Rattus norvegicus,42.44,122.44,Healthy,Drug_B
SMP_02656,Homo sapiens,40.88,63.14,Diseased,Control
SMP_02657,Rattus norvegicus,23.52,97.03,Healthy,Drug_B
SMP_02658,Danio rerio,76.11,79.42,Healthy,Control
SMP_02659,Rattus norvegicus,30.66,114.2,Healthy,Drug_A
SMP_02660,Danio rerio,50.88,93.5,Diseased,Control
SMP_02661,Mus musculus,63.69,83.94,Healthy,Control
SMP_02662,Mus musculus,56.33,93.6,Healthy,Drug_A
SMP_02663,Mus musculus,49.11,161.08,Diseased,Drug_A
SMP_02664,Rattus norvegicus,24.48,87.49,Healthy,Drug_A
SMP_02665,Mus musculus,37.85,68.77,Healthy,Stress_Condition
SMP_02666,Homo sapiens,52.82,117.5,Healthy,Stress_Condition
SMP_02667,Danio rerio,38.19,95.69,Diseased,Control
SMP_02668,Danio rerio,53.05,57.54,Healthy,Drug_A
SMP_02669,Homo sapiens,60.23,166.94,Healthy,Stress_Condition
SMP_02670,Rattus norvegicus,64.44,89.43,Diseased,Drug_A
SMP_02671,Rattus norvegicus,31.61,88.66,Healthy,Control
SMP_02672,Danio rerio,82.95,104.8,Diseased,Stress_Condition
SMP_02673,Mus musculus,61.51,151.9,Healthy,Stress_Condition
SMP_02674,Rattus norvegicus,49.97,49.61,Healthy,Drug_B
SMP_02675,Rattus norvegicus,66.34,108.28,Diseased,Control
SMP_02676,Homo sapiens,85.48,162.62,Diseased,Stress_Condition
SMP_02677,Homo sapiens,28.42,103.86,Healthy,Control
SMP_02678,Mus musculus,46.62,62.94,Diseased,Control
SMP_02679,Rattus norvegicus,14.32,81.45,Diseased,Drug_A
SMP_02680,Rattus norvegicus,52.89,106.21,Healthy,Control
SMP_02681,Homo sapiens,55.48,139.92,Diseased,Drug_B
SMP_02682,Rattus norvegicus,49.41,89.82,Healthy,Stress_Condition
SMP_02683,Danio rerio,40.18,124.8,Healthy,Control
SMP_02684,Homo sapiens,19.26,56.94,Healthy,Control
SMP_02685,Mus musculus,55.6,56.69,Diseased,Drug_A
SMP_02686,Homo sapiens,71.83,85.52,Healthy,Drug_A
SMP_02687,Rattus norvegicus,41.13,143.14,Diseased,Drug_B
SMP_02688,Mus musculus,56.6,102.07,Healthy,Control
SMP_02689,Homo sapiens,26.48,108.69,Healthy,Control
SMP_02690,Danio rerio,56.86,108.34,Diseased,Control
SMP_02691,Danio rerio,44.1,133.28,Diseased,Control
SMP_02692,Homo sapiens,38.56,81.69,Healthy,Stress_Condition
SMP_02693,Danio rerio,38.59,120.65,Healthy,Control
SMP_02694,Danio rerio,44.1,75.07,Diseased,Control
SMP_02695,Danio rerio,55.74,159.5,Healthy,Stress_Condition
SMP_02696,Mus musculus,30.32,75.99,Diseased,Drug_A
SMP_02697,Danio rerio,44.04,73.53,Diseased,Drug_B
SMP_02698,Danio rerio,49.38,116.49,Diseased,Control
SMP_02699,Danio rerio,33.51,102.39,Diseased,Stress_Condition
SMP_02700,Mus musculus,76.95,109.81,Diseased,Control
SMP_02701,Homo sapiens,37.2,106.82,Healthy,Drug_A
SMP_02702,Rattus norvegicus,39.96,67.29,Healthy,Stress_Condition
SMP_02703,Danio rerio,35.33,148.4,Healthy,Stress_Condition
SMP_02704,Homo sapiens,76.98,126.81,Healthy,Stress_Condition
SMP_02705,Danio rerio,58.29,140.77,Diseased,Control
SMP_02706,Mus musculus,35.95,84.15,Healthy,Drug_A
SMP_02707,Homo sapiens,66.59,112.5,Diseased,Drug_B
SMP_02708,Mus musculus,53.01,105.92,Diseased,Stress_Condition
SMP_02709,Danio rerio,53.86,133.84,Diseased,Control
SMP_02710,Danio rerio,44.83,134.81,Healthy,Drug_B
SMP_02711,Mus musculus,38.76,105.79,Diseased,Stress_Condition
SMP_02712,Rattus norvegicus,55.07,54.46,Healthy,Control
SMP_02713,Mus musculus,41.82,153.39,Diseased,Drug_B
SMP_02714,Danio rerio,77.25,116.68,Healthy,Drug_B
SMP_02715,Mus musculus,30.96,81.75,Diseased,Stress_Condition
SMP_02716,Rattus norvegicus,73.04,112.2,Healthy,Control
SMP_02717,Mus musculus,48.33,54.67,Healthy,Drug_B
SMP_02718,Rattus norvegicus,54.49,131.66,Healthy,Drug_A
SMP_02719,Rattus norvegicus,62.5,55.86,Diseased,Drug_A
SMP_02720,Mus musculus,40.55,93.37,Diseased,Drug_B
SMP_02721,Mus musculus,62.96,107.33,Healthy,Stress_Condition
SMP_02722,Homo sapiens,9.39,131.17,Healthy,Stress_Condition
SMP_02723,Danio rerio,39.2,103.2,Healthy,Stress_Condition
SMP_02724,Rattus norvegicus,36.14,119.05,Healthy,Drug_B
SMP_02725,Homo sapiens,31.2,99.15,Healthy,Stress_Condition
SMP_02726,Mus musculus,46.78,99.03,Healthy,Stress_Condition
SMP_02727,Danio rerio,55.79,102.56,Diseased,Drug_A
SMP_02728,Homo sapiens,60.54,94.33,Healthy,Control
SMP_02729,Rattus norvegicus,53.61,49.4,Diseased,Drug_A
SMP_02730,Homo sapiens,40.01,76.95,Healthy,Drug_B
SMP_02731,Rattus norvegicus,55.54,107.34,Diseased,Drug_A
SMP_02732,Mus musculus,51.86,92.53,Diseased,Control
SMP_02733,Danio rerio,64.04,95.33,Healthy,Drug_A
SMP_02734,Danio rerio,61.65,90.3,Healthy,Stress_Condition
SMP_02735,Danio rerio,50.46,74.09,Healthy,Control
SMP_02736,Mus musculus,36.54,85.21,Healthy,Drug_B
SMP_02737,Rattus norvegicus,40.21,90.8,Healthy,Drug_A
SMP_02738,Mus musculus,41.75,100.15,Healthy,Drug_A
SMP_02739,Danio rerio,45.27,111.8,Healthy,Stress_Condition
SMP_02740,Mus musculus,54.02,94.58,Healthy,Control
SMP_02741,Mus musculus,60.73,69.11,Healthy,Stress_Condition
SMP_02742,Mus musculus,49.23,58.06,Healthy,Drug_A
SMP_02743,Rattus norvegicus,50.24,177.92,Healthy,Drug_A
SMP_02744,Homo sapiens,52.15,66.11,Diseased,Control
SMP_02745,Homo sapiens,42.26,84.44,Diseased,Drug_A
SMP_02746,Mus musculus,36.12,115.51,Diseased,Control
SMP_02747,Homo sapiens,23.67,110.83,Healthy,Drug_B
SMP_02748,Homo sapiens,39.57,115.63,Healthy,Drug_A
SMP_02749,Mus musculus,57.1,86.72,Healthy,Control
SMP_02750,Mus musculus,39.46,107.16,Healthy,Control
SMP_02751,Danio rerio,46.43,101.84,Diseased,Stress_Condition
SMP_02752,Homo sapiens,57.0,90.64,Healthy,Drug_A
SMP_02753,Rattus norvegicus,57.81,107.36,Diseased,Stress_Condition
SMP_02754,Mus musculus,33.81,131.66,Diseased,Control
SMP_02755,Danio rerio,64.96,99.33,Diseased,Drug_B
SMP_02756,Rattus norvegicus,66.91,99.53,Healthy,Drug_B
SMP_02757,Homo sapiens,33.05,132.04,Healthy,Drug_A
SMP_02758,Danio rerio,37.64,128.84,Healthy,Drug_B
SMP_02759,Mus musculus,67.87,147.52,Healthy,Drug_A
SMP_02760,Rattus norvegicus,47.8,47.31,Diseased,Drug_A
SMP_02761,Mus musculus,16.7,127.15,Healthy,Control
SMP_02762,Homo sapiens,29.0,118.05,Healthy,Control
SMP_02763,Rattus norvegicus,46.26,73.43,Healthy,Control
SMP_02764,Homo sapiens,32.55,107.55,Healthy,Stress_Condition
SMP_02765,Homo sapiens,43.8,131.53,Healthy,Control
SMP_02766,Danio rerio,50.49,75.13,Healthy,Drug_A
SMP_02767,Mus musculus,71.93,113.28,Diseased,Control
SMP_02768,Rattus norvegicus,45.64,126.14,Diseased,Stress_Condition
SMP_02769,Homo sapiens,66.09,67.87,Healthy,Control
SMP_02770,Homo sapiens,71.43,95.73,Healthy,Drug_B
SMP_02771,Rattus norvegicus,71.51,109.03,Healthy,Drug_A
SMP_02772,Homo sapiens,54.27,76.12,Diseased,Drug_B
SMP_02773,Danio rerio,20.55,73.63,Healthy,Drug_B
SMP_02774,Danio rerio,56.91,95.95,Diseased,Stress_Condition
SMP_02775,Danio rerio,65.73,124.05,Healthy,Drug_B
SMP_02776,Danio rerio,48.78,119.31,Healthy,Control
SMP_02777,Homo sapiens,76.17,74.16,Healthy,Drug_A
SMP_02778,Rattus norvegicus,62.9,119.57,Diseased,Drug_B
SMP_02779,Rattus norvegicus,58.52,74.92,Healthy,Drug_B
SMP_02780,Rattus norvegicus,66.3,51.69,Healthy,Drug_A
SMP_02781,Rattus norvegicus,55.0,88.99,Healthy,Control
SMP_02782,Mus musculus,12.61,133.69,Healthy,Drug_B
SMP_02783,Rattus norvegicus,42.51,119.68,Healthy,Drug_A
SMP_02784,Mus musculus,67.96,99.95,Diseased,Control
SMP_02785,Mus musculus,37.89,87.5,Diseased,Control
SMP_02786,Danio rerio,46.65,88.31,Diseased,Control
SMP_02787,Mus musculus,34.33,103.26,Healthy,Stress_Condition
SMP_02788,Homo sapiens,76.76,67.95,Healthy,Control
SMP_02789,Mus musculus,75.22,89.56,Healthy,Control
SMP_02790,Danio rerio,36.74,93.53,Healthy,Drug_A
SMP_02791,Mus musculus,52.21,59.47,Diseased,Stress_Condition
SMP_02792,Homo sapiens,39.79,74.85,Healthy,Control
SMP_02793,Homo sapiens,59.22,112.32,Diseased,Drug_B
SMP_02794,Homo sapiens,57.65,100.29,Diseased,Stress_Condition
SMP_02795,Danio rerio,62.18,90.74,Healthy,Drug_A
SMP_02796,Danio rerio,54.98,72.66,Diseased,Stress_Condition
SMP_02797,Rattus norvegicus,94.03,147.31,Healthy,Drug_B
SMP_02798,Danio rerio,34.58,74.86,Healthy,Stress_Condition
SMP_02799,Homo sapiens,24.34,107.55,Healthy,Drug_B
SMP_02800,Homo sapiens,44.1,85.36,Diseased,Control
SMP_02801,Danio rerio,26.48,101.09,Healthy,Control
SMP_02802,Mus musculus,27.61,113.73,Diseased,Stress_Condition
SMP_02803,Danio rerio,34.98,58.89,Diseased,Stress_Condition
SMP_02804,Danio rerio,36.17,99.8,Diseased,Drug_A
SMP_02805,Homo sapiens,35.68,135.72,Diseased,Drug_A
SMP_02806,Rattus norvegicus,57.77,152.85,Healthy,Drug_B
SMP_02807,Homo sapiens,42.41,96.1,Diseased,Control
SMP_02808,Rattus norvegicus,47.31,101.25,Healthy,Stress_Condition
SMP_02809,Homo sapiens,63.41,166.34,Healthy,Control
SMP_02810,Danio rerio,38.51,134.05,Healthy,Stress_Condition
SMP_02811,Homo sapiens,46.03,81.48,Healthy,Drug_B
SMP_02812,Homo sapiens,55.49,81.43,Diseased,Control
SMP_02813,Homo sapiens,20.88,128.7,Healthy,Drug_A
SMP_02814,Danio rerio,14.23,69.67,Healthy,Drug_B
SMP_02815,Danio rerio,55.19,132.63,Healthy,Control
SMP_02816,Danio rerio,57.38,110.03,Healthy,Drug_B
SMP_02817,Danio rerio,80.96,115.53,Healthy,Stress_Condition
SMP_02818,Rattus norvegicus,52.37,92.3,Healthy,Control
SMP_02819,Rattus norvegicus,62.3,81.11,Diseased,Control
SMP_02820,Mus musculus,47.07,143.86,Healthy,Control
SMP_02821,Danio rerio,54.46,92.6,Healthy,Drug_A
SMP_02822,Rattus norvegicus,75.01,87.67,Healthy,Drug_B
SMP_02823,Homo sapiens,18.14,97.6,Healthy,Drug_A
SMP_02824,Danio rerio,56.2,105.79,Diseased,Drug_A
SMP_02825,Mus musculus,82.03,69.08,Healthy,Drug_B
SMP_02826,Mus musculus,54.23,83.05,Healthy,Drug_B
SMP_02827,Mus musculus,74.76,81.46,Healthy,Control
SMP_02828,Homo sapiens,40.56,125.36,Diseased,Control
SMP_02829,Rattus norvegicus,49.52,73.42,Healthy,Drug_B
SMP_02830,Homo sapiens,50.5,47.33,Healthy,Control
SMP_02831,Danio rerio,16.74,40.99,Healthy,Stress_Condition
SMP_02832,Mus musculus,32.48,55.89,Diseased,Control
SMP_02833,Homo sapiens,33.55,140.85,Diseased,Drug_B
SMP_02834,Homo sapiens,62.33,100.49,Healthy,Drug_A
SMP_02835,Rattus norvegicus,63.08,115.04,Diseased,Drug_B
SMP_02836,Rattus norvegicus,54.86,116.09,Healthy,Drug_B
SMP_02837,Mus musculus,62.36,101.69,Healthy,Drug_A
SMP_02838,Homo sapiens,47.54,97.76,Healthy,Stress_Condition
SMP_02839,Homo sapiens,68.03,131.34,Diseased,Control
SMP_02840,Rattus norvegicus,50.13,104.38,Healthy,Stress_Condition
SMP_02841,Homo sapiens,50.87,141.97,Diseased,Drug_A
SMP_02842,Homo sapiens,46.02,118.62,Healthy,Stress_Condition
SMP_02843,Homo sapiens,60.27,81.47,Diseased,Drug_A
SMP_02844,Rattus norvegicus,43.68,85.09,Healthy,Drug_B
SMP_02845,Mus musculus,64.65,78.18,Healthy,Stress_Condition
SMP_02846,Danio rerio,33.02,136.53,Healthy,Control
SMP_02847,Mus musculus,33.52,87.85,Healthy,Control
SMP_02848,Danio rerio,60.31,76.05,Healthy,Drug_A
SMP_02849,Homo sapiens,48.67,109.59,Healthy,Drug_B
SMP_02850,Mus musculus,43.19,97.08,Diseased,Stress_Condition
SMP_02851,Danio rerio,63.35,108.84,Healthy,Stress_Condition
SMP_02852,Rattus norvegicus,40.89,156.69,Healthy,Drug_A
SMP_02853,Rattus norvegicus,47.0,127.39,Healthy,Stress_Condition
SMP_02854,Mus musculus,70.99,100.81,Healthy,Control
SMP_02855,Mus musculus,73.09,57.75,Healthy,Control
SMP_02856,Homo sapiens,73.59,85.0,Diseased,Stress_Condition
SMP_02857,Mus musculus,45.77,121.33,Healthy,Stress_Condition
SMP_02858,Homo sapiens,68.46,64.87,Diseased,Drug_B
SMP_02859,Homo sapiens,35.77,164.23,Healthy,Drug_B
SMP_02860,Rattus norvegicus,36.4,100.43,Diseased,Stress_Condition
SMP_02861,Rattus norvegicus,14.74,101.47,Healthy,Stress_Condition
SMP_02862,Danio rerio,75.09,80.0,Healthy,Drug_A
SMP_02863,Rattus norvegicus,37.04,114.9,Healthy,Drug_B
SMP_02864,Rattus norvegicus,48.1,65.26,Diseased,Stress_Condition
SMP_02865,Mus musculus,36.35,164.95,Diseased,Drug_A
SMP_02866,Rattus norvegicus,60.43,139.52,Healthy,Drug_B
SMP_02867,Danio rerio,44.37,129.53,Healthy,Drug_A
SMP_02868,Mus musculus,30.43,58.29,Diseased,Stress_Condition
SMP_02869,Danio rerio,56.62,106.16,Healthy,Control
SMP_02870,Rattus norvegicus,28.49,136.27,Healthy,Control
SMP_02871,Danio rerio,37.44,117.79,Diseased,Control
SMP_02872,Mus musculus,18.4,69.94,Diseased,Control
SMP_02873,Homo sapiens,28.64,80.5,Diseased,Stress_Condition
SMP_02874,Danio rerio,52.68,86.44,Diseased,Control
SMP_02875,Danio rerio,20.53,81.9,Healthy,Control
SMP_02876,Mus musculus,27.78,145.86,Healthy,Stress_Condition
SMP_02877,Mus musculus,49.96,42.37,Diseased,Drug_B
SMP_02878,Danio rerio,41.85,119.68,Diseased,Drug_B
SMP_02879,Rattus norvegicus,79.88,61.23,Diseased,Drug_B
SMP_02880,Danio rerio,77.51,71.16,Diseased,Drug_A
SMP_02881,Mus musculus,36.98,39.71,Healthy,Drug_B
SMP_02882,Homo sapiens,58.36,83.53,Healthy,Stress_Condition
SMP_02883,Homo sapiens,61.24,145.32,Healthy,Drug_B
SMP_02884,Rattus norvegicus,41.04,107.94,Diseased,Drug_A
SMP_02885,Danio rerio,27.57,64.05,Healthy,Drug_A
SMP_02886,Homo sapiens,49.82,130.51,Diseased,Control
SMP_02887,Danio rerio,47.41,136.94,Healthy,Stress_Condition
SMP_02888,Mus musculus,43.46,103.12,Healthy,Drug_B
SMP_02889,Homo sapiens,56.63,161.04,Healthy,Drug_B
SMP_02890,Rattus norvegicus,38.74,124.65,Diseased,Stress_Condition
SMP_02891,Mus musculus,32.72,120.48,Healthy,Stress_Condition
SMP_02892,Rattus norvegicus,51.64,75.9,Diseased,Stress_Condition
SMP_02893,Mus musculus,55.79,118.82,Healthy,Stress_Condition
SMP_02894,Homo sapiens,32.35,106.5,Healthy,Stress_Condition
SMP_02895,Rattus norvegicus,63.92,115.59,Healthy,Stress_Condition
SMP_02896,Rattus norvegicus,23.44,79.46,Diseased,Stress_Condition
SMP_02897,Mus musculus,41.33,103.84,Healthy,Drug_A
SMP_02898,Rattus norvegicus,46.13,75.49,Diseased,Control
SMP_02899,Mus musculus,40.46,35.59,Healthy,Drug_B
SMP_02900,Mus musculus,41.52,129.95,Healthy,Drug_A
SMP_02901,Mus musculus,78.07,54.93,Healthy,Drug_A
SMP_02902,Mus musculus,37.24,103.22,Healthy,Drug_B
SMP_02903,Homo sapiens,86.62,109.99,Healthy,Drug_A
SMP_02904,Mus musculus,56.56,109.8,Healthy,Stress_Condition
SMP_02905,Danio rerio,51.38,91.51,Diseased,Drug_A
SMP_02906,Rattus norvegicus,57.14,108.14,Healthy,Drug_B
SMP_02907,Danio rerio,87.95,114.13,Healthy,Control
SMP_02908,Homo sapiens,35.1,122.05,Healthy,Drug_B
SMP_02909,Danio rerio,33.19,152.0,Healthy,Control
SMP_02910,Rattus norvegicus,38.68,107.03,Healthy,Stress_Condition
SMP_02911,Danio rerio,50.48,101.92,Diseased,Drug_A
SMP_02912,Homo sapiens,24.11,72.8,Diseased,Drug_B
SMP_02913,Mus musculus,50.34,113.08,Diseased,Drug_B
SMP_02914,Danio rerio,75.4,120.02,Healthy,Control
SMP_02915,Homo sapiens,52.27,94.23,Healthy,Drug_A
SMP_02916,Homo sapiens,45.61,116.34,Healthy,Drug_B
SMP_02917,Rattus norvegicus,40.73,91.22,Healthy,Drug_B
SMP_02918,Rattus norvegicus,63.48,120.13,Healthy,Drug_A
SMP_02919,Danio rerio,37.61,127.38,Healthy,Stress_Condition
SMP_02920,Mus musculus,77.7,126.96,Diseased,Control
SMP_02921,Homo sapiens,79.0,103.54,Diseased,Drug_B
SMP_02922,Danio rerio,53.85,68.8,Healthy,Drug_A
SMP_02923,Homo sapiens,49.83,81.64,Diseased,Stress_Condition
SMP_02924,Homo sapiens,65.46,117.85,Diseased,Drug_B
SMP_02925,Mus musculus,66.42,173.46,Healthy,Stress_Condition
SMP_02926,Mus musculus,37.91,89.78,Diseased,Drug_B
SMP_02927,Danio rerio,42.1,113.68,Healthy,Drug_B
SMP_02928,Mus musculus,30.16,83.32,Diseased,Stress_Condition
SMP_02929,Mus musculus,56.14,70.78,Healthy,Control
SMP_02930,Danio rerio,60.0,79.71,Healthy,Stress_Condition
SMP_02931,Mus musculus,29.75,37.53,Healthy,Drug_A
SMP_02932,Rattus norvegicus,43.17,140.6,Diseased,Drug_B
SMP_02933,Homo sapiens,29.79,33.1,Healthy,Stress_Condition
SMP_02934,Homo sapiens,36.52,92.09,Healthy,Stress_Condition
SMP_02935,Homo sapiens,58.27,64.66,Healthy,Drug_B
SMP_02936,Homo sapiens,39.0,73.47,Healthy,Drug_B
SMP_02937,Danio rerio,45.49,141.3,Diseased,Stress_Condition
SMP_02938,Homo sapiens,25.59,106.03,Diseased,Control
SMP_02939,Homo sapiens,52.8,71.04,Diseased,Drug_B
SMP_02940,Homo sapiens,49.34,82.31,Diseased,Stress_Condition
SMP_02941,Homo sapiens,39.07,77.04,Diseased,Drug_A
SMP_02942,Rattus norvegicus,47.16,98.69,Diseased,Control
SMP_02943,Homo sapiens,52.7,105.19,Diseased,Drug_A
SMP_02944,Rattus norvegicus,37.78,156.87,Healthy,Drug_B
SMP_02945,Danio rerio,27.86,42.51,Healthy,Drug_B
SMP_02946,Mus musculus,77.08,98.96,Diseased,Control
SMP_02947,Homo sapiens,40.5,90.53,Diseased,Drug_B
SMP_02948,Mus musculus,48.55,128.4,Diseased,Drug_A
SMP_02949,Mus musculus,65.16,110.64,Healthy,Stress_Condition
SMP_02950,Danio rerio,102.94,117.71,Diseased,Stress_Condition
SMP_02951,Mus musculus,31.33,110.35,Diseased,Drug_A
SMP_02952,Rattus norvegicus,56.75,72.04,Healthy,Drug_A
SMP_02953,Mus musculus,39.39,136.34,Healthy,Drug_B
SMP_02954,Mus musculus,41.92,123.96,Healthy,Drug_B
SMP_02955,Mus musculus,39.2,127.47,Diseased,Control
SMP_02956,Homo sapiens,33.12,137.92,Diseased,Stress_Condition
SMP_02957,Homo sapiens,49.38,112.53,Diseased,Control
SMP_02958,Rattus norvegicus,27.88,144.43,Healthy,Drug_A
SMP_02959,Rattus norvegicus,64.2,111.33,Diseased,Drug_A
SMP_02960,Homo sapiens,50.83,93.43,Healthy,Control
SMP_02961,Rattus norvegicus,56.34,99.8,Healthy,Control
SMP_02962,Homo sapiens,43.01,99.28,Healthy,Stress_Condition
SMP_02963,Danio rerio,44.49,84.42,Diseased,Drug_A
SMP_02964,Mus musculus,54.31,148.96,Healthy,Control
SMP_02965,Mus musculus,32.54,108.89,Healthy,Stress_Condition
SMP_02966,Rattus norvegicus,44.63,102.84,Healthy,Drug_B
SMP_02967,Homo sapiens,37.11,111.65,Healthy,Drug_B
SMP_02968,Homo sapiens,36.64,189.4,Diseased,Stress_Condition
SMP_02969,Rattus norvegicus,18.35,66.05,Healthy,Control
SMP_02970,Homo sapiens,70.09,74.65,Diseased,Stress_Condition
SMP_02971,Danio rerio,39.7,58.58,Diseased,Stress_Condition
SMP_02972,Mus musculus,67.45,93.02,Healthy,Control
SMP_02973,Rattus norvegicus,66.03,107.37,Diseased,Drug_B
SMP_02974,Rattus norvegicus,30.71,86.04,Healthy,Stress_Condition
SMP_02975,Homo sapiens,33.67,83.81,Diseased,Drug_B
SMP_02976,Rattus norvegicus,88.41,104.27,Healthy,Stress_Condition
SMP_02977,Danio rerio,76.26,84.94,Diseased,Drug_A
SMP_02978,Homo sapiens,49.53,109.31,Diseased,Control
SMP_02979,Homo sapiens,53.86,133.43,Healthy,Drug_B
SMP_02980,Homo sapiens,40.54,120.31,Healthy,Control
SMP_02981,Homo sapiens,56.49,126.43,Healthy,Drug_B
SMP_02982,Danio rerio,39.24,132.58,Healthy,Drug_B
SMP_02983,Homo sapiens,19.51,108.48,Healthy,Control
SMP_02984,Rattus norvegicus,30.18,95.24,Diseased,Stress_Condition
SMP_02985,Danio rerio,50.32,76.83,Healthy,Stress_Condition
SMP_02986,Mus musculus,33.03,88.26,Healthy,Drug_A
SMP_02987,Mus musculus,48.99,84.29,Healthy,Drug_B
SMP_02988,Rattus norvegicus,33.88,121.95,Healthy,Control
SMP_02989,Rattus norvegicus,38.26,110.4,Healthy,Drug_B
SMP_02990,Danio rerio,62.8,120.9,Diseased,Stress_Condition
SMP_02991,Mus musculus,53.71,65.19,Diseased,Control
SMP_02992,Mus musculus,49.86,142.95,Healthy,Control
SMP_02993,Mus musculus,63.18,87.19,Healthy,Drug_B
SMP_02994,Mus musculus,57.21,67.0,Healthy,Drug_A
SMP_02995,Mus musculus,71.7,86.82,Diseased,Stress_Condition
SMP_02996,Homo sapiens,43.1,174.51,Diseased,Stress_Condition
SMP_02997,Rattus norvegicus,43.56,88.37,Diseased,Drug_B
SMP_02998,Homo sapiens,30.48,90.25,Healthy,Drug_B
SMP_02999,Mus musculus,43.57,94.24,Diseased,Drug_A
SMP_03000,Danio rerio,64.47,95.54,Healthy,Stress_Condition
SMP_03001,Danio rerio,69.5,76.56,Healthy,Drug_A
SMP_03002,Mus musculus,64.4,104.3,Diseased,Control
SMP_03003,Mus musculus,23.09,132.27,Healthy,Control
SMP_03004,Danio rerio,66.25,109.43,Healthy,Drug_A
SMP_03005,Homo sapiens,22.42,66.67,Healthy,Drug_A
SMP_03006,Homo sapiens,63.47,89.67,Healthy,Drug_B
SMP_03007,Mus musculus,44.48,83.45,Healthy,Stress_Condition
SMP_03008,Homo sapiens,60.54,101.59,Healthy,Stress_Condition
SMP_03009,Danio rerio,30.01,139.91,Healthy,Stress_Condition
SMP_03010,Homo sapiens,67.57,95.53,Diseased,Drug_A
SMP_03011,Mus musculus,28.03,97.36,Healthy,Drug_B
SMP_03012,Danio rerio,39.97,153.33,Diseased,Drug_B
SMP_03013,Homo sapiens,35.03,126.29,Healthy,Drug_B
SMP_03014,Rattus norvegicus,23.69,117.22,Healthy,Drug_A
SMP_03015,Danio rerio,51.42,158.74,Healthy,Drug_A
SMP_03016,Danio rerio,77.09,114.69,Diseased,Drug_B
SMP_03017,Rattus norvegicus,90.0,40.4,Diseased,Drug_A
SMP_03018,Rattus norvegicus,51.46,124.98,Healthy,Control
SMP_03019,Danio rerio,66.75,52.24,Diseased,Stress_Condition
SMP_03020,Rattus norvegicus,53.48,113.56,Diseased,Stress_Condition
SMP_03021,Mus musculus,57.48,48.59,Healthy,Stress_Condition
SMP_03022,Mus musculus,44.87,85.99,Diseased,Control
SMP_03023,Mus musculus,52.93,89.09,Healthy,Drug_B
SMP_03024,Danio rerio,58.06,76.9,Healthy,Stress_Condition
SMP_03025,Rattus norvegicus,41.32,89.53,Healthy,Drug_A
SMP_03026,Rattus norvegicus,48.84,130.98,Diseased,Control
SMP_03027,Homo sapiens,49.12,78.58,Healthy,Drug_B
SMP_03028,Homo sapiens,62.4,116.35,Diseased,Control
SMP_03029,Rattus norvegicus,34.01,71.03,Diseased,Stress_Condition
SMP_03030,Rattus norvegicus,49.23,94.32,Healthy,Drug_B
SMP_03031,Rattus norvegicus,78.68,109.72,Healthy,Stress_Condition
SMP_03032,Danio rerio,67.46,70.1,Diseased,Drug_B
SMP_03033,Rattus norvegicus,70.24,60.65,Healthy,Stress_Condition
SMP_03034,Homo sapiens,50.37,114.76,Healthy,Drug_B
SMP_03035,Danio rerio,54.81,133.69,Diseased,Control
SMP_03036,Rattus norvegicus,65.03,97.63,Diseased,Drug_B
SMP_03037,Homo sapiens,73.4,86.28,Diseased,Drug_B
SMP_03038,Danio rerio,20.73,104.67,Healthy,Control
SMP_03039,Rattus norvegicus,30.27,101.66,Healthy,Drug_B
SMP_03040,Rattus norvegicus,69.64,107.29,Diseased,Control
SMP_03041,Rattus norvegicus,45.85,24.15,Diseased,Stress_Condition
SMP_03042,Danio rerio,39.92,67.93,Healthy,Stress_Condition
SMP_03043,Homo sapiens,31.19,74.64,Diseased,Stress_Condition
SMP_03044,Homo sapiens,41.67,104.53,Healthy,Drug_B
SMP_03045,Mus musculus,28.96,105.58,Healthy,Drug_A
SMP_03046,Rattus norvegicus,81.37,119.09,Healthy,Drug_A
SMP_03047,Mus musculus,49.66,107.73,Healthy,Stress_Condition
SMP_03048,Mus musculus,49.13,60.98,Diseased,Control
SMP_03049,Homo sapiens,58.82,143.41,Healthy,Drug_B
SMP_03050,Danio rerio,64.44,138.16,Healthy,Control
SMP_03051,Danio rerio,64.19,62.25,Diseased,Drug_B
SMP_03052,Homo sapiens,66.1,109.98,Diseased,Control
SMP_03053,Danio rerio,40.54,82.14,Healthy,Stress_Condition
SMP_03054,Mus musculus,45.53,104.17,Diseased,Drug_A
SMP_03055,Rattus norvegicus,61.54,131.6,Diseased,Control
SMP_03056,Homo sapiens,42.09,163.9,Diseased,Stress_Condition
SMP_03057,Rattus norvegicus,49.92,122.54,Diseased,Drug_A
SMP_03058,Danio rerio,55.98,108.85,Healthy,Drug_A
SMP_03059,Rattus norvegicus,61.78,89.81,Healthy,Drug_A
SMP_03060,Danio rerio,23.33,105.46,Diseased,Control
SMP_03061,Danio rerio,60.72,140.79,Diseased,Control
SMP_03062,Mus musculus,46.49,98.66,Healthy,Drug_A
SMP_03063,Danio rerio,60.61,73.42,Healthy,Control
SMP_03064,Mus musculus,61.65,51.41,Diseased,Stress_Condition
SMP_03065,Mus musculus,74.12,115.39,Healthy,Drug_B
SMP_03066,Mus musculus,70.3,107.42,Healthy,Drug_A
SMP_03067,Homo sapiens,70.2,80.62,Healthy,Drug_B
SMP_03068,Homo sapiens,71.66,130.78,Healthy,Drug_A
SMP_03069,Danio rerio,54.37,87.35,Healthy,Drug_B
SMP_03070,Mus musculus,50.48,95.96,Healthy,Drug_A
SMP_03071,Homo sapiens,63.09,99.5,Healthy,Stress_Condition
SMP_03072,Mus musculus,60.98,89.47,Diseased,Drug_A
SMP_03073,Rattus norvegicus,45.36,107.08,Diseased,Stress_Condition
SMP_03074,Rattus norvegicus,56.07,134.55,Diseased,Drug_A
SMP_03075,Rattus norvegicus,49.47,65.73,Diseased,Control
SMP_03076,Danio rerio,37.19,114.66,Diseased,Drug_B
SMP_03077,Mus musculus,69.36,105.16,Healthy,Stress_Condition
SMP_03078,Rattus norvegicus,50.83,104.61,Healthy,Drug_A
SMP_03079,Homo sapiens,80.73,126.16,Healthy,Control
SMP_03080,Rattus norvegicus,25.62,101.48,Healthy,Drug_A
SMP_03081,Rattus norvegicus,41.65,114.41,Healthy,Drug_B
SMP_03082,Rattus norvegicus,50.49,121.48,Diseased,Drug_A
SMP_03083,Danio rerio,67.06,84.87,Healthy,Control
SMP_03084,Homo sapiens,55.99,108.98,Healthy,Drug_A
SMP_03085,Mus musculus,54.66,92.48,Diseased,Drug_A
SMP_03086,Homo sapiens,33.09,96.02,Healthy,Stress_Condition
SMP_03087,Mus musculus,32.65,90.34,Diseased,Stress_Condition
SMP_03088,Danio rerio,54.84,114.13,Healthy,Drug_A
SMP_03089,Danio rerio,29.54,102.45,Healthy,Drug_A
SMP_03090,Danio rerio,42.02,111.84,Diseased,Control
SMP_03091,Danio rerio,57.51,99.47,Diseased,Drug_A
SMP_03092,Mus musculus,35.27,51.88,Healthy,Drug_B
SMP_03093,Rattus norvegicus,74.08,100.94,Healthy,Stress_Condition
SMP_03094,Mus musculus,68.36,101.91,Diseased,Drug_B
SMP_03095,Homo sapiens,26.43,107.28,Healthy,Drug_A
SMP_03096,Danio rerio,36.01,82.19,Diseased,Control
SMP_03097,Danio rerio,15.71,64.14,Diseased,Drug_B
SMP_03098,Homo sapiens,38.26,118.74,Healthy,Drug_A
SMP_03099,Mus musculus,61.5,91.79,Diseased,Stress_Condition
SMP_03100,Rattus norvegicus,43.79,105.14,Diseased,Drug_A
SMP_03101,Rattus norvegicus,56.91,91.56,Healthy,Stress_Condition
SMP_03102,Homo sapiens,27.16,99.82,Diseased,Control
SMP_03103,Rattus norvegicus,61.97,86.52,Diseased,Stress_Condition
SMP_03104,Mus musculus,41.67,70.96,Healthy,Drug_A
SMP_03105,Mus musculus,50.18,114.21,Diseased,Control
SMP_03106,Homo sapiens,48.61,81.91,Healthy,Stress_Condition
SMP_03107,Mus musculus,30.93,104.92,Healthy,Stress_Condition
SMP_03108,Danio rerio,32.7,112.31,Diseased,Drug_B
SMP_03109,Homo sapiens,64.52,82.4,Healthy,Stress_Condition
SMP_03110,Mus musculus,55.98,63.88,Diseased,Drug_A
SMP_03111,Homo sapiens,65.75,172.78,Healthy,Control
SMP_03112,Rattus norvegicus,54.87,84.17,Healthy,Drug_A
SMP_03113,Mus musculus,52.14,118.7,Diseased,Stress_Condition
SMP_03114,Danio rerio,24.11,158.18,Diseased,Drug_A
SMP_03115,Mus musculus,45.94,123.7,Diseased,Drug_B
SMP_03116,Homo sapiens,49.59,90.99,Diseased,Drug_A
SMP_03117,Homo sapiens,79.3,97.99,Healthy,Control
SMP_03118,Mus musculus,60.3,75.02,Diseased,Control
SMP_03119,Danio rerio,73.04,126.45,Healthy,Stress_Condition
SMP_03120,Danio rerio,58.96,116.99,Healthy,Control
SMP_03121,Danio rerio,39.33,84.57,Healthy,Drug_A
SMP_03122,Homo sapiens,51.76,68.73,Diseased,Stress_Condition
SMP_03123,Mus musculus,53.54,60.36,Healthy,Drug_A
SMP_03124,Rattus norvegicus,35.91,129.6,Healthy,Drug_B
SMP_03125,Homo sapiens,44.23,103.61,Healthy,Drug_A
SMP_03126,Danio rerio,46.91,106.45,Healthy,Control
SMP_03127,Mus musculus,74.08,75.31,Diseased,Control
SMP_03128,Danio rerio,18.79,56.09,Healthy,Drug_B
SMP_03129,Rattus norvegicus,68.09,128.88,Healthy,Stress_Condition
SMP_03130,Danio rerio,35.95,101.26,Healthy,Control
SMP_03131,Danio rerio,29.42,127.22,Healthy,Control
SMP_03132,Rattus norvegicus,67.7,88.42,Healthy,Control
SMP_03133,Mus musculus,60.98,92.9,Healthy,Drug_B
SMP_03134,Homo sapiens,68.82,121.4,Healthy,Drug_B
SMP_03135,Mus musculus,62.01,121.97,Healthy,Control
SMP_03136,Rattus norvegicus,80.9,123.93,Diseased,Stress_Condition
SMP_03137,Danio rerio,58.38,91.14,Diseased,Control
SMP_03138,Mus musculus,47.65,118.44,Healthy,Drug_A
SMP_03139,Homo sapiens,55.14,133.27,Healthy,Drug_A
SMP_03140,Rattus norvegicus,68.65,96.86,Diseased,Stress_Condition
SMP_03141,Mus musculus,38.31,84.6,Healthy,Control
SMP_03142,Homo sapiens,40.22,140.28,Healthy,Stress_Condition
SMP_03143,Rattus norvegicus,45.37,80.37,Healthy,Drug_A
SMP_03144,Homo sapiens,18.43,118.88,Diseased,Control
SMP_03145,Rattus norvegicus,52.07,98.25,Diseased,Control
SMP_03146,Danio rerio,21.71,44.75,Healthy,Drug_A
SMP_03147,Mus musculus,50.8,133.86,Healthy,Stress_Condition
SMP_03148,Homo sapiens,62.98,17.26,Healthy,Stress_Condition
SMP_03149,Rattus norvegicus,42.85,40.48,Healthy,Drug_B
SMP_03150,Homo sapiens,75.16,115.82,Healthy,Drug_B
SMP_03151,Homo sapiens,28.09,115.81,Diseased,Drug_B
SMP_03152,Mus musculus,67.87,80.87,Healthy,Stress_Condition
SMP_03153,Danio rerio,60.13,104.43,Healthy,Control
SMP_03154,Homo sapiens,24.26,24.06,Healthy,Control
SMP_03155,Rattus norvegicus,90.66,121.21,Healthy,Drug_B
SMP_03156,Rattus norvegicus,49.04,107.49,Diseased,Stress_Condition
SMP_03157,Danio rerio,36.84,98.63,Healthy,Drug_B
SMP_03158,Rattus norvegicus,28.89,100.63,Healthy,Stress_Condition
SMP_03159,Danio rerio,46.7,114.8,Healthy,Stress_Condition
SMP_03160,Rattus norvegicus,48.09,99.13,Healthy,Drug_B
SMP_03161,Mus musculus,51.54,43.78,Diseased,Control
SMP_03162,Homo sapiens,45.53,165.89,Healthy,Control
SMP_03163,Mus musculus,59.5,136.02,Healthy,Stress_Condition
SMP_03164,Homo sapiens,44.19,61.45,Healthy,Drug_A
SMP_03165,Homo sapiens,20.98,89.65,Diseased,Drug_A
SMP_03166,Homo sapiens,47.76,92.92,Diseased,Drug_A
SMP_03167,Mus musculus,14.49,132.37,Diseased,Drug_B
SMP_03168,Homo sapiens,55.31,35.22,Healthy,Control
SMP_03169,Mus musculus,35.31,85.03,Diseased,Drug_A
SMP_03170,Danio rerio,52.45,47.18,Healthy,Drug_A
SMP_03171,Rattus norvegicus,69.71,91.45,Healthy,Drug_A
SMP_03172,Rattus norvegicus,35.77,85.82,Diseased,Drug_A
SMP_03173,Homo sapiens,65.92,102.39,Healthy,Drug_B
SMP_03174,Mus musculus,43.5,81.85,Healthy,Control
SMP_03175,Rattus norvegicus,76.3,77.47,Healthy,Control
SMP_03176,Mus musculus,44.52,118.59,Healthy,Control
SMP_03177,Mus musculus,37.39,113.64,Healthy,Drug_A
SMP_03178,Homo sapiens,60.31,116.54,Diseased,Stress_Condition
SMP_03179,Rattus norvegicus,43.46,94.69,Healthy,Drug_B
SMP_03180,Homo sapiens,37.38,82.85,Diseased,Drug_B
SMP_03181,Homo sapiens,42.83,96.43,Diseased,Drug_B
SMP_03182,Rattus norvegicus,49.33,115.03,Healthy,Control
SMP_03183,Rattus norvegicus,70.13,34.7,Healthy,Control
SMP_03184,Danio rerio,20.99,111.82,Diseased,Drug_B
SMP_03185,Danio rerio,50.35,109.27,Diseased,Drug_A
SMP_03186,Mus musculus,59.37,101.86,Healthy,Stress_Condition
SMP_03187,Rattus norvegicus,52.9,95.52,Healthy,Control
SMP_03188,Danio rerio,69.65,23.02,Diseased,Control
SMP_03189,Mus musculus,48.88,86.8,Healthy,Drug_A
SMP_03190,Mus musculus,47.23,153.68,Diseased,Drug_A
SMP_03191,Mus musculus,58.88,100.39,Healthy,Control
SMP_03192,Danio rerio,51.49,90.78,Diseased,Drug_A
SMP_03193,Rattus norvegicus,44.14,100.51,Healthy,Drug_A
SMP_03194,Homo sapiens,57.74,110.64,Diseased,Drug_A
SMP_03195,Mus musculus,40.21,119.76,Diseased,Stress_Condition
SMP_03196,Danio rerio,40.83,93.13,Healthy,Stress_Condition
SMP_03197,Danio rerio,42.08,112.75,Diseased,Stress_Condition
SMP_03198,Homo sapiens,70.3,150.3,Healthy,Drug_A
SMP_03199,Homo sapiens,1.68,130.19,Healthy,Drug_A
SMP_03200,Danio rerio,55.93,170.21,Diseased,Stress_Condition
SMP_03201,Rattus norvegicus,50.51,80.3,Healthy,Stress_Condition
SMP_03202,Homo sapiens,24.79,150.29,Healthy,Drug_B
SMP_03203,Danio rerio,54.65,76.28,Healthy,Control
SMP_03204,Homo sapiens,57.14,110.61,Healthy,Stress_Condition
SMP_03205,Rattus norvegicus,58.84,121.97,Diseased,Drug_B
SMP_03206,Mus musculus,10.22,84.68,Healthy,Drug_B
SMP_03207,Homo sapiens,70.5,102.64,Healthy,Stress_Condition
SMP_03208,Rattus norvegicus,38.93,127.31,Healthy,Drug_B
SMP_03209,Danio rerio,60.3,78.69,Healthy,Stress_Condition
SMP_03210,Homo sapiens,61.12,150.08,Healthy,Control
SMP_03211,Homo sapiens,36.85,58.46,Diseased,Control
SMP_03212,Danio rerio,59.91,158.19,Healthy,Control
SMP_03213,Mus musculus,44.22,130.04,Healthy,Stress_Condition
SMP_03214,Danio rerio,18.93,97.31,Diseased,Drug_B
SMP_03215,Homo sapiens,67.52,87.92,Healthy,Stress_Condition
SMP_03216,Danio rerio,38.37,84.79,Healthy,Control
SMP_03217,Rattus norvegicus,37.18,95.93,Diseased,Drug_B
SMP_03218,Danio rerio,43.95,98.55,Healthy,Drug_A
SMP_03219,Homo sapiens,54.08,137.66,Healthy,Control
SMP_03220,Danio rerio,49.14,159.06,Healthy,Stress_Condition
SMP_03221,Mus musculus,58.22,105.98,Healthy,Stress_Condition
SMP_03222,Danio rerio,29.91,74.63,Healthy,Stress_Condition
SMP_03223,Mus musculus,38.86,83.63,Diseased,Drug_A
SMP_03224,Rattus norvegicus,48.26,94.51,Healthy,Drug_B
SMP_03225,Mus musculus,78.47,69.1,Diseased,Stress_Condition
SMP_03226,Danio rerio,48.29,64.63,Diseased,Stress_Condition
SMP_03227,Homo sapiens,66.28,162.91,Diseased,Stress_Condition
SMP_03228,Mus musculus,50.58,109.08,Healthy,Control
SMP_03229,Rattus norvegicus,42.75,75.01,Healthy,Control
SMP_03230,Mus musculus,46.3,124.5,Healthy,Drug_A
SMP_03231,Mus musculus,47.47,64.65,Diseased,Drug_B
SMP_03232,Mus musculus,59.05,67.12,Healthy,Drug_B
SMP_03233,Rattus norvegicus,70.62,75.91,Diseased,Stress_Condition
SMP_03234,Danio rerio,55.4,149.64,Healthy,Stress_Condition
SMP_03235,Mus musculus,67.81,92.41,Diseased,Control
SMP_03236,Mus musculus,35.53,26.75,Healthy,Control
SMP_03237,Homo sapiens,43.78,136.3,Diseased,Control
SMP_03238,Rattus norvegicus,39.14,90.81,Healthy,Control
SMP_03239,Mus musculus,54.72,44.52,Diseased,Stress_Condition
SMP_03240,Rattus norvegicus,44.62,90.5,Healthy,Control
SMP_03241,Mus musculus,60.95,115.63,Diseased,Drug_B
SMP_03242,Danio rerio,36.03,112.12,Diseased,Control
SMP_03243,Danio rerio,50.65,153.95,Healthy,Drug_A
SMP_03244,Mus musculus,60.3,74.42,Healthy,Control
SMP_03245,Danio rerio,19.02,101.4,Healthy,Stress_Condition
SMP_03246,Mus musculus,81.82,79.01,Healthy,Stress_Condition
SMP_03247,Danio rerio,45.75,53.73,Diseased,Stress_Condition
SMP_03248,Homo sapiens,19.62,126.57,Healthy,Control
SMP_03249,Homo sapiens,52.37,113.9,Healthy,Drug_B
SMP_03250,Homo sapiens,50.5,108.51,Diseased,Stress_Condition
SMP_03251,Rattus norvegicus,48.77,112.8,Healthy,Drug_B
SMP_03252,Rattus norvegicus,64.87,79.44,Diseased,Stress_Condition
SMP_03253,Homo sapiens,61.21,69.83,Healthy,Stress_Condition
SMP_03254,Rattus norvegicus,54.47,101.13,Healthy,Drug_B
SMP_03255,Danio rerio,56.75,134.84,Healthy,Drug_A
SMP_03256,Mus musculus,48.43,148.24,Healthy,Stress_Condition
SMP_03257,Mus musculus,76.63,123.86,Healthy,Drug_B
SMP_03258,Mus musculus,27.81,100.88,Healthy,Stress_Condition
SMP_03259,Homo sapiens,52.09,108.09,Healthy,Control
SMP_03260,Rattus norvegicus,50.98,100.35,Healthy,Drug_B
SMP_03261,Danio rerio,62.2,69.22,Healthy,Stress_Condition
SMP_03262,Danio rerio,37.34,100.74,Healthy,Drug_A
SMP_03263,Homo sapiens,23.84,59.96,Diseased,Control
SMP_03264,Danio rerio,52.35,96.28,Diseased,Stress_Condition
SMP_03265,Danio rerio,54.22,149.08,Diseased,Control
SMP_03266,Danio rerio,72.34,124.69,Diseased,Drug_A
SMP_03267,Danio rerio,30.94,72.31,Diseased,Drug_B
SMP_03268,Rattus norvegicus,67.32,97.83,Healthy,Stress_Condition
SMP_03269,Danio rerio,85.51,74.97,Healthy,Drug_B
SMP_03270,Mus musculus,44.33,98.12,Healthy,Stress_Condition
SMP_03271,Homo sapiens,30.64,131.23,Diseased,Stress_Condition
SMP_03272,Rattus norvegicus,43.9,119.59,Diseased,Drug_B
SMP_03273,Danio rerio,50.21,174.52,Healthy,Drug_B
SMP_03274,Rattus norvegicus,58.46,135.77,Healthy,Stress_Condition
SMP_03275,Danio rerio,41.13,106.12,Diseased,Drug_A
SMP_03276,Mus musculus,73.33,120.31,Healthy,Drug_A
SMP_03277,Homo sapiens,33.28,93.93,Healthy,Stress_Condition
SMP_03278,Danio rerio,23.91,66.17,Healthy,Drug_B
SMP_03279,Danio rerio,66.6,139.17,Diseased,Drug_A
SMP_03280,Danio rerio,15.88,130.27,Healthy,Stress_Condition
SMP_03281,Danio rerio,46.94,92.77,Healthy,Control
SMP_03282,Homo sapiens,96.77,108.22,Healthy,Stress_Condition
SMP_03283,Homo sapiens,49.82,137.23,Healthy,Drug_B
SMP_03284,Mus musculus,33.19,125.39,Healthy,Stress_Condition
SMP_03285,Homo sapiens,49.14,56.11,Healthy,Control
SMP_03286,Danio rerio,49.24,107.31,Healthy,Control
SMP_03287,Mus musculus,52.41,94.97,Healthy,Stress_Condition
SMP_03288,Mus musculus,59.93,133.39,Healthy,Control
SMP_03289,Mus musculus,34.41,130.93,Healthy,Stress_Condition
SMP_03290,Danio rerio,75.31,139.56,Diseased,Drug_B
SMP_03291,Rattus norvegicus,53.68,66.46,Healthy,Drug_B
SMP_03292,Danio rerio,60.9,76.48,Healthy,Drug_B
SMP_03293,Homo sapiens,40.58,133.42,Diseased,Drug_A
SMP_03294,Homo sapiens,69.3,82.25,Healthy,Stress_Condition
SMP_03295,Danio rerio,46.14,54.36,Healthy,Drug_B
SMP_03296,Danio rerio,54.16,115.98,Healthy,Stress_Condition
SMP_03297,Mus musculus,36.0,83.58,Diseased,Control
SMP_03298,Danio rerio,35.05,153.69,Diseased,Drug_B
SMP_03299,Mus musculus,60.32,108.89,Healthy,Drug_A
SMP_03300,Homo sapiens,43.35,104.81,Diseased,Drug_B
SMP_03301,Mus musculus,37.19,88.92,Healthy,Drug_A
SMP_03302,Danio rerio,40.35,147.73,Diseased,Control
SMP_03303,Homo sapiens,60.48,110.76,Healthy,Stress_Condition
SMP_03304,Rattus norvegicus,40.56,87.75,Diseased,Control
SMP_03305,Mus musculus,48.24,76.18,Healthy,Control
SMP_03306,Homo sapiens,50.23,97.8,Healthy,Control
SMP_03307,Mus musculus,21.24,70.67,Healthy,Control
SMP_03308,Homo sapiens,27.93,130.87,Diseased,Control
SMP_03309,Homo sapiens,55.04,45.75,Diseased,Stress_Condition
SMP_03310,Mus musculus,38.94,95.81,Healthy,Drug_A
SMP_03311,Rattus norvegicus,65.85,118.3,Diseased,Control
SMP_03312,Homo sapiens,64.5,110.26,Diseased,Drug_B
SMP_03313,Homo sapiens,60.79,78.48,Diseased,Drug_A
SMP_03314,Homo sapiens,77.3,119.81,Healthy,Drug_A
SMP_03315,Rattus norvegicus,48.75,73.42,Healthy,Drug_B
SMP_03316,Rattus norvegicus,59.73,99.33,Healthy,Drug_B
SMP_03317,Danio rerio,41.23,119.56,Healthy,Drug_B
SMP_03318,Mus musculus,86.79,113.89,Diseased,Drug_B
SMP_03319,Rattus norvegicus,79.75,79.75,Diseased,Drug_B
SMP_03320,Mus musculus,50.18,135.92,Diseased,Control
SMP_03321,Danio rerio,55.8,102.6,Healthy,Drug_A
SMP_03322,Mus musculus,70.39,122.29,Diseased,Drug_B
SMP_03323,Rattus norvegicus,47.79,145.87,Healthy,Drug_B
SMP_03324,Mus musculus,40.15,133.53,Diseased,Stress_Condition
SMP_03325,Rattus norvegicus,63.11,133.6,Healthy,Drug_A
SMP_03326,Mus musculus,51.18,105.78,Diseased,Drug_A
SMP_03327,Rattus norvegicus,52.74,123.82,Diseased,Control
SMP_03328,Rattus norvegicus,37.49,106.41,Diseased,Drug_A
SMP_03329,Mus musculus,24.23,63.72,Healthy,Drug_B
SMP_03330,Danio rerio,53.54,109.08,Healthy,Stress_Condition
SMP_03331,Homo sapiens,63.57,107.69,Healthy,Drug_A
SMP_03332,Danio rerio,46.61,117.51,Healthy,Stress_Condition
SMP_03333,Mus musculus,71.55,96.16,Diseased,Drug_B
SMP_03334,Danio rerio,39.44,77.16,Diseased,Stress_Condition
SMP_03335,Rattus norvegicus,34.18,119.7,Healthy,Drug_A
SMP_03336,Homo sapiens,48.99,60.6,Healthy,Drug_A
SMP_03337,Mus musculus,48.76,143.76,Diseased,Control
SMP_03338,Mus musculus,61.55,93.06,Healthy,Drug_B
SMP_03339,Mus musculus,38.38,107.37,Healthy,Control
SMP_03340,Homo sapiens,70.52,116.76,Diseased,Control
SMP_03341,Rattus norvegicus,79.5,117.72,Diseased,Drug_B
SMP_03342,Mus musculus,49.41,57.73,Healthy,Drug_A
SMP_03343,Danio rerio,68.75,124.72,Healthy,Stress_Condition
SMP_03344,Mus musculus,34.15,109.09,Healthy,Control
SMP_03345,Mus musculus,66.13,80.94,Healthy,Drug_A
SMP_03346,Mus musculus,65.71,77.51,Healthy,Drug_A
SMP_03347,Mus musculus,62.95,89.98,Healthy,Control
SMP_03348,Rattus norvegicus,49.77,61.04,Diseased,Control
SMP_03349,Danio rerio,5.69,151.67,Diseased,Control
SMP_03350,Rattus norvegicus,40.37,144.58,Diseased,Drug_A
SMP_03351,Danio rerio,40.61,113.55,Healthy,Drug_B
SMP_03352,Mus musculus,35.33,93.3,Healthy,Drug_B
SMP_03353,Homo sapiens,51.83,94.09,Diseased,Control
SMP_03354,Rattus norvegicus,43.72,122.74,Diseased,Stress_Condition
SMP_03355,Homo sapiens,37.63,152.73,Diseased,Drug_A
SMP_03356,Rattus norvegicus,34.12,82.89,Diseased,Stress_Condition
SMP_03357,Mus musculus,39.27,66.47,Diseased,Control
SMP_03358,Rattus norvegicus,66.82,146.43,Healthy,Drug_A
SMP_03359,Mus musculus,40.08,46.39,Healthy,Drug_B
SMP_03360,Rattus norvegicus,42.28,69.74,Healthy,Drug_B
SMP_03361,Mus musculus,43.15,92.59,Diseased,Stress_Condition
SMP_03362,Mus musculus,55.08,53.19,Healthy,Control
SMP_03363,Danio rerio,56.84,133.36,Diseased,Stress_Condition
SMP_03364,Mus musculus,4.33,125.71,Healthy,Control
SMP_03365,Danio rerio,65.32,82.76,Diseased,Drug_B
SMP_03366,Mus musculus,71.55,138.39,Healthy,Drug_A
SMP_03367,Homo sapiens,34.25,143.48,Healthy,Drug_B
SMP_03368,Mus musculus,35.42,96.6,Diseased,Stress_Condition
SMP_03369,Homo sapiens,43.25,86.48,Healthy,Drug_A
SMP_03370,Homo sapiens,38.66,167.79,Healthy,Control
SMP_03371,Mus musculus,53.36,121.63,Healthy,Drug_B
SMP_03372,Homo sapiens,20.8,107.69,Diseased,Control
SMP_03373,Danio rerio,33.23,140.91,Diseased,Drug_B
SMP_03374,Rattus norvegicus,73.09,109.06,Diseased,Control
SMP_03375,Mus musculus,36.08,84.83,Diseased,Drug_B
SMP_03376,Homo sapiens,68.65,102.4,Diseased,Drug_B
SMP_03377,Mus musculus,55.33,131.16,Healthy,Control
SMP_03378,Danio rerio,22.86,40.23,Healthy,Drug_B
SMP_03379,Mus musculus,59.53,91.36,Healthy,Drug_B
SMP_03380,Mus musculus,48.23,141.49,Healthy,Drug_B
SMP_03381,Homo sapiens,43.17,84.64,Diseased,Stress_Condition
SMP_03382,Danio rerio,53.67,146.38,Healthy,Drug_B
SMP_03383,Rattus norvegicus,57.12,142.44,Healthy,Control
SMP_03384,Rattus norvegicus,60.61,98.03,Healthy,Control
SMP_03385,Homo sapiens,67.67,82.94,Healthy,Stress_Condition
SMP_03386,Mus musculus,56.12,91.38,Diseased,Drug_B
SMP_03387,Homo sapiens,29.37,179.94,Healthy,Stress_Condition
SMP_03388,Homo sapiens,42.9,156.23,Diseased,Stress_Condition
SMP_03389,Homo sapiens,94.15,103.76,Healthy,Drug_B
SMP_03390,Mus musculus,60.87,81.76,Diseased,Control
SMP_03391,Danio rerio,85.54,103.51,Healthy,Drug_B
SMP_03392,Homo sapiens,70.93,107.31,Healthy,Stress_Condition
SMP_03393,Mus musculus,53.63,62.7,Diseased,Drug_A
SMP_03394,Danio rerio,54.52,102.4,Healthy,Stress_Condition
SMP_03395,Homo sapiens,49.45,139.67,Healthy,Control
SMP_03396,Rattus norvegicus,23.93,46.02,Healthy,Drug_B
SMP_03397,Danio rerio,50.27,124.8,Healthy,Drug_A
SMP_03398,Homo sapiens,68.16,141.24,Diseased,Stress_Condition
SMP_03399,Danio rerio,41.01,83.18,Healthy,Stress_Condition
SMP_03400,Danio rerio,56.18,150.83,Diseased,Stress_Condition
SMP_03401,Danio rerio,62.77,79.29,Healthy,Drug_B
SMP_03402,Danio rerio,36.35,113.23,Healthy,Drug_B
SMP_03403,Danio rerio,43.23,90.8,Healthy,Stress_Condition
SMP_03404,Danio rerio,34.73,90.79,Diseased,Drug_B
SMP_03405,Homo sapiens,37.67,81.48,Healthy,Drug_A
SMP_03406,Rattus norvegicus,30.69,120.96,Diseased,Drug_A
SMP_03407,Mus musculus,36.49,125.46,Healthy,Control
SMP_03408,Danio rerio,71.29,98.07,Diseased,Drug_B
SMP_03409,Mus musculus,36.27,59.2,Diseased,Drug_B
SMP_03410,Homo sapiens,51.9,112.1,Healthy,Stress_Condition
SMP_03411,Danio rerio,42.46,112.66,Diseased,Drug_A
SMP_03412,Rattus norvegicus,67.68,93.5,Healthy,Drug_B
SMP_03413,Mus musculus,69.67,156.02,Healthy,Drug_B
SMP_03414,Danio rerio,62.96,53.08,Healthy,Drug_B
SMP_03415,Homo sapiens,54.59,33.48,Diseased,Stress_Condition
SMP_03416,Rattus norvegicus,46.53,78.07,Healthy,Drug_A
SMP_03417,Mus musculus,32.12,121.31,Healthy,Drug_B
SMP_03418,Mus musculus,79.15,68.32,Diseased,Drug_B
SMP_03419,Danio rerio,38.6,70.57,Healthy,Stress_Condition
SMP_03420,Rattus norvegicus,59.95,128.53,Healthy,Control
SMP_03421,Rattus norvegicus,65.89,113.88,Diseased,Stress_Condition
SMP_03422,Rattus norvegicus,41.67,111.31,Healthy,Drug_B
SMP_03423,Rattus norvegicus,65.57,123.44,Healthy,Drug_A
SMP_03424,Homo sapiens,61.46,87.24,Diseased,Drug_A
SMP_03425,Rattus norvegicus,75.92,88.63,Healthy,Drug_B
SMP_03426,Mus musculus,42.96,124.29,Healthy,Control
SMP_03427,Mus musculus,30.71,59.65,Healthy,Stress_Condition
SMP_03428,Homo sapiens,42.42,35.72,Diseased,Drug_B
SMP_03429,Mus musculus,53.13,87.0,Healthy,Drug_B
SMP_03430,Mus musculus,50.87,127.93,Healthy,Drug_B
SMP_03431,Rattus norvegicus,44.1,107.67,Healthy,Stress_Condition
SMP_03432,Mus musculus,21.36,125.72,Healthy,Drug_A
SMP_03433,Homo sapiens,57.06,39.51,Diseased,Stress_Condition
SMP_03434,Rattus norvegicus,79.59,109.46,Healthy,Drug_B
SMP_03435,Danio rerio,56.96,119.62,Diseased,Drug_A
SMP_03436,Rattus norvegicus,59.14,59.48,Healthy,Control
SMP_03437,Homo sapiens,58.59,125.86,Healthy,Drug_B
SMP_03438,Rattus norvegicus,55.96,96.65,Healthy,Drug_A
SMP_03439,Rattus norvegicus,63.97,192.14,Healthy,Drug_A
SMP_03440,Homo sapiens,55.93,34.68,Healthy,Drug_A
SMP_03441,Rattus norvegicus,45.31,141.07,Diseased,Drug_B
SMP_03442,Homo sapiens,38.06,88.18,Diseased,Control
SMP_03443,Homo sapiens,46.27,51.49,Healthy,Drug_A
SMP_03444,Danio rerio,54.71,84.19,Diseased,Drug_B
SMP_03445,Mus musculus,45.26,108.32,Diseased,Drug_A
SMP_03446,Mus musculus,54.72,131.12,Healthy,Stress_Condition
SMP_03447,Rattus norvegicus,56.59,151.66,Healthy,Drug_A
SMP_03448,Rattus norvegicus,62.5,142.66,Diseased,Drug_B
SMP_03449,Danio rerio,69.24,71.04,Healthy,Drug_A
SMP_03450,Danio rerio,51.17,133.9,Diseased,Drug_A
SMP_03451,Danio rerio,30.38,111.74,Diseased,Stress_Condition
SMP_03452,Homo sapiens,44.82,80.36,Healthy,Stress_Condition
SMP_03453,Danio rerio,50.66,93.64,Diseased,Drug_B
SMP_03454,Danio rerio,22.46,78.7,Healthy,Control
SMP_03455,Rattus norvegicus,70.83,101.11,Healthy,Control
SMP_03456,Danio rerio,52.14,78.11,Healthy,Control
SMP_03457,Homo sapiens,55.72,69.16,Healthy,Control
SMP_03458,Homo sapiens,70.48,114.37,Healthy,Drug_B
SMP_03459,Rattus norvegicus,40.55,118.86,Healthy,Drug_B
SMP_03460,Danio rerio,58.61,94.37,Diseased,Stress_Condition
SMP_03461,Danio rerio,48.35,141.03,Healthy,Stress_Condition
SMP_03462,Homo sapiens,47.24,92.19,Healthy,Control
SMP_03463,Danio rerio,38.42,90.92,Healthy,Stress_Condition
SMP_03464,Danio rerio,74.98,119.81,Healthy,Drug_B
SMP_03465,Danio rerio,44.37,96.03,Healthy,Control
SMP_03466,Mus musculus,60.49,102.54,Diseased,Drug_A
SMP_03467,Rattus norvegicus,21.87,24.39,Healthy,Drug_A
SMP_03468,Mus musculus,67.7,100.5,Diseased,Drug_A
SMP_03469,Rattus norvegicus,65.78,45.18,Healthy,Stress_Condition
SMP_03470,Homo sapiens,51.46,63.37,Diseased,Control
SMP_03471,Danio rerio,46.6,59.94,Healthy,Drug_A
SMP_03472,Rattus norvegicus,56.0,68.72,Healthy,Control
SMP_03473,Mus musculus,84.33,83.53,Diseased,Drug_B
SMP_03474,Danio rerio,23.55,85.41,Healthy,Drug_A
SMP_03475,Homo sapiens,61.73,119.93,Diseased,Drug_A
SMP_03476,Rattus norvegicus,36.33,106.67,Diseased,Drug_A
SMP_03477,Rattus norvegicus,49.7,42.97,Healthy,Drug_B
SMP_03478,Rattus norvegicus,46.28,102.5,Diseased,Control
SMP_03479,Danio rerio,43.58,109.55,Diseased,Drug_A
SMP_03480,Mus musculus,49.84,90.14,Healthy,Drug_A
SMP_03481,Mus musculus,32.99,98.17,Healthy,Control
SMP_03482,Rattus norvegicus,65.44,105.71,Healthy,Stress_Condition
SMP_03483,Homo sapiens,23.09,122.94,Healthy,Stress_Condition
SMP_03484,Homo sapiens,58.1,52.75,Healthy,Drug_A
SMP_03485,Mus musculus,45.1,92.67,Diseased,Drug_A
SMP_03486,Homo sapiens,32.44,145.25,Diseased,Stress_Condition
SMP_03487,Mus musculus,53.04,142.5,Diseased,Stress_Condition
SMP_03488,Rattus norvegicus,26.65,125.53,Diseased,Drug_A
SMP_03489,Mus musculus,50.6,116.1,Healthy,Control
SMP_03490,Mus musculus,28.66,149.64,Healthy,Stress_Condition
SMP_03491,Rattus norvegicus,56.92,157.54,Diseased,Drug_A
SMP_03492,Homo sapiens,36.13,96.13,Healthy,Drug_B
SMP_03493,Mus musculus,43.24,70.92,Diseased,Control
SMP_03494,Mus musculus,54.41,91.89,Healthy,Drug_A
SMP_03495,Rattus norvegicus,38.41,192.9,Healthy,Drug_B
SMP_03496,Homo sapiens,49.13,52.92,Healthy,Stress_Condition
SMP_03497,Mus musculus,27.29,85.88,Healthy,Drug_B
SMP_03498,Rattus norvegicus,59.46,57.62,Healthy,Drug_B
SMP_03499,Mus musculus,76.47,103.74,Healthy,Drug_B
SMP_03500,Danio rerio,91.88,63.92,Healthy,Stress_Condition
SMP_03501,Rattus norvegicus,51.37,96.74,Healthy,Drug_B
SMP_03502,Homo sapiens,61.82,41.5,Healthy,Stress_Condition
SMP_03503,Homo sapiens,23.29,118.53,Healthy,Drug_A
SMP_03504,Homo sapiens,72.54,136.67,Diseased,Drug_B
SMP_03505,Homo sapiens,61.64,88.48,Healthy,Control
SMP_03506,Mus musculus,42.74,95.95,Healthy,Drug_A
SMP_03507,Mus musculus,68.56,95.1,Diseased,Stress_Condition
SMP_03508,Homo sapiens,46.18,105.43,Diseased,Drug_A
SMP_03509,Homo sapiens,43.13,98.85,Healthy,Drug_B
SMP_03510,Homo sapiens,57.13,123.04,Healthy,Stress_Condition
SMP_03511,Mus musculus,34.05,136.99,Healthy,Drug_B
SMP_03512,Homo sapiens,65.32,75.58,Healthy,Drug_A
SMP_03513,Homo sapiens,34.16,90.72,Diseased,Control
SMP_03514,Danio rerio,34.25,127.05,Diseased,Drug_A
SMP_03515,Danio rerio,36.35,57.35,Diseased,Drug_A
SMP_03516,Homo sapiens,61.39,40.88,Diseased,Drug_B
SMP_03517,Rattus norvegicus,40.75,106.79,Healthy,Control
SMP_03518,Homo sapiens,29.78,114.89,Diseased,Drug_B
SMP_03519,Danio rerio,40.91,78.33,Healthy,Drug_B
SMP_03520,Rattus norvegicus,49.52,82.64,Healthy,Drug_B
SMP_03521,Rattus norvegicus,32.29,77.19,Diseased,Stress_Condition
SMP_03522,Homo sapiens,32.72,73.99,Healthy,Drug_B
SMP_03523,Danio rerio,81.67,120.8,Healthy,Control
SMP_03524,Danio rerio,37.09,64.59,Diseased,Drug_B
SMP_03525,Rattus norvegicus,45.15,92.03,Healthy,Drug_B
SMP_03526,Homo sapiens,44.49,72.84,Healthy,Control
SMP_03527,Mus musculus,43.68,56.34,Healthy,Drug_A
SMP_03528,Mus musculus,59.32,126.11,Diseased,Drug_B
SMP_03529,Danio rerio,64.22,84.41,Healthy,Drug_A
SMP_03530,Mus musculus,45.41,105.65,Healthy,Drug_B
SMP_03531,Danio rerio,31.45,54.76,Healthy,Drug_B
SMP_03532,Danio rerio,69.12,77.74,Diseased,Stress_Condition
SMP_03533,Danio rerio,48.57,122.68,Diseased,Control
SMP_03534,Mus musculus,75.95,177.62,Healthy,Control
SMP_03535,Danio rerio,16.32,40.71,Healthy,Drug_A
SMP_03536,Rattus norvegicus,52.93,93.97,Healthy,Stress_Condition
SMP_03537,Homo sapiens,78.78,112.37,Healthy,Drug_B
SMP_03538,Homo sapiens,44.7,81.52,Healthy,Stress_Condition
SMP_03539,Danio rerio,46.62,125.49,Healthy,Control
SMP_03540,Homo sapiens,54.43,74.0,Diseased,Drug_B
SMP_03541,Mus musculus,41.62,104.62,Diseased,Drug_B
SMP_03542,Mus musculus,45.32,84.34,Healthy,Drug_A
SMP_03543,Homo sapiens,44.93,136.58,Healthy,Stress_Condition
SMP_03544,Mus musculus,40.59,79.71,Healthy,Drug_B
SMP_03545,Homo sapiens,68.43,89.44,Healthy,Control
SMP_03546,Homo sapiens,56.92,128.37,Healthy,Drug_A
SMP_03547,Homo sapiens,53.76,69.16,Healthy,Control
SMP_03548,Danio rerio,62.13,102.06,Healthy,Drug_A
SMP_03549,Homo sapiens,46.03,45.32,Healthy,Stress_Condition
SMP_03550,Danio rerio,38.39,67.36,Diseased,Drug_A
SMP_03551,Homo sapiens,40.96,111.46,Healthy,Stress_Condition
SMP_03552,Homo sapiens,50.03,70.28,Healthy,Stress_Condition
SMP_03553,Homo sapiens,34.11,83.66,Healthy,Drug_B
SMP_03554,Mus musculus,42.5,114.79,Diseased,Stress_Condition
SMP_03555,Danio rerio,42.26,82.62,Healthy,Drug_A
SMP_03556,Danio rerio,81.87,124.69,Healthy,Drug_A
SMP_03557,Homo sapiens,8.39,106.47,Diseased,Drug_B
SMP_03558,Homo sapiens,47.31,113.07,Diseased,Drug_A
SMP_03559,Mus musculus,75.89,137.23,Diseased,Stress_Condition
SMP_03560,Mus musculus,51.83,109.59,Healthy,Drug_A
SMP_03561,Mus musculus,61.3,146.17,Diseased,Control
SMP_03562,Danio rerio,51.5,127.34,Diseased,Control
SMP_03563,Danio rerio,39.99,84.3,Diseased,Drug_B
SMP_03564,Danio rerio,16.37,138.79,Healthy,Stress_Condition
SMP_03565,Homo sapiens,53.08,107.92,Healthy,Drug_A
SMP_03566,Danio rerio,38.37,88.16,Diseased,Drug_B
SMP_03567,Rattus norvegicus,37.99,108.35,Diseased,Drug_B
SMP_03568,Rattus norvegicus,42.52,133.37,Diseased,Stress_Condition
SMP_03569,Mus musculus,76.17,113.65,Diseased,Drug_B
SMP_03570,Danio rerio,86.07,154.67,Healthy,Control
SMP_03571,Rattus norvegicus,53.26,132.6,Healthy,Drug_B
SMP_03572,Mus musculus,43.03,115.69,Diseased,Drug_A
SMP_03573,Danio rerio,32.34,69.22,Diseased,Control
SMP_03574,Homo sapiens,57.03,94.61,Diseased,Control
SMP_03575,Rattus norvegicus,76.74,102.15,Diseased,Control
SMP_03576,Homo sapiens,46.29,120.9,Healthy,Drug_A
SMP_03577,Danio rerio,14.32,119.12,Healthy,Stress_Condition
SMP_03578,Rattus norvegicus,60.05,105.09,Diseased,Drug_B
SMP_03579,Danio rerio,64.78,103.61,Healthy,Drug_B
SMP_03580,Homo sapiens,26.21,121.61,Diseased,Control
SMP_03581,Rattus norvegicus,52.65,74.24,Diseased,Control
SMP_03582,Homo sapiens,56.77,150.87,Healthy,Drug_B
SMP_03583,Danio rerio,48.9,38.58,Diseased,Drug_A
SMP_03584,Danio rerio,38.14,143.66,Healthy,Control
SMP_03585,Homo sapiens,65.24,98.64,Diseased,Control
SMP_03586,Rattus norvegicus,43.95,130.08,Healthy,Drug_A
SMP_03587,Homo sapiens,27.72,110.92,Diseased,Stress_Condition
SMP_03588,Danio rerio,19.26,110.38,Diseased,Control
SMP_03589,Homo sapiens,68.91,116.63,Healthy,Stress_Condition
SMP_03590,Danio rerio,59.25,124.27,Diseased,Drug_A
SMP_03591,Homo sapiens,51.32,90.14,Diseased,Drug_B
SMP_03592,Rattus norvegicus,43.4,131.04,Diseased,Drug_B
SMP_03593,Rattus norvegicus,42.07,67.47,Diseased,Stress_Condition
SMP_03594,Homo sapiens,33.86,99.84,Healthy,Control
SMP_03595,Homo sapiens,43.53,125.08,Healthy,Drug_B
SMP_03596,Rattus norvegicus,18.2,129.85,Healthy,Drug_A
SMP_03597,Danio rerio,38.96,113.82,Diseased,Control
SMP_03598,Rattus norvegicus,45.34,88.2,Healthy,Stress_Condition
SMP_03599,Danio rerio,59.15,126.9,Healthy,Stress_Condition
SMP_03600,Homo sapiens,49.4,79.92,Healthy,Stress_Condition
SMP_03601,Homo sapiens,61.92,152.54,Healthy,Stress_Condition
SMP_03602,Danio rerio,70.24,97.46,Diseased,Drug_A
SMP_03603,Homo sapiens,65.87,53.81,Healthy,Drug_B
SMP_03604,Danio rerio,57.06,64.16,Diseased,Stress_Condition
SMP_03605,Mus musculus,50.18,101.31,Healthy,Drug_B
SMP_03606,Rattus norvegicus,35.29,104.19,Diseased,Drug_B
SMP_03607,Mus musculus,61.1,159.09,Healthy,Stress_Condition
SMP_03608,Danio rerio,75.2,68.85,Healthy,Control
SMP_03609,Rattus norvegicus,55.13,101.18,Healthy,Stress_Condition
SMP_03610,Danio rerio,78.76,68.22,Healthy,Drug_A
SMP_03611,Rattus norvegicus,27.12,85.22,Healthy,Control
SMP_03612,Rattus norvegicus,32.69,150.52,Healthy,Stress_Condition
SMP_03613,Rattus norvegicus,62.83,65.91,Healthy,Drug_B
SMP_03614,Rattus norvegicus,53.96,117.61,Healthy,Drug_B
SMP_03615,Danio rerio,69.71,111.79,Diseased,Control
SMP_03616,Rattus norvegicus,49.77,99.27,Healthy,Drug_A
SMP_03617,Rattus norvegicus,36.98,115.58,Diseased,Drug_B
SMP_03618,Mus musculus,46.8,65.2,Diseased,Drug_A
SMP_03619,Homo sapiens,27.01,149.69,Healthy,Drug_B
SMP_03620,Homo sapiens,33.07,157.75,Healthy,Control
SMP_03621,Mus musculus,64.59,101.41,Healthy,Stress_Condition
SMP_03622,Mus musculus,63.09,172.69,Healthy,Drug_B
SMP_03623,Danio rerio,55.45,88.03,Diseased,Control
SMP_03624,Danio rerio,24.18,112.01,Healthy,Control
SMP_03625,Danio rerio,44.62,142.96,Healthy,Stress_Condition
SMP_03626,Mus musculus,31.63,86.23,Healthy,Stress_Condition
SMP_03627,Mus musculus,67.65,58.55,Diseased,Control
SMP_03628,Rattus norvegicus,41.24,51.65,Diseased,Drug_B
SMP_03629,Danio rerio,33.71,161.82,Diseased,Drug_A
SMP_03630,Danio rerio,50.45,84.13,Diseased,Drug_A
SMP_03631,Danio rerio,40.4,94.43,Healthy,Stress_Condition
SMP_03632,Homo sapiens,72.26,66.62,Healthy,Drug_B
SMP_03633,Rattus norvegicus,38.98,128.45,Healthy,Control
SMP_03634,Danio rerio,29.01,76.55,Healthy,Drug_A
SMP_03635,Danio rerio,17.71,85.26,Healthy,Drug_A
SMP_03636,Danio rerio,49.54,108.99,Healthy,Drug_B
SMP_03637,Homo sapiens,41.57,68.08,Healthy,Control
SMP_03638,Homo sapiens,28.57,94.64,Healthy,Stress_Condition
SMP_03639,Mus musculus,67.84,142.07,Diseased,Drug_A
SMP_03640,Rattus norvegicus,60.01,112.85,Diseased,Drug_B
SMP_03641,Mus musculus,49.58,103.92,Healthy,Stress_Condition
SMP_03642,Rattus norvegicus,70.46,106.45,Healthy,Drug_B
SMP_03643,Homo sapiens,59.94,88.33,Healthy,Control
SMP_03644,Danio rerio,37.66,159.88,Diseased,Drug_B
SMP_03645,Mus musculus,34.41,75.64,Diseased,Stress_Condition
SMP_03646,Danio rerio,62.27,106.33,Healthy,Control
SMP_03647,Mus musculus,55.95,103.45,Healthy,Drug_A
SMP_03648,Homo sapiens,52.55,130.26,Healthy,Stress_Condition
SMP_03649,Homo sapiens,37.3,133.1,Healthy,Drug_B
SMP_03650,Homo sapiens,59.12,99.04,Diseased,Drug_A
SMP_03651,Mus musculus,38.67,108.72,Healthy,Control
SMP_03652,Rattus norvegicus,48.47,109.86,Diseased,Stress_Condition
SMP_03653,Mus musculus,71.7,31.84,Healthy,Control
SMP_03654,Rattus norvegicus,40.09,52.33,Diseased,Control
SMP_03655,Mus musculus,26.41,81.85,Healthy,Drug_B
SMP_03656,Mus musculus,34.21,83.15,Healthy,Drug_B
SMP_03657,Homo sapiens,64.91,64.02,Diseased,Drug_B
SMP_03658,Danio rerio,53.82,122.49,Diseased,Drug_A
SMP_03659,Danio rerio,48.07,100.06,Diseased,Drug_A
SMP_03660,Rattus norvegicus,42.36,93.56,Diseased,Drug_B
SMP_03661,Danio rerio,57.28,62.32,Diseased,Drug_A
SMP_03662,Mus musculus,37.26,98.66,Healthy,Stress_Condition
SMP_03663,Mus musculus,54.58,21.2,Diseased,Control
SMP_03664,Homo sapiens,39.03,95.11,Diseased,Drug_B
SMP_03665,Homo sapiens,36.54,101.9,Healthy,Control
SMP_03666,Danio rerio,40.44,107.26,Healthy,Control
SMP_03667,Rattus norvegicus,44.37,53.08,Diseased,Control
SMP_03668,Danio rerio,49.27,106.74,Diseased,Stress_Condition
SMP_03669,Danio rerio,53.53,68.76,Healthy,Stress_Condition
SMP_03670,Danio rerio,5.33,75.63,Diseased,Drug_A
SMP_03671,Danio rerio,37.89,121.54,Diseased,Control
SMP_03672,Mus musculus,44.13,160.42,Healthy,Drug_A
SMP_03673,Rattus norvegicus,72.58,101.54,Diseased,Control
SMP_03674,Mus musculus,33.8,75.49,Healthy,Drug_B
SMP_03675,Rattus norvegicus,52.44,105.66,Healthy,Control
SMP_03676,Homo sapiens,72.43,128.17,Healthy,Control
SMP_03677,Danio rerio,30.31,118.63,Diseased,Stress_Condition
SMP_03678,Mus musculus,55.91,182.29,Healthy,Drug_B
SMP_03679,Rattus norvegicus,37.97,78.54,Diseased,Drug_A
SMP_03680,Homo sapiens,42.43,107.57,Healthy,Drug_B
SMP_03681,Homo sapiens,37.95,146.47,Diseased,Stress_Condition
SMP_03682,Danio rerio,39.02,144.58,Diseased,Stress_Condition
SMP_03683,Rattus norvegicus,90.83,41.5,Diseased,Control
SMP_03684,Mus musculus,62.67,99.9,Diseased,Stress_Condition
SMP_03685,Danio rerio,66.53,144.54,Diseased,Stress_Condition
SMP_03686,Mus musculus,57.38,186.72,Healthy,Control
SMP_03687,Homo sapiens,25.91,121.11,Healthy,Stress_Condition
SMP_03688,Mus musculus,55.92,88.96,Healthy,Stress_Condition
SMP_03689,Mus musculus,66.09,69.72,Diseased,Drug_A
SMP_03690,Danio rerio,37.2,166.56,Healthy,Control
SMP_03691,Mus musculus,64.48,121.86,Healthy,Control
SMP_03692,Danio rerio,60.57,74.56,Diseased,Drug_A
SMP_03693,Homo sapiens,77.78,93.91,Diseased,Drug_A
SMP_03694,Danio rerio,43.73,109.31,Diseased,Drug_A
SMP_03695,Danio rerio,33.54,116.31,Healthy,Drug_A
SMP_03696,Rattus norvegicus,44.58,73.01,Healthy,Control
SMP_03697,Mus musculus,71.53,81.57,Healthy,Drug_A
SMP_03698,Homo sapiens,22.57,50.41,Healthy,Drug_A
SMP_03699,Danio rerio,18.97,131.19,Healthy,Stress_Condition
SMP_03700,Homo sapiens,51.34,89.75,Healthy,Control
SMP_03701,Rattus norvegicus,43.36,113.99,Healthy,Drug_A
SMP_03702,Mus musculus,50.12,142.67,Healthy,Stress_Condition
SMP_03703,Danio rerio,64.18,106.6,Healthy,Control
SMP_03704,Mus musculus,41.71,96.61,Healthy,Drug_A
SMP_03705,Rattus norvegicus,21.9,105.82,Diseased,Drug_A
SMP_03706,Rattus norvegicus,80.67,101.9,Diseased,Stress_Condition
SMP_03707,Homo sapiens,35.04,137.38,Diseased,Drug_B
SMP_03708,Danio rerio,34.11,109.33,Healthy,Control
SMP_03709,Homo sapiens,66.56,83.67,Diseased,Stress_Condition
SMP_03710,Rattus norvegicus,44.23,131.44,Diseased,Drug_A
SMP_03711,Mus musculus,49.05,136.91,Healthy,Drug_B
SMP_03712,Homo sapiens,57.24,59.85,Healthy,Drug_B
SMP_03713,Homo sapiens,66.25,145.98,Healthy,Stress_Condition
SMP_03714,Mus musculus,45.0,110.94,Diseased,Stress_Condition
SMP_03715,Homo sapiens,72.8,108.5,Healthy,Stress_Condition
SMP_03716,Mus musculus,17.96,130.2,Diseased,Control
SMP_03717,Danio rerio,61.4,82.99,Healthy,Drug_B
SMP_03718,Mus musculus,37.41,128.62,Diseased,Control
SMP_03719,Danio rerio,70.58,88.7,Diseased,Drug_B
SMP_03720,Mus musculus,52.13,55.75,Diseased,Control
SMP_03721,Rattus norvegicus,39.91,70.07,Healthy,Stress_Condition
SMP_03722,Rattus norvegicus,59.94,117.01,Healthy,Drug_A
SMP_03723,Danio rerio,63.4,71.64,Diseased,Stress_Condition
SMP_03724,Danio rerio,59.63,148.3,Diseased,Control
SMP_03725,Rattus norvegicus,34.55,135.68,Healthy,Stress_Condition
SMP_03726,Danio rerio,42.74,140.0,Diseased,Drug_B
SMP_03727,Mus musculus,49.94,103.74,Healthy,Control
SMP_03728,Mus musculus,49.38,107.74,Healthy,Stress_Condition
SMP_03729,Rattus norvegicus,61.25,64.19,Healthy,Stress_Condition
SMP_03730,Homo sapiens,19.78,129.87,Diseased,Drug_A
SMP_03731,Mus musculus,55.01,111.4,Healthy,Drug_A
SMP_03732,Danio rerio,45.65,117.02,Diseased,Stress_Condition
SMP_03733,Homo sapiens,37.42,150.65,Healthy,Drug_B
SMP_03734,Homo sapiens,38.86,81.82,Diseased,Drug_B
SMP_03735,Mus musculus,46.78,96.22,Diseased,Drug_B
SMP_03736,Mus musculus,4.02,109.8,Healthy,Stress_Condition
SMP_03737,Homo sapiens,39.48,71.94,Healthy,Drug_A
SMP_03738,Homo sapiens,36.86,94.37,Diseased,Stress_Condition
SMP_03739,Rattus norvegicus,57.99,114.79,Diseased,Drug_A
SMP_03740,Danio rerio,37.92,90.24,Healthy,Drug_B
SMP_03741,Rattus norvegicus,46.77,139.27,Healthy,Drug_A
SMP_03742,Mus musculus,73.13,54.67,Healthy,Stress_Condition
SMP_03743,Rattus norvegicus,64.92,133.68,Healthy,Stress_Condition
SMP_03744,Rattus norvegicus,63.53,119.84,Healthy,Stress_Condition
SMP_03745,Rattus norvegicus,42.5,82.94,Diseased,Drug_A
SMP_03746,Rattus norvegicus,58.15,72.27,Healthy,Drug_B
SMP_03747,Danio rerio,46.49,37.59,Healthy,Stress_Condition
SMP_03748,Danio rerio,47.06,76.14,Diseased,Stress_Condition
SMP_03749,Homo sapiens,56.15,131.42,Healthy,Drug_A
SMP_03750,Mus musculus,41.05,98.32,Diseased,Drug_B
SMP_03751,Rattus norvegicus,72.4,134.89,Diseased,Drug_A
SMP_03752,Homo sapiens,47.6,81.4,Healthy,Control
SMP_03753,Homo sapiens,59.28,121.21,Healthy,Control
SMP_03754,Homo sapiens,71.83,78.48,Healthy,Stress_Condition
SMP_03755,Danio rerio,65.47,71.03,Healthy,Drug_A
SMP_03756,Rattus norvegicus,28.87,96.79,Healthy,Drug_A
SMP_03757,Rattus norvegicus,56.67,80.05,Diseased,Stress_Condition
SMP_03758,Mus musculus,62.76,53.72,Healthy,Control
SMP_03759,Rattus norvegicus,63.38,94.53,Diseased,Drug_B
SMP_03760,Rattus norvegicus,33.3,103.19,Healthy,Drug_B
SMP_03761,Homo sapiens,40.14,138.05,Diseased,Control
SMP_03762,Mus musculus,64.92,128.1,Diseased,Stress_Condition
SMP_03763,Rattus norvegicus,38.57,136.6,Diseased,Stress_Condition
SMP_03764,Danio rerio,45.5,121.61,Healthy,Drug_B
SMP_03765,Rattus norvegicus,73.64,109.98,Healthy,Drug_B
SMP_03766,Homo sapiens,49.28,63.13,Healthy,Control
SMP_03767,Danio rerio,39.1,104.5,Diseased,Control
SMP_03768,Homo sapiens,36.84,117.9,Diseased,Drug_A
SMP_03769,Rattus norvegicus,54.99,143.72,Healthy,Control
SMP_03770,Danio rerio,30.0,120.59,Diseased,Control
SMP_03771,Mus musculus,46.29,137.21,Diseased,Drug_B
SMP_03772,Mus musculus,55.0,69.04,Healthy,Drug_B
SMP_03773,Danio rerio,69.49,90.21,Healthy,Drug_A
SMP_03774,Danio rerio,60.01,112.88,Diseased,Drug_B
SMP_03775,Homo sapiens,39.29,134.83,Healthy,Drug_B
SMP_03776,Danio rerio,67.68,95.64,Diseased,Drug_B
SMP_03777,Homo sapiens,45.51,97.53,Diseased,Control
SMP_03778,Rattus norvegicus,31.46,120.61,Healthy,Drug_B
SMP_03779,Homo sapiens,47.42,66.22,Diseased,Stress_Condition
SMP_03780,Danio rerio,71.57,148.22,Healthy,Control
SMP_03781,Danio rerio,52.48,73.63,Diseased,Drug_B
SMP_03782,Rattus norvegicus,50.19,42.44,Healthy,Control
SMP_03783,Danio rerio,74.56,100.3,Healthy,Drug_B
SMP_03784,Danio rerio,28.53,150.95,Diseased,Drug_A
SMP_03785,Mus musculus,30.72,117.59,Healthy,Drug_A
SMP_03786,Mus musculus,25.76,122.53,Diseased,Drug_A
SMP_03787,Rattus norvegicus,55.59,101.24,Healthy,Drug_B
SMP_03788,Homo sapiens,52.5,95.43,Healthy,Drug_A
SMP_03789,Mus musculus,73.14,53.65,Diseased,Control
SMP_03790,Homo sapiens,53.65,32.22,Healthy,Drug_A
SMP_03791,Danio rerio,43.94,105.89,Diseased,Drug_A
SMP_03792,Mus musculus,50.03,139.38,Healthy,Drug_A
SMP_03793,Rattus norvegicus,51.77,110.32,Healthy,Drug_A
SMP_03794,Rattus norvegicus,24.92,118.71,Healthy,Control
SMP_03795,Rattus norvegicus,90.65,147.51,Diseased,Stress_Condition
SMP_03796,Mus musculus,57.8,109.86,Healthy,Drug_A
SMP_03797,Homo sapiens,53.15,96.32,Healthy,Drug_B
SMP_03798,Danio rerio,59.23,75.44,Diseased,Stress_Condition
SMP_03799,Homo sapiens,60.64,160.67,Healthy,Drug_A
SMP_03800,Homo sapiens,47.89,115.8,Healthy,Stress_Condition
SMP_03801,Danio rerio,40.53,71.69,Healthy,Drug_B
SMP_03802,Danio rerio,58.99,64.86,Healthy,Drug_B
SMP_03803,Mus musculus,55.79,137.59,Healthy,Drug_A
SMP_03804,Mus musculus,37.85,68.88,Healthy,Drug_A
SMP_03805,Mus musculus,71.29,155.62,Healthy,Drug_B
SMP_03806,Mus musculus,54.4,17.31,Healthy,Control
SMP_03807,Mus musculus,60.95,142.68,Healthy,Stress_Condition
SMP_03808,Danio rerio,70.88,114.61,Diseased,Control
SMP_03809,Homo sapiens,50.33,103.56,Diseased,Drug_A
SMP_03810,Mus musculus,54.75,94.74,Healthy,Control
SMP_03811,Mus musculus,62.15,156.72,Diseased,Control
SMP_03812,Homo sapiens,39.13,121.21,Diseased,Stress_Condition
SMP_03813,Mus musculus,50.81,72.9,Diseased,Drug_A
SMP_03814,Homo sapiens,51.88,48.43,Healthy,Stress_Condition
SMP_03815,Homo sapiens,35.66,105.32,Diseased,Drug_B
SMP_03816,Danio rerio,84.76,99.97,Healthy,Stress_Condition
SMP_03817,Rattus norvegicus,28.89,54.4,Diseased,Stress_Condition
SMP_03818,Danio rerio,30.53,98.34,Healthy,Drug_B
SMP_03819,Rattus norvegicus,69.71,82.78,Healthy,Control
SMP_03820,Rattus norvegicus,60.7,100.28,Healthy,Stress_Condition
SMP_03821,Rattus norvegicus,34.61,121.78,Healthy,Drug_B
SMP_03822,Mus musculus,59.11,144.78,Healthy,Drug_A
SMP_03823,Danio rerio,72.02,127.27,Healthy,Control
SMP_03824,Rattus norvegicus,49.55,78.36,Healthy,Drug_B
SMP_03825,Homo sapiens,88.98,111.07,Diseased,Control
SMP_03826,Mus musculus,24.14,101.89,Diseased,Drug_B
SMP_03827,Danio rerio,60.41,60.04,Healthy,Stress_Condition
SMP_03828,Rattus norvegicus,67.5,111.95,Healthy,Control
SMP_03829,Homo sapiens,63.37,155.7,Healthy,Stress_Condition
SMP_03830,Danio rerio,46.93,100.97,Healthy,Drug_B
SMP_03831,Danio rerio,45.64,52.17,Healthy,Stress_Condition
SMP_03832,Mus musculus,56.66,100.91,Healthy,Stress_Condition
SMP_03833,Danio rerio,62.24,63.59,Diseased,Drug_B
SMP_03834,Mus musculus,59.04,125.91,Healthy,Stress_Condition
SMP_03835,Rattus norvegicus,65.6,115.75,Healthy,Stress_Condition
SMP_03836,Mus musculus,34.72,94.87,Healthy,Stress_Condition
SMP_03837,Homo sapiens,46.58,90.07,Healthy,Drug_A
SMP_03838,Mus musculus,35.9,93.63,Diseased,Drug_A
SMP_03839,Homo sapiens,44.21,100.25,Healthy,Drug_A
SMP_03840,Mus musculus,65.23,76.83,Healthy,Control
SMP_03841,Danio rerio,51.62,58.37,Diseased,Stress_Condition
SMP_03842,Rattus norvegicus,89.1,134.16,Healthy,Stress_Condition
SMP_03843,Homo sapiens,52.9,88.44,Healthy,Stress_Condition
SMP_03844,Mus musculus,50.9,105.01,Healthy,Control
SMP_03845,Mus musculus,51.59,108.56,Healthy,Control
SMP_03846,Mus musculus,40.43,109.66,Healthy,Drug_B
SMP_03847,Danio rerio,49.13,64.79,Diseased,Stress_Condition
SMP_03848,Danio rerio,66.92,49.72,Healthy,Drug_B
SMP_03849,Homo sapiens,51.71,82.34,Healthy,Drug_B
SMP_03850,Homo sapiens,38.1,111.87,Diseased,Control
SMP_03851,Danio rerio,36.12,78.16,Healthy,Drug_A
SMP_03852,Homo sapiens,43.25,89.35,Diseased,Control
SMP_03853,Rattus norvegicus,51.11,163.82,Healthy,Control
SMP_03854,Rattus norvegicus,67.9,44.64,Diseased,Drug_A
SMP_03855,Danio rerio,29.89,77.35,Diseased,Drug_A
SMP_03856,Homo sapiens,45.2,156.9,Diseased,Control
SMP_03857,Mus musculus,52.16,98.66,Healthy,Stress_Condition
SMP_03858,Rattus norvegicus,22.49,78.82,Healthy,Drug_B
SMP_03859,Danio rerio,37.5,135.06,Healthy,Stress_Condition
SMP_03860,Homo sapiens,39.8,101.66,Diseased,Drug_B
SMP_03861,Danio rerio,38.06,89.55,Healthy,Stress_Condition
SMP_03862,Mus musculus,52.88,105.77,Diseased,Drug_A
SMP_03863,Rattus norvegicus,47.59,80.26,Healthy,Stress_Condition
SMP_03864,Danio rerio,41.67,69.48,Healthy,Control
SMP_03865,Danio rerio,56.42,96.59,Healthy,Drug_B
SMP_03866,Danio rerio,75.85,69.67,Healthy,Drug_B
SMP_03867,Mus musculus,74.59,100.32,Diseased,Stress_Condition
SMP_03868,Danio rerio,21.16,110.63,Healthy,Drug_A
SMP_03869,Mus musculus,58.66,125.59,Diseased,Control
SMP_03870,Mus musculus,47.33,133.84,Healthy,Drug_A
SMP_03871,Mus musculus,52.33,87.83,Diseased,Control
SMP_03872,Rattus norvegicus,44.03,114.98,Diseased,Control
SMP_03873,Rattus norvegicus,51.76,114.78,Healthy,Control
SMP_03874,Danio rerio,52.27,109.83,Healthy,Stress_Condition
SMP_03875,Danio rerio,41.32,85.62,Healthy,Control
SMP_03876,Rattus norvegicus,36.55,69.16,Healthy,Control
SMP_03877,Homo sapiens,43.27,115.06,Diseased,Control
SMP_03878,Rattus norvegicus,53.51,48.79,Diseased,Drug_B
SMP_03879,Mus musculus,58.98,91.96,Diseased,Drug_B
SMP_03880,Rattus norvegicus,62.8,23.39,Diseased,Stress_Condition
SMP_03881,Mus musculus,42.59,59.91,Healthy,Stress_Condition
SMP_03882,Danio rerio,54.26,73.69,Healthy,Drug_B
SMP_03883,Homo sapiens,64.44,132.9,Diseased,Drug_B
SMP_03884,Danio rerio,67.48,120.64,Healthy,Control
SMP_03885,Mus musculus,49.12,83.38,Diseased,Drug_B
SMP_03886,Mus musculus,46.69,121.88,Diseased,Stress_Condition
SMP_03887,Mus musculus,52.87,126.63,Healthy,Stress_Condition
SMP_03888,Homo sapiens,32.75,95.18,Healthy,Control
SMP_03889,Rattus norvegicus,47.1,58.47,Diseased,Drug_A
SMP_03890,Danio rerio,61.17,93.76,Healthy,Drug_A
SMP_03891,Danio rerio,59.63,97.06,Diseased,Drug_B
SMP_03892,Rattus norvegicus,45.95,63.03,Healthy,Control
SMP_03893,Danio rerio,53.27,111.01,Healthy,Drug_B
SMP_03894,Homo sapiens,37.63,108.39,Healthy,Control
SMP_03895,Danio rerio,60.55,113.35,Diseased,Drug_B
SMP_03896,Mus musculus,48.83,108.37,Healthy,Stress_Condition
SMP_03897,Rattus norvegicus,45.86,121.9,Healthy,Stress_Condition
SMP_03898,Homo sapiens,44.57,94.62,Healthy,Drug_A
SMP_03899,Rattus norvegicus,49.06,106.05,Healthy,Drug_A
SMP_03900,Homo sapiens,43.28,88.07,Healthy,Drug_B
SMP_03901,Mus musculus,59.87,82.47,Healthy,Stress_Condition
SMP_03902,Rattus norvegicus,44.07,140.15,Healthy,Drug_B
SMP_03903,Danio rerio,73.89,38.69,Healthy,Stress_Condition
SMP_03904,Homo sapiens,71.98,126.3,Healthy,Control
SMP_03905,Rattus norvegicus,36.63,81.38,Healthy,Stress_Condition
SMP_03906,Danio rerio,51.05,77.5,Healthy,Drug_A
SMP_03907,Rattus norvegicus,40.24,107.85,Healthy,Stress_Condition
SMP_03908,Rattus norvegicus,45.1,55.31,Healthy,Drug_B
SMP_03909,Rattus norvegicus,80.04,75.52,Diseased,Control
SMP_03910,Homo sapiens,45.39,74.53,Healthy,Drug_A
SMP_03911,Danio rerio,55.4,93.36,Diseased,Control
SMP_03912,Mus musculus,58.12,75.88,Healthy,Drug_A
SMP_03913,Homo sapiens,34.99,148.03,Diseased,Drug_A
SMP_03914,Homo sapiens,37.17,153.91,Diseased,Control
SMP_03915,Homo sapiens,31.91,39.34,Healthy,Control
SMP_03916,Mus musculus,36.71,116.33,Diseased,Stress_Condition
SMP_03917,Danio rerio,7.25,125.76,Healthy,Stress_Condition
SMP_03918,Danio rerio,58.17,116.29,Healthy,Drug_A
SMP_03919,Danio rerio,80.81,80.26,Healthy,Stress_Condition
SMP_03920,Rattus norvegicus,52.22,92.68,Healthy,Stress_Condition
SMP_03921,Rattus norvegicus,28.76,77.55,Healthy,Drug_A
SMP_03922,Rattus norvegicus,40.36,87.39,Healthy,Stress_Condition
SMP_03923,Mus musculus,43.12,63.7,Healthy,Control
SMP_03924,Rattus norvegicus,34.74,96.56,Diseased,Drug_B
SMP_03925,Mus musculus,62.9,54.92,Healthy,Control
SMP_03926,Danio rerio,62.15,94.0,Healthy,Drug_B
SMP_03927,Rattus norvegicus,32.67,62.54,Healthy,Control
SMP_03928,Rattus norvegicus,60.88,106.2,Healthy,Drug_B
SMP_03929,Homo sapiens,72.9,79.62,Healthy,Drug_B
SMP_03930,Mus musculus,78.54,108.72,Healthy,Stress_Condition
SMP_03931,Danio rerio,92.98,132.45,Healthy,Drug_A
SMP_03932,Homo sapiens,36.47,147.68,Healthy,Control
SMP_03933,Homo sapiens,92.36,24.16,Diseased,Stress_Condition
SMP_03934,Danio rerio,44.69,74.97,Healthy,Control
SMP_03935,Homo sapiens,41.11,90.91,Healthy,Control
SMP_03936,Mus musculus,54.91,113.81,Healthy,Drug_B
SMP_03937,Mus musculus,41.27,50.49,Diseased,Drug_B
SMP_03938,Rattus norvegicus,55.99,70.54,Diseased,Drug_A
SMP_03939,Homo sapiens,30.2,103.91,Healthy,Drug_B
SMP_03940,Rattus norvegicus,46.42,102.55,Healthy,Control
SMP_03941,Homo sapiens,69.28,111.33,Healthy,Drug_B
SMP_03942,Mus musculus,49.14,113.31,Healthy,Stress_Condition
SMP_03943,Mus musculus,52.12,110.16,Diseased,Stress_Condition
SMP_03944,Mus musculus,57.13,105.81,Healthy,Drug_B
SMP_03945,Homo sapiens,67.56,101.67,Healthy,Drug_A
SMP_03946,Mus musculus,25.17,119.94,Healthy,Drug_B
SMP_03947,Homo sapiens,58.77,32.82,Diseased,Stress_Condition
SMP_03948,Rattus norvegicus,45.98,146.33,Healthy,Control
SMP_03949,Homo sapiens,52.5,33.87,Diseased,Control
SMP_03950,Rattus norvegicus,65.9,67.63,Healthy,Control
SMP_03951,Homo sapiens,32.09,93.2,Diseased,Stress_Condition
SMP_03952,Rattus norvegicus,34.81,120.18,Healthy,Stress_Condition
SMP_03953,Mus musculus,20.97,10.14,Healthy,Control
SMP_03954,Rattus norvegicus,41.76,99.16,Diseased,Drug_A
SMP_03955,Mus musculus,69.96,123.77,Diseased,Drug_A
SMP_03956,Mus musculus,48.19,129.84,Healthy,Control
SMP_03957,Rattus norvegicus,29.9,79.08,Diseased,Control
SMP_03958,Homo sapiens,42.71,90.97,Diseased,Stress_Condition
SMP_03959,Homo sapiens,27.68,81.52,Healthy,Drug_B
SMP_03960,Danio rerio,33.12,88.22,Diseased,Stress_Condition
SMP_03961,Homo sapiens,55.83,69.05,Healthy,Drug_B
SMP_03962,Danio rerio,32.39,73.32,Diseased,Drug_B
SMP_03963,Homo sapiens,66.69,113.03,Healthy,Drug_B
SMP_03964,Homo sapiens,48.93,103.95,Healthy,Drug_B
SMP_03965,Mus musculus,51.28,114.75,Diseased,Control
SMP_03966,Danio rerio,45.82,106.42,Healthy,Drug_B
SMP_03967,Homo sapiens,61.59,121.13,Healthy,Drug_B
SMP_03968,Danio rerio,61.75,126.35,Diseased,Drug_B
SMP_03969,Mus musculus,55.03,47.75,Diseased,Stress_Condition
SMP_03970,Mus musculus,58.47,74.37,Healthy,Stress_Condition
SMP_03971,Danio rerio,46.82,93.06,Healthy,Stress_Condition
SMP_03972,Mus musculus,58.13,99.32,Diseased,Drug_A
SMP_03973,Rattus norvegicus,44.93,79.9,Healthy,Stress_Condition
SMP_03974,Rattus norvegicus,50.03,127.36,Healthy,Drug_A
SMP_03975,Mus musculus,45.88,159.4,Healthy,Stress_Condition
SMP_03976,Rattus norvegicus,43.14,105.58,Healthy,Drug_A
SMP_03977,Homo sapiens,39.66,102.53,Healthy,Stress_Condition
SMP_03978,Danio rerio,57.02,125.48,Diseased,Control
SMP_03979,Homo sapiens,69.66,44.02,Diseased,Stress_Condition
SMP_03980,Danio rerio,67.57,100.85,Healthy,Drug_A
SMP_03981,Mus musculus,31.15,129.37,Healthy,Drug_B
SMP_03982,Homo sapiens,69.34,80.71,Healthy,Stress_Condition
SMP_03983,Mus musculus,45.23,63.2,Healthy,Drug_B
SMP_03984,Mus musculus,59.01,94.43,Healthy,Drug_B
SMP_03985,Danio rerio,36.41,98.18,Diseased,Stress_Condition
SMP_03986,Danio rerio,52.13,72.74,Healthy,Stress_Condition
SMP_03987,Danio rerio,54.71,162.88,Diseased,Control
SMP_03988,Homo sapiens,27.73,85.64,Diseased,Drug_A
SMP_03989,Rattus norvegicus,59.12,65.39,Healthy,Stress_Condition
SMP_03990,Danio rerio,70.19,97.19,Healthy,Drug_A
SMP_03991,Danio rerio,47.38,127.24,Diseased,Stress_Condition
SMP_03992,Homo sapiens,70.4,100.52,Diseased,Drug_B
SMP_03993,Danio rerio,47.15,114.57,Diseased,Drug_B
SMP_03994,Homo sapiens,62.74,73.85,Healthy,Stress_Condition
SMP_03995,Mus musculus,16.72,144.63,Diseased,Drug_A
SMP_03996,Danio rerio,86.28,116.85,Healthy,Drug_A
SMP_03997,Danio rerio,72.43,131.43,Healthy,Drug_B
SMP_03998,Mus musculus,45.73,110.95,Healthy,Drug_A
SMP_03999,Mus musculus,20.42,124.75,Healthy,Drug_A
SMP_04000,Mus musculus,54.32,73.81,Diseased,Control
SMP_04001,Danio rerio,28.34,85.26,Healthy,Drug_B
SMP_04002,Rattus norvegicus,56.67,140.39,Diseased,Drug_A
SMP_04003,Rattus norvegicus,56.17,146.79,Healthy,Control
SMP_04004,Rattus norvegicus,35.88,65.59,Diseased,Stress_Condition
SMP_04005,Danio rerio,66.81,107.49,Healthy,Control
SMP_04006,Mus musculus,62.08,87.07,Diseased,Control
SMP_04007,Danio rerio,64.64,79.09,Healthy,Control
SMP_04008,Mus musculus,50.13,108.55,Healthy,Control
SMP_04009,Danio rerio,28.77,134.23,Diseased,Control
SMP_04010,Danio rerio,64.67,113.55,Healthy,Control
SMP_04011,Mus musculus,45.94,90.41,Healthy,Stress_Condition
SMP_04012,Rattus norvegicus,29.15,115.45,Diseased,Stress_Condition
SMP_04013,Mus musculus,70.28,89.2,Healthy,Drug_B
SMP_04014,Homo sapiens,81.49,112.36,Healthy,Drug_B
SMP_04015,Homo sapiens,49.38,141.89,Healthy,Stress_Condition
SMP_04016,Mus musculus,82.39,37.69,Healthy,Stress_Condition
SMP_04017,Danio rerio,51.37,123.92,Diseased,Drug_B
SMP_04018,Homo sapiens,44.29,53.83,Healthy,Control
SMP_04019,Homo sapiens,40.54,136.85,Healthy,Drug_A
SMP_04020,Danio rerio,74.56,80.89,Diseased,Control
SMP_04021,Danio rerio,38.3,63.47,Diseased,Stress_Condition
SMP_04022,Rattus norvegicus,61.03,120.86,Diseased,Drug_B
SMP_04023,Danio rerio,41.61,110.93,Healthy,Drug_B
SMP_04024,Mus musculus,43.1,70.02,Healthy,Control
SMP_04025,Mus musculus,65.45,62.41,Healthy,Drug_B
SMP_04026,Rattus norvegicus,44.3,94.38,Healthy,Stress_Condition
SMP_04027,Homo sapiens,43.93,63.88,Healthy,Stress_Condition
SMP_04028,Homo sapiens,66.99,68.16,Diseased,Drug_A
SMP_04029,Danio rerio,73.96,103.47,Diseased,Stress_Condition
SMP_04030,Mus musculus,59.67,71.02,Healthy,Drug_A
SMP_04031,Homo sapiens,40.18,112.8,Healthy,Drug_A
SMP_04032,Rattus norvegicus,42.34,144.7,Healthy,Control
SMP_04033,Rattus norvegicus,51.2,95.54,Diseased,Drug_B
SMP_04034,Mus musculus,54.81,103.9,Diseased,Stress_Condition
SMP_04035,Rattus norvegicus,35.18,160.54,Healthy,Drug_B
SMP_04036,Rattus norvegicus,60.85,64.37,Diseased,Drug_A
SMP_04037,Mus musculus,51.28,135.74,Healthy,Stress_Condition
SMP_04038,Danio rerio,24.26,132.13,Healthy,Drug_B
SMP_04039,Danio rerio,36.07,125.63,Healthy,Stress_Condition
SMP_04040,Rattus norvegicus,42.44,138.75,Healthy,Control
SMP_04041,Danio rerio,48.91,108.42,Healthy,Stress_Condition
SMP_04042,Danio rerio,78.34,82.51,Healthy,Drug_A
SMP_04043,Rattus norvegicus,53.57,132.84,Healthy,Stress_Condition
SMP_04044,Danio rerio,37.39,133.99,Healthy,Control
SMP_04045,Rattus norvegicus,53.31,133.16,Diseased,Control
SMP_04046,Homo sapiens,44.72,101.34,Healthy,Drug_B
SMP_04047,Mus musculus,54.87,78.51,Diseased,Control
SMP_04048,Mus musculus,58.71,105.74,Healthy,Drug_A
SMP_04049,Danio rerio,68.14,128.27,Healthy,Control
SMP_04050,Danio rerio,49.64,130.73,Healthy,Drug_B
SMP_04051,Danio rerio,74.58,87.11,Healthy,Control
SMP_04052,Mus musculus,63.62,109.46,Healthy,Control
SMP_04053,Homo sapiens,39.39,60.74,Healthy,Stress_Condition
SMP_04054,Homo sapiens,83.15,129.55,Diseased,Drug_B
SMP_04055,Mus musculus,54.9,76.5,Diseased,Stress_Condition
SMP_04056,Homo sapiens,37.47,123.56,Diseased,Drug_B
SMP_04057,Mus musculus,74.79,65.52,Healthy,Drug_B
SMP_04058,Homo sapiens,81.17,130.94,Healthy,Drug_B
SMP_04059,Rattus norvegicus,49.5,109.66,Healthy,Drug_B
SMP_04060,Rattus norvegicus,42.45,76.56,Diseased,Drug_B
SMP_04061,Mus musculus,47.41,120.74,Diseased,Drug_B
SMP_04062,Homo sapiens,60.72,82.29,Diseased,Control
SMP_04063,Danio rerio,69.17,122.49,Healthy,Control
SMP_04064,Homo sapiens,58.56,91.78,Healthy,Control
SMP_04065,Rattus norvegicus,51.53,48.37,Healthy,Drug_A
SMP_04066,Rattus norvegicus,72.47,70.53,Healthy,Drug_B
SMP_04067,Homo sapiens,45.31,87.09,Healthy,Control
SMP_04068,Homo sapiens,65.46,141.05,Healthy,Drug_B
SMP_04069,Danio rerio,45.68,127.03,Healthy,Stress_Condition
SMP_04070,Danio rerio,56.47,148.72,Healthy,Drug_A
SMP_04071,Homo sapiens,48.3,149.61,Healthy,Drug_B
SMP_04072,Homo sapiens,49.16,83.96,Diseased,Control
SMP_04073,Homo sapiens,44.34,94.35,Healthy,Drug_A
SMP_04074,Homo sapiens,70.17,87.66,Healthy,Stress_Condition
SMP_04075,Mus musculus,39.01,79.85,Diseased,Drug_B
SMP_04076,Homo sapiens,38.9,44.76,Healthy,Drug_A
SMP_04077,Danio rerio,81.81,99.56,Healthy,Drug_B
SMP_04078,Rattus norvegicus,64.67,61.43,Diseased,Drug_A
SMP_04079,Mus musculus,14.22,98.97,Healthy,Control
SMP_04080,Homo sapiens,41.52,163.47,Healthy,Drug_B
SMP_04081,Rattus norvegicus,22.82,84.72,Healthy,Drug_B
SMP_04082,Mus musculus,35.74,105.84,Healthy,Drug_B
SMP_04083,Rattus norvegicus,2.92,127.2,Healthy,Control
SMP_04084,Homo sapiens,47.95,108.41,Healthy,Drug_A
SMP_04085,Homo sapiens,32.87,108.77,Healthy,Control
SMP_04086,Danio rerio,50.9,89.13,Diseased,Stress_Condition
SMP_04087,Homo sapiens,25.62,93.04,Healthy,Stress_Condition
SMP_04088,Homo sapiens,51.24,71.2,Diseased,Stress_Condition
SMP_04089,Mus musculus,43.78,125.38,Healthy,Drug_A
SMP_04090,Danio rerio,72.53,47.76,Healthy,Drug_B
SMP_04091,Mus musculus,71.17,129.13,Healthy,Drug_A
SMP_04092,Rattus norvegicus,61.78,57.89,Diseased,Stress_Condition
SMP_04093,Homo sapiens,45.1,128.88,Diseased,Drug_A
SMP_04094,Rattus norvegicus,79.78,89.39,Healthy,Drug_B
SMP_04095,Mus musculus,26.7,63.04,Healthy,Drug_B
SMP_04096,Homo sapiens,28.95,117.38,Diseased,Drug_A
SMP_04097,Homo sapiens,48.74,127.86,Diseased,Stress_Condition
SMP_04098,Mus musculus,83.81,86.86,Healthy,Drug_B
SMP_04099,Mus musculus,46.96,121.62,Healthy,Stress_Condition
SMP_04100,Mus musculus,47.25,31.45,Diseased,Drug_B
SMP_04101,Mus musculus,28.37,60.38,Healthy,Stress_Condition
SMP_04102,Mus musculus,64.19,138.77,Diseased,Drug_A
SMP_04103,Homo sapiens,64.3,93.29,Healthy,Control
SMP_04104,Mus musculus,61.84,44.13,Diseased,Control
SMP_04105,Homo sapiens,40.56,79.03,Healthy,Stress_Condition
SMP_04106,Homo sapiens,39.4,72.3,Healthy,Drug_B
SMP_04107,Mus musculus,30.6,95.02,Healthy,Drug_A
SMP_04108,Mus musculus,51.26,88.88,Diseased,Drug_B
SMP_04109,Danio rerio,33.79,105.37,Diseased,Control
SMP_04110,Homo sapiens,32.34,97.92,Diseased,Control
SMP_04111,Mus musculus,43.64,140.79,Diseased,Drug_A
SMP_04112,Mus musculus,42.66,112.74,Healthy,Stress_Condition
SMP_04113,Mus musculus,41.93,113.73,Healthy,Drug_A
SMP_04114,Danio rerio,57.0,134.95,Diseased,Control
SMP_04115,Danio rerio,51.19,88.34,Diseased,Drug_A
SMP_04116,Rattus norvegicus,45.68,62.14,Healthy,Control
SMP_04117,Homo sapiens,52.75,136.21,Healthy,Drug_B
SMP_04118,Rattus norvegicus,35.13,104.08,Healthy,Control
SMP_04119,Mus musculus,51.58,104.18,Healthy,Control
SMP_04120,Danio rerio,52.26,81.0,Diseased,Drug_A
SMP_04121,Danio rerio,27.45,81.49,Diseased,Drug_A
SMP_04122,Rattus norvegicus,64.94,125.4,Diseased,Drug_A
SMP_04123,Danio rerio,36.78,129.54,Diseased,Drug_B
SMP_04124,Mus musculus,51.35,123.51,Healthy,Drug_A
SMP_04125,Danio rerio,67.47,123.79,Healthy,Drug_B
SMP_04126,Rattus norvegicus,63.89,117.07,Diseased,Stress_Condition
SMP_04127,Mus musculus,50.52,103.95,Healthy,Drug_A
SMP_04128,Rattus norvegicus,44.56,94.74,Healthy,Drug_A
SMP_04129,Danio rerio,64.21,136.31,Diseased,Stress_Condition
SMP_04130,Rattus norvegicus,60.12,88.79,Diseased,Stress_Condition
SMP_04131,Rattus norvegicus,40.72,111.1,Diseased,Stress_Condition
SMP_04132,Homo sapiens,38.08,75.88,Diseased,Control
SMP_04133,Danio rerio,18.91,80.22,Healthy,Control
SMP_04134,Danio rerio,52.31,92.92,Healthy,Control
SMP_04135,Rattus norvegicus,48.76,75.88,Diseased,Stress_Condition
SMP_04136,Homo sapiens,67.04,123.94,Diseased,Drug_B
SMP_04137,Danio rerio,55.39,59.56,Healthy,Drug_A
SMP_04138,Mus musculus,70.01,102.98,Healthy,Control
SMP_04139,Rattus norvegicus,39.54,103.98,Diseased,Stress_Condition
SMP_04140,Danio rerio,67.07,45.68,Healthy,Drug_A
SMP_04141,Mus musculus,42.07,86.77,Diseased,Control
SMP_04142,Danio rerio,61.66,107.67,Healthy,Stress_Condition
SMP_04143,Mus musculus,28.12,112.86,Healthy,Drug_A
SMP_04144,Rattus norvegicus,53.53,93.87,Diseased,Control
SMP_04145,Danio rerio,20.23,120.31,Healthy,Control
SMP_04146,Danio rerio,45.99,96.72,Healthy,Control
SMP_04147,Homo sapiens,56.61,100.41,Diseased,Control
SMP_04148,Rattus norvegicus,42.19,107.55,Diseased,Control
SMP_04149,Mus musculus,34.24,127.81,Healthy,Stress_Condition
SMP_04150,Danio rerio,62.69,79.73,Healthy,Drug_A
SMP_04151,Danio rerio,48.45,85.4,Healthy,Control
SMP_04152,Mus musculus,42.66,79.93,Healthy,Drug_A
SMP_04153,Rattus norvegicus,50.63,90.03,Healthy,Control
SMP_04154,Homo sapiens,89.55,142.79,Healthy,Stress_Condition
SMP_04155,Homo sapiens,67.3,117.18,Healthy,Stress_Condition
SMP_04156,Danio rerio,67.44,66.07,Healthy,Drug_A
SMP_04157,Mus musculus,56.53,81.99,Healthy,Control
SMP_04158,Danio rerio,52.5,111.18,Healthy,Stress_Condition
SMP_04159,Mus musculus,14.06,72.8,Diseased,Control
SMP_04160,Homo sapiens,39.82,78.24,Diseased,Control
SMP_04161,Rattus norvegicus,42.79,140.35,Healthy,Drug_B
SMP_04162,Mus musculus,21.88,81.6,Diseased,Stress_Condition
SMP_04163,Homo sapiens,32.64,128.64,Diseased,Drug_A
SMP_04164,Danio rerio,20.29,137.66,Healthy,Drug_A
SMP_04165,Mus musculus,49.43,78.0,Healthy,Control
SMP_04166,Rattus norvegicus,62.28,73.3,Healthy,Control
SMP_04167,Danio rerio,66.6,91.72,Healthy,Control
SMP_04168,Danio rerio,56.22,67.34,Healthy,Drug_B
SMP_04169,Homo sapiens,35.55,103.63,Diseased,Control
SMP_04170,Mus musculus,21.02,93.83,Diseased,Control
SMP_04171,Danio rerio,23.65,110.82,Diseased,Drug_A
SMP_04172,Rattus norvegicus,30.97,141.91,Diseased,Drug_B
SMP_04173,Mus musculus,36.67,124.52,Diseased,Drug_A
SMP_04174,Rattus norvegicus,47.6,114.68,Healthy,Drug_B
SMP_04175,Danio rerio,34.79,41.02,Healthy,Drug_B
SMP_04176,Rattus norvegicus,55.08,113.3,Healthy,Stress_Condition
SMP_04177,Homo sapiens,46.52,151.68,Diseased,Stress_Condition
SMP_04178,Rattus norvegicus,50.16,9.68,Healthy,Stress_Condition
SMP_04179,Mus musculus,67.1,120.68,Diseased,Drug_A
SMP_04180,Rattus norvegicus,32.3,95.22,Diseased,Stress_Condition
SMP_04181,Rattus norvegicus,56.28,74.51,Healthy,Stress_Condition
SMP_04182,Homo sapiens,49.79,124.03,Healthy,Drug_A
SMP_04183,Rattus norvegicus,45.0,151.29,Diseased,Drug_B
SMP_04184,Rattus norvegicus,63.28,123.26,Healthy,Drug_B
SMP_04185,Danio rerio,63.19,88.86,Healthy,Control
SMP_04186,Danio rerio,35.8,71.7,Diseased,Control
SMP_04187,Mus musculus,47.27,104.34,Diseased,Stress_Condition
SMP_04188,Danio rerio,54.22,126.2,Healthy,Drug_A
SMP_04189,Danio rerio,45.9,88.39,Diseased,Drug_B
SMP_04190,Danio rerio,58.78,91.29,Healthy,Drug_A
SMP_04191,Danio rerio,54.22,184.66,Diseased,Control
SMP_04192,Homo sapiens,77.49,132.36,Diseased,Stress_Condition
SMP_04193,Danio rerio,27.05,134.5,Healthy,Control
SMP_04194,Homo sapiens,48.16,56.19,Healthy,Control
SMP_04195,Homo sapiens,36.37,78.78,Diseased,Drug_B
SMP_04196,Danio rerio,59.06,102.24,Healthy,Drug_A
SMP_04197,Rattus norvegicus,25.74,69.97,Healthy,Drug_B
SMP_04198,Homo sapiens,55.19,148.01,Healthy,Drug_B
SMP_04199,Rattus norvegicus,40.55,142.31,Healthy,Control
SMP_04200,Rattus norvegicus,38.99,83.99,Diseased,Stress_Condition
SMP_04201,Danio rerio,28.3,153.52,Healthy,Control
SMP_04202,Mus musculus,43.02,99.87,Diseased,Drug_A
SMP_04203,Danio rerio,66.27,177.68,Healthy,Stress_Condition
SMP_04204,Mus musculus,49.62,104.34,Diseased,Drug_B
SMP_04205,Mus musculus,59.42,117.29,Healthy,Drug_A
SMP_04206,Danio rerio,74.97,142.0,Healthy,Drug_A
SMP_04207,Danio rerio,53.96,138.33,Diseased,Drug_A
SMP_04208,Mus musculus,41.62,115.32,Healthy,Drug_A
SMP_04209,Danio rerio,57.01,95.77,Healthy,Control
SMP_04210,Mus musculus,41.84,115.42,Diseased,Drug_A
SMP_04211,Rattus norvegicus,42.43,75.51,Diseased,Control
SMP_04212,Danio rerio,27.2,104.56,Diseased,Stress_Condition
SMP_04213,Rattus norvegicus,63.89,66.72,Healthy,Drug_A
SMP_04214,Homo sapiens,44.21,46.57,Healthy,Control
SMP_04215,Rattus norvegicus,52.73,101.51,Healthy,Drug_A
SMP_04216,Rattus norvegicus,34.46,137.87,Diseased,Stress_Condition
SMP_04217,Mus musculus,56.54,127.77,Diseased,Drug_B
SMP_04218,Rattus norvegicus,38.57,97.54,Healthy,Stress_Condition
SMP_04219,Danio rerio,47.87,152.41,Healthy,Drug_B
SMP_04220,Mus musculus,63.17,82.93,Healthy,Control
SMP_04221,Homo sapiens,61.86,42.47,Healthy,Stress_Condition
SMP_04222,Danio rerio,49.67,34.54,Healthy,Control
SMP_04223,Homo sapiens,23.48,64.56,Diseased,Stress_Condition
SMP_04224,Rattus norvegicus,94.89,124.5,Diseased,Drug_A
SMP_04225,Danio rerio,76.19,80.96,Diseased,Drug_B
SMP_04226,Danio rerio,60.84,113.83,Diseased,Drug_A
SMP_04227,Homo sapiens,38.7,149.39,Diseased,Control
SMP_04228,Danio rerio,48.3,67.0,Diseased,Drug_A
SMP_04229,Danio rerio,41.85,114.35,Healthy,Drug_B
SMP_04230,Danio rerio,68.96,116.17,Healthy,Drug_B
SMP_04231,Rattus norvegicus,53.94,74.18,Healthy,Drug_B
SMP_04232,Homo sapiens,38.24,140.63,Diseased,Drug_B
SMP_04233,Danio rerio,42.94,91.37,Diseased,Drug_B
SMP_04234,Mus musculus,66.82,88.49,Healthy,Control
SMP_04235,Mus musculus,74.0,163.35,Diseased,Drug_A
SMP_04236,Mus musculus,72.92,115.68,Healthy,Stress_Condition
SMP_04237,Mus musculus,61.36,127.76,Diseased,Drug_A
SMP_04238,Rattus norvegicus,46.21,140.65,Diseased,Drug_A
SMP_04239,Danio rerio,1.38,80.49,Diseased,Control
SMP_04240,Homo sapiens,54.46,137.49,Diseased,Control
SMP_04241,Danio rerio,49.97,84.94,Healthy,Control
SMP_04242,Rattus norvegicus,52.1,83.66,Healthy,Control
SMP_04243,Mus musculus,50.81,91.84,Healthy,Drug_A
SMP_04244,Rattus norvegicus,30.11,81.34,Healthy,Drug_B
SMP_04245,Danio rerio,58.36,124.66,Diseased,Drug_B
SMP_04246,Homo sapiens,59.48,108.02,Healthy,Control
SMP_04247,Rattus norvegicus,60.24,85.26,Diseased,Stress_Condition
SMP_04248,Homo sapiens,64.2,120.24,Diseased,Drug_A
SMP_04249,Rattus norvegicus,59.06,91.74,Healthy,Drug_A
SMP_04250,Homo sapiens,43.85,90.16,Healthy,Stress_Condition
SMP_04251,Homo sapiens,48.94,101.46,Healthy,Control
SMP_04252,Mus musculus,51.37,113.9,Healthy,Drug_A
SMP_04253,Homo sapiens,51.62,111.7,Healthy,Stress_Condition
SMP_04254,Mus musculus,64.97,89.1,Healthy,Drug_B
SMP_04255,Danio rerio,59.66,125.41,Healthy,Stress_Condition
SMP_04256,Danio rerio,81.16,93.33,Diseased,Stress_Condition
SMP_04257,Mus musculus,83.1,80.35,Diseased,Control
SMP_04258,Mus musculus,51.19,55.96,Diseased,Drug_A
SMP_04259,Rattus norvegicus,7.55,129.5,Healthy,Stress_Condition
SMP_04260,Rattus norvegicus,68.55,100.37,Diseased,Drug_A
SMP_04261,Rattus norvegicus,41.89,106.33,Diseased,Drug_A
SMP_04262,Danio rerio,37.98,131.37,Diseased,Control
SMP_04263,Rattus norvegicus,44.02,85.68,Healthy,Drug_B
SMP_04264,Homo sapiens,43.3,58.77,Diseased,Drug_A
SMP_04265,Homo sapiens,59.18,102.09,Diseased,Control
SMP_04266,Rattus norvegicus,26.61,109.24,Healthy,Control
SMP_04267,Homo sapiens,33.83,92.11,Healthy,Stress_Condition
SMP_04268,Danio rerio,55.15,144.21,Diseased,Drug_A
SMP_04269,Homo sapiens,59.34,25.42,Healthy,Control
SMP_04270,Danio rerio,59.62,133.6,Healthy,Drug_B
SMP_04271,Mus musculus,38.19,123.73,Healthy,Stress_Condition
SMP_04272,Mus musculus,35.33,113.7,Diseased,Drug_B
SMP_04273,Mus musculus,42.4,0.08,Diseased,Control
SMP_04274,Mus musculus,53.6,138.52,Healthy,Stress_Condition
SMP_04275,Homo sapiens,72.28,69.21,Diseased,Drug_A
SMP_04276,Rattus norvegicus,19.29,84.77,Healthy,Stress_Condition
SMP_04277,Homo sapiens,46.69,94.88,Diseased,Stress_Condition
SMP_04278,Danio rerio,30.01,112.22,Healthy,Drug_B
SMP_04279,Homo sapiens,25.22,119.18,Diseased,Drug_A
SMP_04280,Homo sapiens,64.5,126.79,Healthy,Control
SMP_04281,Danio rerio,58.17,124.48,Healthy,Drug_B
SMP_04282,Mus musculus,56.74,107.59,Healthy,Drug_A
SMP_04283,Mus musculus,63.82,112.48,Diseased,Control
SMP_04284,Mus musculus,42.8,67.28,Diseased,Stress_Condition
SMP_04285,Rattus norvegicus,43.51,77.47,Healthy,Drug_A
SMP_04286,Danio rerio,82.79,126.86,Healthy,Drug_B
SMP_04287,Danio rerio,46.3,125.12,Diseased,Control
SMP_04288,Homo sapiens,61.03,121.71,Diseased,Control
SMP_04289,Rattus norvegicus,50.1,84.57,Healthy,Drug_A
SMP_04290,Mus musculus,22.28,127.31,Healthy,Drug_A
SMP_04291,Rattus norvegicus,19.33,65.16,Healthy,Stress_Condition
SMP_04292,Danio rerio,41.32,132.32,Healthy,Control
SMP_04293,Danio rerio,65.84,92.17,Healthy,Stress_Condition
SMP_04294,Homo sapiens,61.82,150.53,Healthy,Stress_Condition
SMP_04295,Homo sapiens,63.71,54.36,Healthy,Drug_B
SMP_04296,Danio rerio,35.19,152.9,Diseased,Drug_B
SMP_04297,Mus musculus,74.24,89.16,Diseased,Drug_A
SMP_04298,Mus musculus,35.53,88.62,Diseased,Drug_A
SMP_04299,Rattus norvegicus,53.19,105.85,Diseased,Drug_A
SMP_04300,Danio rerio,49.84,79.09,Diseased,Drug_B
SMP_04301,Danio rerio,47.39,97.83,Healthy,Stress_Condition
SMP_04302,Mus musculus,70.08,77.87,Diseased,Stress_Condition
SMP_04303,Mus musculus,39.42,78.97,Healthy,Drug_B
SMP_04304,Danio rerio,29.76,114.61,Diseased,Drug_A
SMP_04305,Homo sapiens,50.3,72.95,Diseased,Drug_A
SMP_04306,Danio rerio,44.0,76.95,Diseased,Stress_Condition
SMP_04307,Danio rerio,100.66,58.82,Healthy,Control
SMP_04308,Mus musculus,60.15,84.88,Diseased,Control
SMP_04309,Mus musculus,43.86,139.35,Diseased,Control
SMP_04310,Homo sapiens,34.16,74.62,Healthy,Control
SMP_04311,Homo sapiens,21.8,78.05,Diseased,Drug_A
SMP_04312,Rattus norvegicus,34.62,105.82,Healthy,Drug_B
SMP_04313,Danio rerio,51.72,88.88,Diseased,Drug_B
SMP_04314,Mus musculus,71.41,166.84,Healthy,Control
SMP_04315,Homo sapiens,66.83,95.12,Healthy,Drug_B
SMP_04316,Rattus norvegicus,53.44,110.06,Diseased,Stress_Condition
SMP_04317,Rattus norvegicus,45.15,128.31,Healthy,Control
SMP_04318,Mus musculus,54.03,127.74,Healthy,Drug_A
SMP_04319,Mus musculus,42.22,107.0,Healthy,Control
SMP_04320,Rattus norvegicus,75.78,95.17,Diseased,Stress_Condition
SMP_04321,Homo sapiens,47.16,160.72,Healthy,Drug_B
SMP_04322,Rattus norvegicus,48.7,97.01,Diseased,Drug_B
SMP_04323,Danio rerio,16.76,86.75,Diseased,Drug_B
SMP_04324,Danio rerio,47.07,80.62,Healthy,Drug_A
SMP_04325,Mus musculus,62.55,48.2,Diseased,Control
SMP_04326,Homo sapiens,33.98,124.65,Healthy,Drug_A
SMP_04327,Homo sapiens,38.74,29.56,Healthy,Stress_Condition
SMP_04328,Danio rerio,61.89,99.83,Healthy,Drug_A
SMP_04329,Rattus norvegicus,27.85,93.85,Healthy,Control
SMP_04330,Mus musculus,65.87,167.2,Healthy,Drug_B
SMP_04331,Rattus norvegicus,42.02,45.05,Healthy,Drug_B
SMP_04332,Rattus norvegicus,44.17,72.97,Diseased,Drug_B
SMP_04333,Rattus norvegicus,33.14,95.92,Healthy,Drug_B
SMP_04334,Homo sapiens,55.67,94.07,Diseased,Drug_A
SMP_04335,Danio rerio,86.9,83.51,Healthy,Control
SMP_04336,Homo sapiens,61.72,97.57,Healthy,Control
SMP_04337,Danio rerio,37.04,62.21,Healthy,Control
SMP_04338,Mus musculus,67.03,110.72,Healthy,Drug_A
SMP_04339,Mus musculus,45.25,30.36,Diseased,Drug_B
SMP_04340,Rattus norvegicus,70.62,99.23,Healthy,Drug_B
SMP_04341,Danio rerio,62.1,81.99,Healthy,Control
SMP_04342,Danio rerio,5.85,130.49,Healthy,Drug_B
SMP_04343,Danio rerio,34.94,152.66,Healthy,Drug_A
SMP_04344,Rattus norvegicus,64.17,90.07,Healthy,Stress_Condition
SMP_04345,Rattus norvegicus,52.27,141.72,Healthy,Drug_B
SMP_04346,Mus musculus,34.64,90.52,Healthy,Stress_Condition
SMP_04347,Homo sapiens,40.5,71.02,Healthy,Stress_Condition
SMP_04348,Danio rerio,21.41,152.38,Healthy,Stress_Condition
SMP_04349,Danio rerio,48.67,115.62,Diseased,Drug_B
SMP_04350,Homo sapiens,83.16,100.13,Healthy,Stress_Condition
SMP_04351,Danio rerio,62.07,120.62,Healthy,Drug_B
SMP_04352,Rattus norvegicus,82.86,108.23,Healthy,Control
SMP_04353,Rattus norvegicus,63.24,97.92,Healthy,Drug_A
SMP_04354,Danio rerio,65.41,60.21,Healthy,Stress_Condition
SMP_04355,Rattus norvegicus,79.61,91.88,Healthy,Stress_Condition
SMP_04356,Rattus norvegicus,55.66,118.7,Healthy,Control
SMP_04357,Danio rerio,47.19,96.32,Healthy,Drug_A
SMP_04358,Mus musculus,65.49,127.07,Diseased,Control
SMP_04359,Homo sapiens,71.81,111.51,Diseased,Drug_A
SMP_04360,Rattus norvegicus,42.8,73.66,Healthy,Stress_Condition
SMP_04361,Mus musculus,39.18,60.42,Healthy,Drug_A
SMP_04362,Rattus norvegicus,52.08,95.28,Diseased,Control
SMP_04363,Rattus norvegicus,62.47,84.27,Diseased,Stress_Condition
SMP_04364,Homo sapiens,61.97,110.09,Diseased,Control
SMP_04365,Rattus norvegicus,28.64,78.46,Healthy,Stress_Condition
SMP_04366,Homo sapiens,78.67,81.54,Healthy,Drug_B
SMP_04367,Homo sapiens,40.38,131.59,Diseased,Stress_Condition
SMP_04368,Homo sapiens,46.02,104.45,Diseased,Drug_A
SMP_04369,Mus musculus,36.46,78.92,Healthy,Drug_A
SMP_04370,Danio rerio,90.47,100.53,Diseased,Drug_A
SMP_04371,Mus musculus,53.63,141.37,Healthy,Drug_A
SMP_04372,Danio rerio,37.24,108.81,Healthy,Drug_A
SMP_04373,Danio rerio,62.96,117.79,Healthy,Drug_B
SMP_04374,Homo sapiens,61.54,77.43,Healthy,Stress_Condition
SMP_04375,Rattus norvegicus,47.18,130.79,Diseased,Stress_Condition
SMP_04376,Homo sapiens,62.61,169.54,Diseased,Drug_B
SMP_04377,Rattus norvegicus,37.62,76.26,Diseased,Drug_B
SMP_04378,Danio rerio,42.61,64.54,Healthy,Drug_A
SMP_04379,Homo sapiens,19.85,105.27,Healthy,Control
SMP_04380,Rattus norvegicus,30.14,126.27,Healthy,Control
SMP_04381,Mus musculus,77.11,97.26,Healthy,Drug_A
SMP_04382,Rattus norvegicus,74.62,68.4,Diseased,Drug_B
SMP_04383,Homo sapiens,50.99,96.74,Healthy,Stress_Condition
SMP_04384,Mus musculus,74.94,117.94,Healthy,Control
SMP_04385,Rattus norvegicus,47.6,87.79,Healthy,Control
SMP_04386,Rattus norvegicus,46.35,118.22,Healthy,Drug_B
SMP_04387,Rattus norvegicus,50.85,134.94,Diseased,Drug_A
SMP_04388,Rattus norvegicus,48.13,107.21,Healthy,Stress_Condition
SMP_04389,Rattus norvegicus,46.77,99.16,Diseased,Drug_A
SMP_04390,Mus musculus,67.15,124.88,Diseased,Drug_A
SMP_04391,Danio rerio,52.25,74.32,Healthy,Drug_A
SMP_04392,Mus musculus,60.69,71.36,Healthy,Drug_A
SMP_04393,Mus musculus,65.47,92.0,Diseased,Control
SMP_04394,Mus musculus,55.82,85.24,Healthy,Drug_B
SMP_04395,Danio rerio,35.45,75.9,Diseased,Stress_Condition
SMP_04396,Homo sapiens,29.71,154.91,Healthy,Control
SMP_04397,Danio rerio,52.23,165.16,Healthy,Stress_Condition
SMP_04398,Mus musculus,47.43,89.39,Diseased,Stress_Condition
SMP_04399,Rattus norvegicus,51.31,102.75,Healthy,Control
SMP_04400,Rattus norvegicus,49.76,94.36,Healthy,Control
SMP_04401,Mus musculus,88.75,133.22,Healthy,Stress_Condition
SMP_04402,Rattus norvegicus,30.05,139.17,Healthy,Stress_Condition
SMP_04403,Mus musculus,20.15,46.68,Healthy,Drug_B
SMP_04404,Rattus norvegicus,54.99,114.28,Healthy,Control
SMP_04405,Danio rerio,44.35,60.8,Healthy,Control
SMP_04406,Homo sapiens,54.74,152.75,Diseased,Stress_Condition
SMP_04407,Homo sapiens,58.76,113.21,Healthy,Stress_Condition
SMP_04408,Danio rerio,69.26,75.3,Healthy,Drug_A
SMP_04409,Danio rerio,27.39,92.76,Healthy,Stress_Condition
SMP_04410,Mus musculus,41.65,91.33,Healthy,Stress_Condition
SMP_04411,Mus musculus,56.43,115.75,Healthy,Drug_B
SMP_04412,Mus musculus,61.56,131.26,Healthy,Stress_Condition
SMP_04413,Rattus norvegicus,82.9,65.55,Diseased,Drug_A
SMP_04414,Mus musculus,64.34,155.16,Healthy,Drug_A
SMP_04415,Danio rerio,49.15,148.17,Healthy,Control
SMP_04416,Homo sapiens,36.64,73.74,Diseased,Drug_A
SMP_04417,Rattus norvegicus,41.54,102.18,Healthy,Control
SMP_04418,Mus musculus,41.11,151.32,Diseased,Stress_Condition
SMP_04419,Rattus norvegicus,59.83,136.99,Healthy,Drug_A
SMP_04420,Rattus norvegicus,53.85,89.9,Diseased,Drug_B
SMP_04421,Mus musculus,30.15,124.43,Diseased,Drug_B
SMP_04422,Rattus norvegicus,43.46,189.92,Diseased,Drug_A
SMP_04423,Homo sapiens,63.16,103.15,Healthy,Control
SMP_04424,Danio rerio,55.27,81.02,Diseased,Control
SMP_04425,Danio rerio,58.53,105.17,Healthy,Control
SMP_04426,Homo sapiens,55.74,107.4,Diseased,Drug_A
SMP_04427,Rattus norvegicus,74.4,84.26,Healthy,Stress_Condition
SMP_04428,Mus musculus,53.54,113.25,Healthy,Stress_Condition
SMP_04429,Rattus norvegicus,44.21,62.37,Healthy,Stress_Condition
SMP_04430,Homo sapiens,36.26,80.03,Healthy,Control
SMP_04431,Rattus norvegicus,53.74,122.75,Healthy,Drug_A
SMP_04432,Danio rerio,13.39,47.35,Diseased,Drug_B
SMP_04433,Rattus norvegicus,47.24,127.1,Healthy,Stress_Condition
SMP_04434,Homo sapiens,46.91,39.64,Diseased,Stress_Condition
SMP_04435,Danio rerio,29.53,48.06,Healthy,Control
SMP_04436,Rattus norvegicus,36.08,85.03,Healthy,Stress_Condition
SMP_04437,Rattus norvegicus,62.14,108.61,Healthy,Drug_A
SMP_04438,Danio rerio,53.46,139.76,Healthy,Stress_Condition
SMP_04439,Mus musculus,51.53,101.73,Healthy,Control
SMP_04440,Danio rerio,54.6,92.6,Diseased,Drug_A
SMP_04441,Mus musculus,51.39,117.39,Healthy,Control
SMP_04442,Homo sapiens,68.64,73.87,Diseased,Drug_B
SMP_04443,Homo sapiens,51.85,104.18,Healthy,Stress_Condition
SMP_04444,Danio rerio,28.13,64.02,Diseased,Drug_A
SMP_04445,Danio rerio,74.45,102.48,Healthy,Drug_A
SMP_04446,Homo sapiens,55.56,96.1,Diseased,Stress_Condition
SMP_04447,Mus musculus,41.16,75.87,Healthy,Drug_B
SMP_04448,Homo sapiens,31.2,104.95,Healthy,Drug_B
SMP_04449,Danio rerio,55.94,104.76,Healthy,Stress_Condition
SMP_04450,Homo sapiens,48.24,135.26,Healthy,Stress_Condition
SMP_04451,Danio rerio,73.61,51.83,Healthy,Stress_Condition
SMP_04452,Danio rerio,44.81,97.72,Healthy,Control
SMP_04453,Homo sapiens,37.44,77.19,Diseased,Drug_A
SMP_04454,Mus musculus,63.44,126.09,Healthy,Drug_A
SMP_04455,Rattus norvegicus,63.88,122.62,Healthy,Stress_Condition
SMP_04456,Homo sapiens,52.53,115.24,Healthy,Control
SMP_04457,Rattus norvegicus,60.15,78.89,Diseased,Control
SMP_04458,Homo sapiens,49.43,126.56,Healthy,Drug_A
SMP_04459,Rattus norvegicus,53.51,54.1,Healthy,Drug_B
SMP_04460,Mus musculus,67.47,47.94,Healthy,Stress_Condition
SMP_04461,Mus musculus,59.38,61.72,Healthy,Stress_Condition
SMP_04462,Homo sapiens,47.46,99.0,Healthy,Control
SMP_04463,Danio rerio,70.29,120.25,Diseased,Drug_A
SMP_04464,Rattus norvegicus,14.53,10.72,Healthy,Control
SMP_04465,Danio rerio,80.78,139.68,Healthy,Drug_B
SMP_04466,Danio rerio,24.41,103.93,Diseased,Drug_A
SMP_04467,Danio rerio,40.59,52.97,Healthy,Stress_Condition
SMP_04468,Mus musculus,49.39,103.03,Diseased,Drug_A
SMP_04469,Homo sapiens,47.8,132.78,Diseased,Drug_A
SMP_04470,Homo sapiens,65.1,117.98,Diseased,Stress_Condition
SMP_04471,Mus musculus,34.13,132.97,Healthy,Drug_B
SMP_04472,Mus musculus,53.91,59.01,Healthy,Control
SMP_04473,Homo sapiens,41.33,87.58,Diseased,Drug_B
SMP_04474,Danio rerio,54.43,72.26,Healthy,Drug_B
SMP_04475,Rattus norvegicus,49.03,151.53,Healthy,Drug_B
SMP_04476,Rattus norvegicus,51.39,119.18,Healthy,Drug_A
SMP_04477,Rattus norvegicus,41.75,185.41,Healthy,Drug_B
SMP_04478,Danio rerio,42.35,85.97,Diseased,Drug_A
SMP_04479,Homo sapiens,54.31,78.26,Diseased,Drug_A
SMP_04480,Mus musculus,64.16,95.72,Healthy,Control
SMP_04481,Homo sapiens,41.03,141.35,Diseased,Control
SMP_04482,Danio rerio,36.97,89.02,Healthy,Drug_B
SMP_04483,Mus musculus,59.2,103.73,Diseased,Drug_A
SMP_04484,Danio rerio,49.51,102.9,Healthy,Stress_Condition
SMP_04485,Rattus norvegicus,62.46,101.18,Healthy,Drug_A
SMP_04486,Rattus norvegicus,36.41,80.43,Healthy,Control
SMP_04487,Danio rerio,23.31,95.88,Healthy,Stress_Condition
SMP_04488,Mus musculus,42.0,94.6,Healthy,Drug_A
SMP_04489,Mus musculus,38.5,99.77,Healthy,Drug_B
SMP_04490,Homo sapiens,48.82,128.31,Diseased,Drug_A
SMP_04491,Rattus norvegicus,40.45,152.82,Diseased,Stress_Condition
SMP_04492,Homo sapiens,61.12,74.79,Diseased,Drug_B
SMP_04493,Homo sapiens,45.68,88.24,Diseased,Stress_Condition
SMP_04494,Danio rerio,52.26,75.25,Diseased,Control
SMP_04495,Danio rerio,52.36,105.61,Diseased,Control
SMP_04496,Homo sapiens,52.92,83.85,Healthy,Drug_A
SMP_04497,Rattus norvegicus,49.64,107.19,Diseased,Drug_A
SMP_04498,Danio rerio,57.66,133.11,Healthy,Control
SMP_04499,Homo sapiens,38.07,24.23,Healthy,Stress_Condition
SMP_04500,Homo sapiens,70.99,114.75,Healthy,Stress_Condition
SMP_04501,Homo sapiens,46.45,86.19,Healthy,Drug_B
SMP_04502,Homo sapiens,30.33,113.81,Diseased,Drug_B
SMP_04503,Homo sapiens,52.82,73.11,Diseased,Drug_B
SMP_04504,Homo sapiens,37.23,135.89,Diseased,Control
SMP_04505,Danio rerio,59.98,127.4,Diseased,Control
SMP_04506,Rattus norvegicus,83.14,117.05,Healthy,Control
SMP_04507,Homo sapiens,38.2,123.8,Diseased,Drug_A
SMP_04508,Mus musculus,54.99,77.63,Healthy,Stress_Condition
SMP_04509,Danio rerio,23.67,81.41,Healthy,Control
SMP_04510,Danio rerio,56.81,122.57,Diseased,Drug_B
SMP_04511,Homo sapiens,36.71,76.97,Diseased,Drug_B
SMP_04512,Danio rerio,40.63,143.37,Diseased,Control
SMP_04513,Homo sapiens,33.48,90.29,Healthy,Control
SMP_04514,Rattus norvegicus,60.98,115.06,Diseased,Stress_Condition
SMP_04515,Rattus norvegicus,65.11,162.98,Healthy,Drug_B
SMP_04516,Danio rerio,50.35,78.81,Healthy,Stress_Condition
SMP_04517,Danio rerio,37.03,102.06,Healthy,Control
SMP_04518,Mus musculus,73.84,131.63,Healthy,Stress_Condition
SMP_04519,Danio rerio,38.74,128.54,Healthy,Drug_A
SMP_04520,Mus musculus,17.57,90.17,Healthy,Control
SMP_04521,Rattus norvegicus,56.88,84.5,Diseased,Drug_B
SMP_04522,Rattus norvegicus,33.43,93.01,Healthy,Drug_B
SMP_04523,Homo sapiens,64.83,143.44,Healthy,Stress_Condition
SMP_04524,Rattus norvegicus,44.28,91.63,Healthy,Control
SMP_04525,Mus musculus,59.06,102.34,Diseased,Drug_B
SMP_04526,Danio rerio,71.02,87.2,Diseased,Stress_Condition
SMP_04527,Homo sapiens,31.87,121.17,Healthy,Stress_Condition
SMP_04528,Mus musculus,41.51,104.67,Healthy,Control
SMP_04529,Danio rerio,48.86,69.9,Healthy,Drug_B
SMP_04530,Homo sapiens,73.06,70.94,Healthy,Drug_B
SMP_04531,Rattus norvegicus,40.12,40.04,Healthy,Drug_B
SMP_04532,Mus musculus,41.08,75.06,Healthy,Control
SMP_04533,Danio rerio,57.17,123.82,Healthy,Control
SMP_04534,Homo sapiens,41.34,139.71,Diseased,Control
SMP_04535,Homo sapiens,52.29,120.57,Healthy,Drug_A
SMP_04536,Rattus norvegicus,26.73,116.64,Healthy,Stress_Condition
SMP_04537,Danio rerio,83.21,96.2,Diseased,Drug_A
SMP_04538,Rattus norvegicus,29.78,123.25,Diseased,Drug_A
SMP_04539,Rattus norvegicus,45.17,108.59,Diseased,Drug_B
SMP_04540,Danio rerio,49.51,154.13,Healthy,Drug_B
SMP_04541,Danio rerio,78.69,97.05,Healthy,Stress_Condition
SMP_04542,Danio rerio,30.13,140.29,Healthy,Stress_Condition
SMP_04543,Mus musculus,79.76,126.22,Healthy,Control
SMP_04544,Danio rerio,61.36,122.06,Healthy,Drug_B
SMP_04545,Homo sapiens,56.26,39.66,Diseased,Drug_A
SMP_04546,Rattus norvegicus,35.23,127.88,Diseased,Stress_Condition
SMP_04547,Mus musculus,58.57,96.17,Diseased,Stress_Condition
SMP_04548,Danio rerio,39.15,86.68,Diseased,Drug_A
SMP_04549,Mus musculus,69.0,55.51,Healthy,Control
SMP_04550,Danio rerio,35.43,99.83,Diseased,Drug_B
SMP_04551,Mus musculus,48.3,101.01,Diseased,Drug_B
SMP_04552,Rattus norvegicus,41.67,60.91,Diseased,Drug_A
SMP_04553,Rattus norvegicus,35.19,55.8,Healthy,Control
SMP_04554,Homo sapiens,61.12,114.6,Healthy,Drug_A
SMP_04555,Homo sapiens,58.03,126.15,Healthy,Drug_B
SMP_04556,Danio rerio,68.14,105.71,Healthy,Drug_A
SMP_04557,Rattus norvegicus,23.3,134.53,Diseased,Drug_A
SMP_04558,Mus musculus,65.96,97.41,Diseased,Drug_B
SMP_04559,Mus musculus,87.58,98.37,Diseased,Drug_B
SMP_04560,Mus musculus,43.23,72.49,Healthy,Drug_B
SMP_04561,Homo sapiens,78.43,53.19,Healthy,Drug_A
SMP_04562,Mus musculus,46.05,155.64,Healthy,Drug_A
SMP_04563,Homo sapiens,29.41,133.94,Diseased,Drug_A
SMP_04564,Homo sapiens,45.42,58.22,Healthy,Control
SMP_04565,Danio rerio,65.72,104.67,Diseased,Stress_Condition
SMP_04566,Mus musculus,37.43,97.0,Diseased,Control
SMP_04567,Mus musculus,40.99,91.78,Diseased,Stress_Condition
SMP_04568,Rattus norvegicus,58.9,87.73,Diseased,Drug_B
SMP_04569,Danio rerio,50.05,111.44,Diseased,Stress_Condition
SMP_04570,Rattus norvegicus,58.77,124.55,Healthy,Control
SMP_04571,Danio rerio,53.57,112.07,Diseased,Drug_B
SMP_04572,Mus musculus,57.19,96.38,Healthy,Stress_Condition
SMP_04573,Homo sapiens,43.52,95.28,Healthy,Stress_Condition
SMP_04574,Homo sapiens,53.48,128.1,Healthy,Stress_Condition
SMP_04575,Homo sapiens,36.09,113.9,Diseased,Drug_A
SMP_04576,Homo sapiens,69.33,102.18,Healthy,Drug_B
SMP_04577,Homo sapiens,40.49,98.92,Diseased,Drug_A
SMP_04578,Rattus norvegicus,66.93,110.36,Diseased,Drug_B
SMP_04579,Danio rerio,46.5,85.95,Diseased,Stress_Condition
SMP_04580,Mus musculus,53.03,124.65,Healthy,Stress_Condition
SMP_04581,Rattus norvegicus,42.58,67.72,Diseased,Control
SMP_04582,Danio rerio,34.76,87.66,Healthy,Stress_Condition
SMP_04583,Homo sapiens,23.83,118.33,Healthy,Drug_A
SMP_04584,Danio rerio,34.17,66.01,Diseased,Drug_A
SMP_04585,Danio rerio,45.14,52.81,Healthy,Stress_Condition
SMP_04586,Homo sapiens,53.18,101.89,Healthy,Drug_A
SMP_04587,Homo sapiens,65.16,49.11,Diseased,Stress_Condition
SMP_04588,Homo sapiens,43.31,61.04,Healthy,Control
SMP_04589,Mus musculus,36.77,122.7,Healthy,Control
SMP_04590,Homo sapiens,28.36,93.86,Diseased,Stress_Condition
SMP_04591,Mus musculus,57.2,138.56,Healthy,Control
SMP_04592,Homo sapiens,70.75,63.86,Healthy,Stress_Condition
SMP_04593,Mus musculus,68.99,97.18,Diseased,Drug_A
SMP_04594,Danio rerio,60.65,111.99,Diseased,Stress_Condition
SMP_04595,Rattus norvegicus,59.58,64.88,Diseased,Drug_B
SMP_04596,Danio rerio,75.46,130.95,Diseased,Drug_B
SMP_04597,Danio rerio,54.98,115.32,Healthy,Stress_Condition
SMP_04598,Homo sapiens,59.69,51.72,Diseased,Stress_Condition
SMP_04599,Mus musculus,45.19,98.87,Diseased,Stress_Condition
SMP_04600,Rattus norvegicus,29.57,111.58,Healthy,Control
SMP_04601,Homo sapiens,39.74,82.3,Diseased,Drug_B
SMP_04602,Homo sapiens,49.86,55.6,Diseased,Stress_Condition
SMP_04603,Homo sapiens,50.91,108.35,Healthy,Stress_Condition
SMP_04604,Danio rerio,78.89,166.34,Diseased,Drug_A
SMP_04605,Mus musculus,51.22,88.39,Diseased,Drug_A
SMP_04606,Mus musculus,67.68,147.08,Healthy,Control
SMP_04607,Rattus norvegicus,43.47,77.43,Diseased,Control
SMP_04608,Mus musculus,45.32,106.47,Diseased,Drug_B
SMP_04609,Mus musculus,30.06,123.15,Diseased,Drug_B
SMP_04610,Homo sapiens,38.87,99.75,Healthy,Stress_Condition
SMP_04611,Homo sapiens,57.9,91.07,Healthy,Drug_B
SMP_04612,Danio rerio,50.11,121.78,Healthy,Stress_Condition
SMP_04613,Homo sapiens,64.14,156.74,Diseased,Control
SMP_04614,Homo sapiens,52.72,109.02,Diseased,Control
SMP_04615,Homo sapiens,44.71,84.52,Healthy,Control
SMP_04616,Homo sapiens,82.22,94.31,Healthy,Drug_A
SMP_04617,Danio rerio,48.59,175.59,Healthy,Drug_B
SMP_04618,Homo sapiens,67.45,104.05,Diseased,Control
SMP_04619,Rattus norvegicus,43.98,82.17,Diseased,Control
SMP_04620,Rattus norvegicus,60.64,65.65,Healthy,Control
SMP_04621,Rattus norvegicus,63.92,45.22,Healthy,Drug_B
SMP_04622,Rattus norvegicus,53.13,110.91,Healthy,Drug_B
SMP_04623,Homo sapiens,14.68,119.64,Healthy,Drug_A
SMP_04624,Rattus norvegicus,50.27,88.1,Diseased,Drug_A
SMP_04625,Homo sapiens,68.46,99.55,Healthy,Drug_A
SMP_04626,Danio rerio,57.91,64.89,Healthy,Drug_A
SMP_04627,Rattus norvegicus,56.69,103.99,Diseased,Control
SMP_04628,Mus musculus,24.17,114.44,Diseased,Stress_Condition
SMP_04629,Rattus norvegicus,39.19,83.95,Diseased,Drug_A
SMP_04630,Rattus norvegicus,56.17,150.71,Diseased,Stress_Condition
SMP_04631,Homo sapiens,56.16,74.89,Diseased,Control
SMP_04632,Rattus norvegicus,68.22,108.5,Diseased,Control
SMP_04633,Mus musculus,47.83,125.45,Diseased,Drug_B
SMP_04634,Homo sapiens,56.09,97.68,Diseased,Stress_Condition
SMP_04635,Homo sapiens,50.25,94.35,Diseased,Stress_Condition
SMP_04636,Danio rerio,35.2,57.13,Healthy,Control
SMP_04637,Danio rerio,16.16,140.72,Healthy,Drug_B
SMP_04638,Rattus norvegicus,56.47,94.9,Healthy,Drug_A
SMP_04639,Danio rerio,52.61,116.12,Diseased,Drug_A
SMP_04640,Danio rerio,40.73,120.18,Diseased,Drug_B
SMP_04641,Danio rerio,25.71,81.15,Diseased,Drug_B
SMP_04642,Homo sapiens,59.45,94.07,Healthy,Drug_A
SMP_04643,Homo sapiens,46.01,140.03,Healthy,Control
SMP_04644,Homo sapiens,58.35,66.48,Diseased,Control
SMP_04645,Danio rerio,77.96,163.84,Healthy,Drug_B
SMP_04646,Homo sapiens,17.88,77.65,Healthy,Control
SMP_04647,Danio rerio,39.51,64.61,Diseased,Control
SMP_04648,Homo sapiens,46.86,103.97,Healthy,Stress_Condition
SMP_04649,Homo sapiens,71.82,166.25,Healthy,Drug_A
SMP_04650,Mus musculus,25.45,42.67,Healthy,Drug_B
SMP_04651,Rattus norvegicus,79.04,95.77,Healthy,Drug_A
SMP_04652,Danio rerio,52.04,114.29,Healthy,Stress_Condition
SMP_04653,Mus musculus,48.56,101.01,Healthy,Control
SMP_04654,Homo sapiens,47.03,111.46,Healthy,Control
SMP_04655,Danio rerio,43.46,78.46,Healthy,Stress_Condition
SMP_04656,Homo sapiens,65.72,82.01,Diseased,Drug_A
SMP_04657,Rattus norvegicus,33.97,95.55,Healthy,Stress_Condition
SMP_04658,Mus musculus,55.18,66.1,Healthy,Control
SMP_04659,Rattus norvegicus,44.24,98.66,Healthy,Control
SMP_04660,Mus musculus,38.57,88.34,Healthy,Drug_A
SMP_04661,Homo sapiens,88.79,85.9,Healthy,Control
SMP_04662,Rattus norvegicus,56.29,109.62,Healthy,Drug_A
SMP_04663,Rattus norvegicus,59.2,45.38,Diseased,Drug_B
SMP_04664,Homo sapiens,67.07,93.13,Diseased,Control
SMP_04665,Rattus norvegicus,28.68,169.52,Diseased,Control
SMP_04666,Danio rerio,76.28,67.42,Healthy,Drug_A
SMP_04667,Mus musculus,12.37,138.57,Diseased,Drug_B
SMP_04668,Mus musculus,38.47,101.64,Healthy,Control
SMP_04669,Mus musculus,43.11,81.91,Diseased,Control
SMP_04670,Danio rerio,58.73,60.38,Healthy,Drug_B
SMP_04671,Mus musculus,53.28,104.19,Diseased,Control
SMP_04672,Homo sapiens,47.5,143.6,Diseased,Drug_A
SMP_04673,Rattus norvegicus,49.82,88.32,Healthy,Drug_B
SMP_04674,Danio rerio,35.33,97.57,Healthy,Drug_B
SMP_04675,Mus musculus,27.54,130.31,Healthy,Stress_Condition
SMP_04676,Homo sapiens,60.9,110.23,Healthy,Control
SMP_04677,Rattus norvegicus,60.41,52.83,Diseased,Drug_B
SMP_04678,Rattus norvegicus,73.77,102.97,Healthy,Drug_B
SMP_04679,Danio rerio,38.15,145.37,Healthy,Drug_B
SMP_04680,Danio rerio,60.39,98.89,Diseased,Stress_Condition
SMP_04681,Danio rerio,45.74,17.76,Healthy,Control
SMP_04682,Homo sapiens,67.86,111.65,Healthy,Drug_B
SMP_04683,Homo sapiens,65.33,94.05,Healthy,Control
SMP_04684,Danio rerio,53.17,45.13,Diseased,Drug_B
SMP_04685,Mus musculus,44.91,49.62,Healthy,Drug_A
SMP_04686,Rattus norvegicus,64.41,129.25,Diseased,Drug_B
SMP_04687,Rattus norvegicus,59.7,78.03,Healthy,Drug_B
SMP_04688,Homo sapiens,39.73,72.78,Healthy,Stress_Condition
SMP_04689,Rattus norvegicus,30.08,98.93,Healthy,Drug_B
SMP_04690,Mus musculus,45.67,80.67,Diseased,Drug_A
SMP_04691,Rattus norvegicus,72.73,103.0,Healthy,Drug_B
SMP_04692,Homo sapiens,67.2,93.92,Healthy,Drug_A
SMP_04693,Homo sapiens,33.32,64.0,Diseased,Drug_A
SMP_04694,Mus musculus,32.48,84.66,Diseased,Drug_A
SMP_04695,Mus musculus,69.12,113.28,Diseased,Stress_Condition
SMP_04696,Rattus norvegicus,32.97,101.26,Healthy,Control
SMP_04697,Rattus norvegicus,57.64,97.54,Healthy,Control
SMP_04698,Homo sapiens,40.76,158.12,Healthy,Drug_A
SMP_04699,Mus musculus,74.26,121.93,Diseased,Stress_Condition
SMP_04700,Mus musculus,38.44,125.57,Healthy,Stress_Condition
SMP_04701,Mus musculus,67.15,95.02,Healthy,Control
SMP_04702,Rattus norvegicus,52.77,106.6,Healthy,Drug_A
SMP_04703,Mus musculus,53.78,87.07,Healthy,Control
SMP_04704,Homo sapiens,20.45,123.33,Diseased,Control
SMP_04705,Homo sapiens,16.96,96.69,Diseased,Stress_Condition
SMP_04706,Rattus norvegicus,46.69,106.67,Diseased,Stress_Condition
SMP_04707,Danio rerio,53.7,104.82,Healthy,Drug_B
SMP_04708,Rattus norvegicus,33.12,99.45,Diseased,Stress_Condition
SMP_04709,Danio rerio,33.67,188.15,Healthy,Stress_Condition
SMP_04710,Mus musculus,58.42,80.0,Healthy,Control
SMP_04711,Rattus norvegicus,58.44,79.73,Healthy,Stress_Condition
SMP_04712,Homo sapiens,47.93,120.82,Healthy,Stress_Condition
SMP_04713,Mus musculus,61.7,82.14,Healthy,Control
SMP_04714,Homo sapiens,32.39,91.26,Healthy,Stress_Condition
SMP_04715,Mus musculus,44.66,67.41,Diseased,Stress_Condition
SMP_04716,Rattus norvegicus,74.72,114.75,Diseased,Drug_B
SMP_04717,Danio rerio,51.02,115.13,Healthy,Drug_A
SMP_04718,Mus musculus,51.89,90.54,Healthy,Drug_B
SMP_04719,Danio rerio,84.59,121.44,Healthy,Stress_Condition
SMP_04720,Mus musculus,29.01,44.26,Healthy,Control
SMP_04721,Homo sapiens,61.95,78.79,Healthy,Control
SMP_04722,Homo sapiens,74.96,94.9,Healthy,Drug_A
SMP_04723,Mus musculus,45.13,64.83,Diseased,Control
SMP_04724,Danio rerio,62.89,47.54,Healthy,Stress_Condition
SMP_04725,Rattus norvegicus,35.27,90.76,Healthy,Drug_B
SMP_04726,Rattus norvegicus,39.7,120.82,Diseased,Drug_A
SMP_04727,Homo sapiens,55.77,138.46,Diseased,Drug_B
SMP_04728,Rattus norvegicus,61.98,83.58,Healthy,Control
SMP_04729,Homo sapiens,66.81,122.0,Healthy,Stress_Condition
SMP_04730,Rattus norvegicus,73.54,119.1,Diseased,Drug_A
SMP_04731,Mus musculus,48.99,136.56,Diseased,Control
SMP_04732,Homo sapiens,67.9,89.49,Healthy,Control
SMP_04733,Homo sapiens,44.87,46.04,Diseased,Drug_B
SMP_04734,Mus musculus,63.53,102.11,Healthy,Control
SMP_04735,Homo sapiens,53.11,69.59,Diseased,Drug_B
SMP_04736,Rattus norvegicus,56.69,78.29,Healthy,Control
SMP_04737,Rattus norvegicus,56.35,90.96,Healthy,Drug_B
SMP_04738,Homo sapiens,25.93,89.83,Diseased,Drug_B
SMP_04739,Rattus norvegicus,33.14,104.25,Diseased,Stress_Condition
SMP_04740,Danio rerio,51.54,121.09,Healthy,Drug_A
SMP_04741,Homo sapiens,24.69,88.97,Healthy,Drug_A
SMP_04742,Mus musculus,62.47,111.87,Healthy,Stress_Condition
SMP_04743,Danio rerio,63.07,100.44,Healthy,Control
SMP_04744,Homo sapiens,54.91,128.06,Healthy,Control
SMP_04745,Mus musculus,33.18,94.34,Diseased,Drug_A
SMP_04746,Rattus norvegicus,70.7,97.63,Healthy,Drug_B
SMP_04747,Mus musculus,80.56,88.77,Diseased,Drug_B
SMP_04748,Danio rerio,52.21,95.13,Diseased,Drug_A
SMP_04749,Rattus norvegicus,57.66,76.5,Healthy,Drug_A
SMP_04750,Homo sapiens,53.03,73.52,Diseased,Stress_Condition
SMP_04751,Rattus norvegicus,57.96,123.27,Diseased,Control
SMP_04752,Homo sapiens,48.21,67.5,Healthy,Drug_B
SMP_04753,Homo sapiens,49.48,90.43,Diseased,Stress_Condition
SMP_04754,Mus musculus,63.59,130.46,Diseased,Drug_A
SMP_04755,Mus musculus,85.18,89.42,Healthy,Stress_Condition
SMP_04756,Mus musculus,29.0,124.86,Healthy,Stress_Condition
SMP_04757,Danio rerio,48.44,82.27,Diseased,Drug_B
SMP_04758,Danio rerio,32.29,68.47,Healthy,Stress_Condition
SMP_04759,Mus musculus,73.88,52.16,Diseased,Drug_B
SMP_04760,Danio rerio,41.18,139.38,Diseased,Drug_A
SMP_04761,Rattus norvegicus,28.35,65.89,Healthy,Drug_B
SMP_04762,Rattus norvegicus,59.57,122.42,Healthy,Control
SMP_04763,Danio rerio,76.16,70.0,Healthy,Drug_A
SMP_04764,Danio rerio,59.95,139.52,Healthy,Drug_B
SMP_04765,Rattus norvegicus,53.07,166.2,Diseased,Drug_A
SMP_04766,Homo sapiens,56.14,49.4,Healthy,Stress_Condition
SMP_04767,Rattus norvegicus,71.22,67.46,Healthy,Drug_A
SMP_04768,Rattus norvegicus,36.89,123.19,Healthy,Drug_B
SMP_04769,Danio rerio,48.32,115.39,Diseased,Stress_Condition
SMP_04770,Rattus norvegicus,43.21,123.31,Healthy,Control
SMP_04771,Danio rerio,32.48,82.79,Diseased,Drug_A
SMP_04772,Danio rerio,45.07,159.63,Diseased,Drug_B
SMP_04773,Mus musculus,66.62,103.54,Diseased,Drug_A
SMP_04774,Rattus norvegicus,58.5,63.49,Healthy,Drug_A
SMP_04775,Homo sapiens,59.66,92.41,Healthy,Drug_B
SMP_04776,Mus musculus,52.2,63.89,Healthy,Control
SMP_04777,Danio rerio,57.85,147.73,Healthy,Drug_B
SMP_04778,Danio rerio,37.99,80.19,Diseased,Drug_A
SMP_04779,Homo sapiens,45.36,114.77,Healthy,Control
SMP_04780,Danio rerio,52.88,85.88,Healthy,Control
SMP_04781,Rattus norvegicus,54.16,81.54,Diseased,Control
SMP_04782,Mus musculus,54.8,42.69,Healthy,Control
SMP_04783,Danio rerio,47.92,117.95,Healthy,Drug_A
SMP_04784,Danio rerio,44.34,138.98,Healthy,Drug_B
SMP_04785,Homo sapiens,97.37,72.52,Diseased,Drug_B
SMP_04786,Rattus norvegicus,63.6,53.64,Healthy,Stress_Condition
SMP_04787,Danio rerio,56.2,124.1,Diseased,Stress_Condition
SMP_04788,Homo sapiens,46.5,50.61,Healthy,Stress_Condition
SMP_04789,Danio rerio,43.23,136.59,Healthy,Control
SMP_04790,Homo sapiens,48.04,72.87,Diseased,Control
SMP_04791,Homo sapiens,54.39,66.9,Diseased,Drug_B
SMP_04792,Rattus norvegicus,21.79,107.45,Healthy,Control
SMP_04793,Danio rerio,26.46,68.86,Diseased,Drug_B
SMP_04794,Rattus norvegicus,40.45,78.79,Healthy,Stress_Condition
SMP_04795,Homo sapiens,53.11,110.62,Diseased,Drug_B
SMP_04796,Mus musculus,46.41,27.13,Diseased,Control
SMP_04797,Danio rerio,72.17,149.27,Healthy,Drug_B
SMP_04798,Mus musculus,27.76,101.31,Diseased,Drug_B
SMP_04799,Danio rerio,38.73,61.21,Healthy,Drug_B
SMP_04800,Rattus norvegicus,72.8,69.48,Diseased,Control
SMP_04801,Rattus norvegicus,51.97,129.75,Diseased,Drug_A
SMP_04802,Rattus norvegicus,63.27,118.03,Healthy,Stress_Condition
SMP_04803,Rattus norvegicus,80.77,141.6,Healthy,Drug_A
SMP_04804,Rattus norvegicus,39.59,79.52,Diseased,Drug_A
SMP_04805,Mus musculus,48.51,108.9,Healthy,Drug_A
SMP_04806,Rattus norvegicus,45.91,112.8,Diseased,Drug_A
SMP_04807,Homo sapiens,20.68,120.86,Healthy,Control
SMP_04808,Homo sapiens,45.34,133.82,Diseased,Control
SMP_04809,Mus musculus,63.22,78.48,Healthy,Drug_A
SMP_04810,Danio rerio,58.11,96.57,Healthy,Drug_A
SMP_04811,Homo sapiens,59.29,81.7,Diseased,Drug_B
SMP_04812,Danio rerio,44.37,98.42,Diseased,Drug_B
SMP_04813,Mus musculus,40.16,120.95,Healthy,Stress_Condition
SMP_04814,Danio rerio,69.04,50.38,Healthy,Stress_Condition
SMP_04815,Danio rerio,42.54,133.28,Diseased,Stress_Condition
SMP_04816,Danio rerio,54.41,65.82,Diseased,Drug_B
SMP_04817,Danio rerio,52.45,90.78,Diseased,Drug_A
SMP_04818,Mus musculus,71.93,137.32,Diseased,Drug_A
SMP_04819,Homo sapiens,64.57,109.84,Healthy,Stress_Condition
SMP_04820,Rattus norvegicus,30.57,110.19,Diseased,Stress_Condition
SMP_04821,Danio rerio,32.19,64.58,Diseased,Control
SMP_04822,Homo sapiens,58.68,68.68,Healthy,Stress_Condition
SMP_04823,Homo sapiens,49.03,128.24,Healthy,Drug_B
SMP_04824,Mus musculus,43.17,82.33,Healthy,Drug_B
SMP_04825,Homo sapiens,65.23,85.15,Diseased,Stress_Condition
SMP_04826,Mus musculus,52.81,128.92,Diseased,Stress_Condition
SMP_04827,Danio rerio,50.79,68.5,Diseased,Control
SMP_04828,Danio rerio,61.7,108.08,Healthy,Control
SMP_04829,Rattus norvegicus,44.37,101.29,Diseased,Control
SMP_04830,Rattus norvegicus,73.53,99.92,Diseased,Drug_B
SMP_04831,Rattus norvegicus,38.18,84.45,Healthy,Control
SMP_04832,Homo sapiens,59.85,82.6,Healthy,Drug_A
SMP_04833,Danio rerio,71.51,67.65,Diseased,Drug_A
SMP_04834,Mus musculus,29.34,114.48,Diseased,Drug_A
SMP_04835,Rattus norvegicus,44.85,79.96,Healthy,Control
SMP_04836,Mus musculus,67.13,129.06,Healthy,Drug_B
SMP_04837,Mus musculus,67.36,93.26,Healthy,Drug_B
SMP_04838,Rattus norvegicus,47.43,68.25,Healthy,Control
SMP_04839,Danio rerio,38.98,92.87,Healthy,Stress_Condition
SMP_04840,Rattus norvegicus,64.34,87.67,Healthy,Stress_Condition
SMP_04841,Mus musculus,67.75,130.27,Diseased,Control
SMP_04842,Rattus norvegicus,32.53,88.93,Diseased,Drug_B
SMP_04843,Mus musculus,31.94,91.71,Healthy,Drug_A
SMP_04844,Mus musculus,53.38,142.35,Diseased,Stress_Condition
SMP_04845,Rattus norvegicus,59.44,115.25,Diseased,Drug_A
SMP_04846,Homo sapiens,45.51,149.88,Healthy,Drug_B
SMP_04847,Rattus norvegicus,60.19,137.77,Healthy,Stress_Condition
SMP_04848,Homo sapiens,39.35,73.39,Diseased,Control
SMP_04849,Mus musculus,18.28,129.7,Diseased,Drug_A
SMP_04850,Mus musculus,43.64,145.76,Healthy,Drug_A
SMP_04851,Homo sapiens,50.95,145.98,Healthy,Drug_A
SMP_04852,Mus musculus,45.86,129.64,Diseased,Control
SMP_04853,Homo sapiens,32.62,129.03,Healthy,Control
SMP_04854,Homo sapiens,22.77,90.92,Diseased,Drug_A
SMP_04855,Mus musculus,42.29,74.88,Diseased,Control
SMP_04856,Danio rerio,63.46,89.43,Healthy,Stress_Condition
SMP_04857,Homo sapiens,68.84,50.06,Healthy,Drug_B
SMP_04858,Rattus norvegicus,67.82,140.28,Healthy,Stress_Condition
SMP_04859,Rattus norvegicus,37.76,91.5,Healthy,Control
SMP_04860,Mus musculus,32.69,138.74,Healthy,Drug_B
SMP_04861,Danio rerio,57.45,63.06,Diseased,Drug_A
SMP_04862,Mus musculus,59.53,132.48,Healthy,Drug_A
SMP_04863,Danio rerio,56.0,85.15,Healthy,Drug_B
SMP_04864,Homo sapiens,19.79,61.47,Diseased,Stress_Condition
SMP_04865,Homo sapiens,37.0,148.81,Diseased,Drug_A
SMP_04866,Homo sapiens,49.55,133.22,Diseased,Drug_A
SMP_04867,Homo sapiens,57.31,106.35,Healthy,Drug_A
SMP_04868,Rattus norvegicus,61.51,101.02,Healthy,Control
SMP_04869,Rattus norvegicus,52.16,113.19,Healthy,Stress_Condition
SMP_04870,Mus musculus,54.96,105.84,Healthy,Control
SMP_04871,Danio rerio,51.27,76.23,Diseased,Drug_B
SMP_04872,Homo sapiens,60.28,87.64,Healthy,Drug_B
SMP_04873,Homo sapiens,54.69,158.82,Diseased,Control
SMP_04874,Danio rerio,50.99,180.16,Healthy,Drug_A
SMP_04875,Danio rerio,45.97,146.88,Healthy,Control
SMP_04876,Mus musculus,51.22,114.35,Diseased,Stress_Condition
SMP_04877,Danio rerio,57.27,89.87,Healthy,Drug_A
SMP_04878,Homo sapiens,54.01,76.05,Healthy,Drug_B
SMP_04879,Homo sapiens,55.71,78.03,Healthy,Stress_Condition
SMP_04880,Homo sapiens,70.14,83.4,Diseased,Drug_B
SMP_04881,Homo sapiens,53.98,164.53,Healthy,Stress_Condition
SMP_04882,Homo sapiens,40.27,154.19,Healthy,Stress_Condition
SMP_04883,Mus musculus,63.25,122.39,Diseased,Stress_Condition
SMP_04884,Homo sapiens,29.51,71.18,Diseased,Drug_B
SMP_04885,Mus musculus,33.78,126.79,Diseased,Control
SMP_04886,Homo sapiens,55.04,92.84,Healthy,Control
SMP_04887,Rattus norvegicus,57.75,35.41,Diseased,Drug_A
SMP_04888,Rattus norvegicus,31.32,108.61,Diseased,Drug_B
SMP_04889,Rattus norvegicus,44.26,74.74,Healthy,Drug_A
SMP_04890,Rattus norvegicus,40.91,75.76,Healthy,Drug_A
SMP_04891,Mus musculus,42.7,92.49,Diseased,Stress_Condition
SMP_04892,Mus musculus,64.15,85.05,Diseased,Stress_Condition
SMP_04893,Danio rerio,60.6,98.97,Diseased,Control
SMP_04894,Homo sapiens,49.71,97.53,Diseased,Control
SMP_04895,Rattus norvegicus,41.81,43.73,Healthy,Drug_A
SMP_04896,Mus musculus,29.76,145.61,Healthy,Drug_A
SMP_04897,Homo sapiens,71.3,70.5,Healthy,Drug_A
SMP_04898,Homo sapiens,58.88,71.43,Healthy,Control
SMP_04899,Mus musculus,39.4,90.14,Healthy,Drug_A
SMP_04900,Rattus norvegicus,60.79,96.75,Healthy,Control
SMP_04901,Danio rerio,48.95,143.77,Diseased,Drug_B
SMP_04902,Homo sapiens,45.69,108.08,Healthy,Drug_B
SMP_04903,Danio rerio,56.53,116.99,Healthy,Drug_A
SMP_04904,Rattus norvegicus,38.88,108.24,Diseased,Control
SMP_04905,Rattus norvegicus,44.84,106.94,Diseased,Drug_B
SMP_04906,Danio rerio,51.82,109.29,Healthy,Control
SMP_04907,Rattus norvegicus,42.51,42.02,Diseased,Control
SMP_04908,Homo sapiens,60.04,92.5,Diseased,Drug_B
SMP_04909,Danio rerio,78.04,134.87,Healthy,Drug_A
SMP_04910,Rattus norvegicus,38.69,218.27,Healthy,Drug_A
SMP_04911,Danio rerio,25.02,63.87,Healthy,Drug_B
SMP_04912,Homo sapiens,19.97,112.69,Diseased,Stress_Condition
SMP_04913,Rattus norvegicus,47.74,82.87,Healthy,Control
SMP_04914,Homo sapiens,40.05,161.43,Healthy,Stress_Condition
SMP_04915,Rattus norvegicus,53.12,59.39,Diseased,Drug_A
SMP_04916,Mus musculus,51.99,118.75,Healthy,Control
SMP_04917,Rattus norvegicus,25.95,57.78,Healthy,Drug_B
SMP_04918,Danio rerio,22.78,90.44,Healthy,Drug_A
SMP_04919,Rattus norvegicus,54.44,98.97,Healthy,Drug_A
SMP_04920,Homo sapiens,52.03,132.09,Diseased,Drug_A
SMP_04921,Homo sapiens,43.61,67.68,Diseased,Drug_B
SMP_04922,Rattus norvegicus,25.14,119.9,Healthy,Drug_B
SMP_04923,Danio rerio,57.07,100.56,Healthy,Stress_Condition
SMP_04924,Mus musculus,69.08,108.18,Healthy,Drug_B
SMP_04925,Danio rerio,54.17,128.75,Diseased,Stress_Condition
SMP_04926,Mus musculus,37.29,61.52,Diseased,Control
SMP_04927,Homo sapiens,50.67,124.32,Healthy,Control
SMP_04928,Danio rerio,29.51,82.93,Healthy,Control
SMP_04929,Mus musculus,65.87,132.88,Healthy,Drug_A
SMP_04930,Rattus norvegicus,51.23,110.04,Healthy,Drug_A
SMP_04931,Homo sapiens,23.48,93.71,Diseased,Drug_A
SMP_04932,Rattus norvegicus,45.49,82.3,Diseased,Drug_B
SMP_04933,Homo sapiens,56.95,124.7,Diseased,Drug_B
SMP_04934,Danio rerio,45.0,137.83,Healthy,Stress_Condition
SMP_04935,Danio rerio,45.86,84.01,Healthy,Drug_A
SMP_04936,Homo sapiens,31.63,66.01,Healthy,Drug_B
SMP_04937,Homo sapiens,58.5,120.83,Healthy,Control
SMP_04938,Homo sapiens,40.27,56.54,Healthy,Control
SMP_04939,Danio rerio,17.65,60.83,Healthy,Drug_B
SMP_04940,Mus musculus,44.43,68.12,Healthy,Control
SMP_04941,Rattus norvegicus,64.72,87.54,Healthy,Control
SMP_04942,Rattus norvegicus,44.2,59.91,Diseased,Stress_Condition
SMP_04943,Danio rerio,76.07,41.84,Diseased,Control
SMP_04944,Rattus norvegicus,56.43,65.94,Healthy,Drug_A
SMP_04945,Homo sapiens,55.08,119.27,Healthy,Drug_B
SMP_04946,Mus musculus,48.07,61.85,Healthy,Drug_B
SMP_04947,Rattus norvegicus,48.98,89.79,Diseased,Drug_A
SMP_04948,Mus musculus,46.05,158.4,Diseased,Control
SMP_04949,Homo sapiens,45.47,98.52,Diseased,Stress_Condition
SMP_04950,Rattus norvegicus,57.96,110.28,Diseased,Stress_Condition
SMP_04951,Danio rerio,35.96,71.62,Healthy,Drug_A
SMP_04952,Mus musculus,33.86,164.9,Healthy,Control
SMP_04953,Homo sapiens,33.15,83.76,Healthy,Drug_A
SMP_04954,Mus musculus,80.68,93.16,Diseased,Stress_Condition
SMP_04955,Rattus norvegicus,57.96,139.51,Healthy,Control
SMP_04956,Rattus norvegicus,54.57,94.55,Diseased,Drug_A
SMP_04957,Danio rerio,34.14,101.44,Diseased,Drug_A
SMP_04958,Homo sapiens,59.35,91.55,Healthy,Control
SMP_04959,Homo sapiens,48.25,91.76,Diseased,Stress_Condition
SMP_04960,Danio rerio,53.21,111.12,Healthy,Control
SMP_04961,Danio rerio,35.35,116.59,Diseased,Stress_Condition
SMP_04962,Homo sapiens,52.4,80.7,Diseased,Drug_B
SMP_04963,Mus musculus,43.64,77.02,Healthy,Stress_Condition
SMP_04964,Mus musculus,38.52,81.73,Healthy,Stress_Condition
SMP_04965,Danio rerio,61.01,57.96,Healthy,Drug_B
SMP_04966,Mus musculus,26.93,52.29,Diseased,Drug_A
SMP_04967,Homo sapiens,58.47,108.92,Healthy,Drug_A
SMP_04968,Rattus norvegicus,60.27,128.16,Diseased,Stress_Condition
SMP_04969,Rattus norvegicus,36.81,126.13,Healthy,Drug_B
SMP_04970,Mus musculus,37.7,28.54,Diseased,Drug_B
SMP_04971,Danio rerio,46.65,92.65,Diseased,Control
SMP_04972,Danio rerio,54.23,66.94,Diseased,Stress_Condition
SMP_04973,Danio rerio,47.71,104.31,Healthy,Drug_B
SMP_04974,Danio rerio,56.5,87.47,Healthy,Drug_A
SMP_04975,Danio rerio,76.44,117.76,Healthy,Drug_B
SMP_04976,Mus musculus,42.38,99.43,Healthy,Drug_B
SMP_04977,Rattus norvegicus,24.27,43.12,Healthy,Drug_B
SMP_04978,Rattus norvegicus,62.39,70.99,Healthy,Drug_B
SMP_04979,Mus musculus,75.25,100.17,Diseased,Drug_A
SMP_04980,Danio rerio,55.89,102.7,Healthy,Drug_B
SMP_04981,Mus musculus,33.68,57.83,Diseased,Stress_Condition
SMP_04982,Rattus norvegicus,48.14,53.91,Healthy,Drug_B
SMP_04983,Homo sapiens,33.22,101.69,Healthy,Drug_A
SMP_04984,Mus musculus,59.64,57.89,Healthy,Stress_Condition
SMP_04985,Danio rerio,29.73,49.94,Healthy,Drug_B
SMP_04986,Rattus norvegicus,45.5,86.65,Healthy,Drug_A
SMP_04987,Rattus norvegicus,34.93,85.35,Diseased,Stress_Condition
SMP_04988,Rattus norvegicus,51.9,73.65,Diseased,Drug_B
SMP_04989,Rattus norvegicus,44.5,78.89,Healthy,Drug_B
SMP_04990,Danio rerio,52.65,100.42,Healthy,Drug_B
SMP_04991,Homo sapiens,50.34,78.4,Healthy,Stress_Condition
SMP_04992,Rattus norvegicus,35.2,102.12,Diseased,Control
SMP_04993,Mus musculus,59.4,88.59,Diseased,Drug_B
SMP_04994,Homo sapiens,49.27,105.03,Diseased,Drug_A
SMP_04995,Rattus norvegicus,35.17,126.35,Healthy,Control
SMP_04996,Homo sapiens,83.61,125.18,Healthy,Drug_B
SMP_04997,Mus musculus,57.15,138.65,Healthy,Drug_A
SMP_04998,Rattus norvegicus,47.7,125.14,Diseased,Drug_B
SMP_04999,Mus musculus,71.23,107.16,Healthy,Drug_A
SMP_05000,Danio rerio,77.63,87.0,Diseased,Drug_B
SMP_05001,Rattus norvegicus,47.82,88.37,Healthy,Drug_A
SMP_05002,Rattus norvegicus,55.21,73.67,Healthy,Drug_A
SMP_05003,Rattus norvegicus,35.18,100.14,Healthy,Control
SMP_05004,Rattus norvegicus,47.79,120.92,Diseased,Control
SMP_05005,Danio rerio,47.01,78.23,Healthy,Stress_Condition
SMP_05006,Rattus norvegicus,52.77,98.88,Diseased,Drug_A
SMP_05007,Homo sapiens,54.99,79.68,Healthy,Drug_A
SMP_05008,Rattus norvegicus,58.4,106.28,Healthy,Control
SMP_05009,Danio rerio,53.56,83.52,Healthy,Stress_Condition
SMP_05010,Rattus norvegicus,31.84,77.81,Diseased,Drug_A
SMP_05011,Homo sapiens,35.92,79.6,Healthy,Drug_B
SMP_05012,Danio rerio,41.8,115.1,Healthy,Drug_B
SMP_05013,Danio rerio,45.77,97.1,Healthy,Stress_Condition
SMP_05014,Homo sapiens,65.76,87.15,Healthy,Drug_A
SMP_05015,Homo sapiens,32.56,107.84,Diseased,Drug_A
SMP_05016,Homo sapiens,44.64,87.56,Healthy,Control
SMP_05017,Homo sapiens,64.3,133.8,Diseased,Control
SMP_05018,Homo sapiens,45.5,70.78,Diseased,Drug_A
SMP_05019,Danio rerio,56.91,94.39,Diseased,Drug_B
SMP_05020,Danio rerio,47.91,57.86,Healthy,Control
SMP_05021,Rattus norvegicus,53.85,89.59,Healthy,Drug_B
SMP_05022,Rattus norvegicus,46.57,49.61,Diseased,Drug_B
SMP_05023,Mus musculus,60.01,122.39,Diseased,Drug_B
SMP_05024,Rattus norvegicus,26.82,123.0,Healthy,Drug_B
SMP_05025,Rattus norvegicus,44.55,123.53,Healthy,Stress_Condition
SMP_05026,Homo sapiens,54.45,100.87,Diseased,Stress_Condition
SMP_05027,Homo sapiens,58.01,73.6,Healthy,Control
SMP_05028,Rattus norvegicus,72.39,75.99,Diseased,Drug_A
SMP_05029,Mus musculus,44.13,145.91,Healthy,Stress_Condition
SMP_05030,Homo sapiens,72.19,143.07,Healthy,Drug_A
SMP_05031,Rattus norvegicus,40.11,103.68,Healthy,Control
SMP_05032,Rattus norvegicus,69.93,84.53,Healthy,Drug_B
SMP_05033,Danio rerio,62.26,141.06,Healthy,Drug_A
SMP_05034,Mus musculus,36.3,79.16,Diseased,Stress_Condition
SMP_05035,Danio rerio,54.61,106.87,Diseased,Drug_A
SMP_05036,Mus musculus,49.23,140.56,Diseased,Stress_Condition
SMP_05037,Homo sapiens,59.38,74.91,Diseased,Drug_A
SMP_05038,Mus musculus,46.65,124.88,Healthy,Stress_Condition
SMP_05039,Rattus norvegicus,45.39,115.62,Healthy,Drug_B
SMP_05040,Rattus norvegicus,70.54,98.81,Diseased,Drug_A
SMP_05041,Mus musculus,48.52,70.2,Healthy,Control
SMP_05042,Mus musculus,62.4,78.27,Healthy,Drug_A
SMP_05043,Mus musculus,46.62,108.68,Diseased,Stress_Condition
SMP_05044,Danio rerio,75.0,57.3,Healthy,Drug_A
SMP_05045,Mus musculus,39.82,103.92,Diseased,Control
SMP_05046,Homo sapiens,40.79,116.23,Diseased,Drug_B
SMP_05047,Danio rerio,72.87,129.56,Healthy,Drug_A
SMP_05048,Danio rerio,43.33,58.05,Healthy,Drug_B
SMP_05049,Mus musculus,74.02,139.49,Diseased,Drug_B
SMP_05050,Homo sapiens,63.38,150.86,Healthy,Drug_B
SMP_05051,Danio rerio,47.68,112.3,Healthy,Stress_Condition
SMP_05052,Rattus norvegicus,22.8,68.86,Healthy,Drug_A
SMP_05053,Danio rerio,49.71,90.16,Diseased,Drug_A
SMP_05054,Mus musculus,51.52,98.57,Diseased,Control
SMP_05055,Homo sapiens,67.51,108.11,Diseased,Drug_B
SMP_05056,Mus musculus,73.83,100.66,Diseased,Stress_Condition
SMP_05057,Rattus norvegicus,39.73,108.43,Diseased,Stress_Condition
SMP_05058,Rattus norvegicus,62.02,97.28,Healthy,Control
SMP_05059,Rattus norvegicus,61.48,107.95,Diseased,Drug_A
SMP_05060,Mus musculus,66.1,86.18,Healthy,Drug_A
SMP_05061,Danio rerio,57.48,89.85,Healthy,Stress_Condition
SMP_05062,Mus musculus,20.86,82.72,Diseased,Stress_Condition
SMP_05063,Homo sapiens,47.67,157.52,Healthy,Control
SMP_05064,Danio rerio,32.66,143.92,Diseased,Stress_Condition
SMP_05065,Rattus norvegicus,46.96,116.66,Healthy,Stress_Condition
SMP_05066,Mus musculus,64.7,139.76,Diseased,Control
SMP_05067,Rattus norvegicus,54.58,123.95,Healthy,Drug_B
SMP_05068,Rattus norvegicus,67.22,105.44,Healthy,Stress_Condition
SMP_05069,Homo sapiens,55.13,54.83,Healthy,Drug_A
SMP_05070,Danio rerio,30.53,92.14,Healthy,Drug_B
SMP_05071,Homo sapiens,12.19,89.95,Healthy,Stress_Condition
SMP_05072,Homo sapiens,52.23,66.01,Diseased,Drug_B
SMP_05073,Homo sapiens,46.79,55.42,Diseased,Stress_Condition
SMP_05074,Rattus norvegicus,35.35,114.78,Healthy,Drug_A
SMP_05075,Homo sapiens,24.49,109.74,Healthy,Stress_Condition
SMP_05076,Homo sapiens,38.98,64.98,Healthy,Drug_A
SMP_05077,Danio rerio,47.08,77.62,Healthy,Stress_Condition
SMP_05078,Danio rerio,59.99,134.84,Diseased,Stress_Condition
SMP_05079,Homo sapiens,52.83,73.67,Healthy,Drug_B
SMP_05080,Danio rerio,74.12,105.12,Diseased,Control
SMP_05081,Danio rerio,34.47,94.31,Healthy,Drug_A
SMP_05082,Homo sapiens,63.22,115.19,Healthy,Drug_B
SMP_05083,Rattus norvegicus,50.71,74.32,Diseased,Control
SMP_05084,Homo sapiens,60.42,102.7,Healthy,Drug_B
SMP_05085,Danio rerio,43.45,105.06,Diseased,Drug_A
SMP_05086,Rattus norvegicus,66.08,106.91,Diseased,Control
SMP_05087,Mus musculus,54.43,102.37,Diseased,Control
SMP_05088,Rattus norvegicus,39.81,110.34,Healthy,Control
SMP_05089,Danio rerio,49.82,165.75,Diseased,Drug_A
SMP_05090,Rattus norvegicus,46.41,176.84,Diseased,Drug_A
SMP_05091,Homo sapiens,57.34,80.82,Healthy,Drug_B
SMP_05092,Mus musculus,32.3,30.45,Healthy,Stress_Condition
SMP_05093,Mus musculus,49.56,117.86,Healthy,Stress_Condition
SMP_05094,Mus musculus,55.93,105.59,Healthy,Stress_Condition
SMP_05095,Danio rerio,50.5,131.83,Diseased,Stress_Condition
SMP_05096,Danio rerio,70.2,108.55,Healthy,Drug_B
SMP_05097,Mus musculus,61.61,101.76,Diseased,Drug_A
SMP_05098,Rattus norvegicus,49.89,133.87,Healthy,Drug_B
SMP_05099,Mus musculus,53.25,138.06,Healthy,Control
SMP_05100,Rattus norvegicus,54.43,58.4,Diseased,Drug_A
SMP_05101,Rattus norvegicus,56.05,75.5,Healthy,Drug_A
SMP_05102,Danio rerio,22.62,96.83,Healthy,Stress_Condition
SMP_05103,Rattus norvegicus,45.48,102.95,Diseased,Drug_B
SMP_05104,Mus musculus,27.73,93.22,Diseased,Stress_Condition
SMP_05105,Danio rerio,69.17,113.03,Diseased,Drug_A
SMP_05106,Homo sapiens,49.09,129.88,Diseased,Stress_Condition
SMP_05107,Homo sapiens,47.1,151.68,Diseased,Control
SMP_05108,Danio rerio,63.45,117.37,Healthy,Drug_A
SMP_05109,Mus musculus,56.33,74.43,Diseased,Control
SMP_05110,Homo sapiens,33.07,95.58,Diseased,Drug_A
SMP_05111,Homo sapiens,48.94,97.74,Healthy,Stress_Condition
SMP_05112,Rattus norvegicus,44.97,115.44,Healthy,Drug_A
SMP_05113,Rattus norvegicus,23.83,111.65,Healthy,Drug_A
SMP_05114,Mus musculus,39.65,161.51,Diseased,Drug_B
SMP_05115,Danio rerio,47.25,86.15,Healthy,Drug_B
SMP_05116,Mus musculus,48.28,111.54,Diseased,Control
SMP_05117,Danio rerio,27.77,170.64,Healthy,Drug_B
SMP_05118,Homo sapiens,67.27,82.44,Diseased,Drug_A
SMP_05119,Rattus norvegicus,48.47,104.35,Healthy,Drug_B
SMP_05120,Mus musculus,50.56,71.65,Healthy,Stress_Condition
SMP_05121,Mus musculus,56.01,102.46,Diseased,Drug_B
SMP_05122,Danio rerio,38.18,76.59,Healthy,Control
SMP_05123,Danio rerio,56.85,131.4,Healthy,Drug_A
SMP_05124,Mus musculus,44.49,104.42,Healthy,Stress_Condition
SMP_05125,Danio rerio,36.55,71.94,Healthy,Stress_Condition
SMP_05126,Mus musculus,58.6,125.22,Healthy,Control
SMP_05127,Mus musculus,72.38,105.39,Diseased,Drug_B
SMP_05128,Mus musculus,60.87,128.58,Diseased,Drug_A
SMP_05129,Homo sapiens,63.84,65.57,Diseased,Control
SMP_05130,Danio rerio,42.19,111.06,Healthy,Stress_Condition
SMP_05131,Rattus norvegicus,26.04,123.2,Healthy,Stress_Condition
SMP_05132,Rattus norvegicus,72.35,87.3,Healthy,Stress_Condition
SMP_05133,Danio rerio,80.82,62.23,Diseased,Control
SMP_05134,Mus musculus,73.14,98.75,Healthy,Stress_Condition
SMP_05135,Rattus norvegicus,44.96,136.84,Diseased,Drug_A
SMP_05136,Rattus norvegicus,32.68,133.78,Healthy,Stress_Condition
SMP_05137,Danio rerio,34.01,87.15,Healthy,Control
SMP_05138,Rattus norvegicus,24.74,61.51,Healthy,Control
SMP_05139,Mus musculus,48.39,87.06,Diseased,Stress_Condition
SMP_05140,Danio rerio,74.09,85.95,Healthy,Control
SMP_05141,Mus musculus,47.88,113.39,Healthy,Drug_B
SMP_05142,Rattus norvegicus,54.53,96.85,Diseased,Control
SMP_05143,Rattus norvegicus,70.63,77.4,Diseased,Drug_B
SMP_05144,Mus musculus,43.94,133.13,Healthy,Control
SMP_05145,Homo sapiens,80.53,104.21,Healthy,Control
SMP_05146,Rattus norvegicus,79.88,113.06,Healthy,Control
SMP_05147,Homo sapiens,48.03,48.25,Healthy,Stress_Condition
SMP_05148,Rattus norvegicus,41.34,27.27,Diseased,Control
SMP_05149,Homo sapiens,60.46,56.87,Healthy,Drug_A
SMP_05150,Homo sapiens,44.79,85.58,Diseased,Stress_Condition
SMP_05151,Homo sapiens,32.65,117.29,Healthy,Drug_B
SMP_05152,Mus musculus,69.22,29.73,Healthy,Drug_A
SMP_05153,Homo sapiens,68.25,147.79,Diseased,Drug_A
SMP_05154,Homo sapiens,52.33,105.12,Healthy,Drug_A
SMP_05155,Homo sapiens,31.06,140.81,Diseased,Drug_A
SMP_05156,Rattus norvegicus,31.56,73.42,Diseased,Control
SMP_05157,Homo sapiens,51.61,115.12,Healthy,Control
SMP_05158,Rattus norvegicus,42.5,102.56,Healthy,Drug_A
SMP_05159,Homo sapiens,44.88,124.53,Healthy,Stress_Condition
SMP_05160,Homo sapiens,65.33,92.99,Diseased,Drug_A
SMP_05161,Mus musculus,61.0,114.2,Healthy,Drug_B
SMP_05162,Rattus norvegicus,70.67,133.07,Healthy,Drug_A
SMP_05163,Homo sapiens,35.14,80.46,Healthy,Control
SMP_05164,Rattus norvegicus,44.85,107.27,Diseased,Drug_B
SMP_05165,Rattus norvegicus,61.38,43.36,Healthy,Stress_Condition
SMP_05166,Danio rerio,56.72,121.08,Healthy,Drug_A
SMP_05167,Mus musculus,72.99,158.64,Diseased,Drug_B
SMP_05168,Mus musculus,56.31,62.67,Healthy,Drug_A
SMP_05169,Mus musculus,77.72,97.26,Healthy,Stress_Condition
SMP_05170,Danio rerio,58.1,126.41,Diseased,Stress_Condition
SMP_05171,Danio rerio,65.93,100.94,Diseased,Drug_B
SMP_05172,Mus musculus,45.15,104.95,Healthy,Stress_Condition
SMP_05173,Danio rerio,50.21,88.27,Healthy,Drug_B
SMP_05174,Danio rerio,63.66,87.16,Healthy,Stress_Condition
SMP_05175,Danio rerio,74.19,97.4,Healthy,Control
SMP_05176,Mus musculus,60.94,101.25,Diseased,Drug_B
SMP_05177,Mus musculus,48.75,64.56,Healthy,Drug_A
SMP_05178,Mus musculus,70.66,98.02,Diseased,Drug_B
SMP_05179,Danio rerio,17.12,147.06,Healthy,Stress_Condition
SMP_05180,Mus musculus,28.67,87.43,Diseased,Stress_Condition
SMP_05181,Danio rerio,60.22,62.88,Healthy,Stress_Condition
SMP_05182,Homo sapiens,50.21,95.46,Diseased,Drug_A
SMP_05183,Danio rerio,59.08,78.56,Healthy,Drug_A
SMP_05184,Rattus norvegicus,50.97,59.85,Diseased,Stress_Condition
SMP_05185,Mus musculus,58.56,104.18,Healthy,Control
SMP_05186,Mus musculus,37.78,78.69,Healthy,Drug_B
SMP_05187,Rattus norvegicus,58.56,81.26,Diseased,Stress_Condition
SMP_05188,Danio rerio,64.92,104.6,Healthy,Control
SMP_05189,Homo sapiens,68.31,54.0,Healthy,Drug_A
SMP_05190,Rattus norvegicus,80.2,47.75,Diseased,Stress_Condition
SMP_05191,Rattus norvegicus,53.66,120.13,Diseased,Drug_B
SMP_05192,Danio rerio,54.11,42.07,Healthy,Drug_B
SMP_05193,Mus musculus,27.15,70.7,Healthy,Drug_A
SMP_05194,Danio rerio,42.03,46.0,Healthy,Stress_Condition
SMP_05195,Rattus norvegicus,47.1,85.42,Diseased,Stress_Condition
SMP_05196,Rattus norvegicus,65.75,112.84,Healthy,Stress_Condition
SMP_05197,Mus musculus,40.83,103.37,Diseased,Control
SMP_05198,Mus musculus,61.95,171.76,Healthy,Control
SMP_05199,Mus musculus,49.98,132.61,Healthy,Stress_Condition
SMP_05200,Danio rerio,47.34,72.07,Healthy,Drug_B
SMP_05201,Mus musculus,53.73,64.09,Diseased,Control
SMP_05202,Rattus norvegicus,44.13,181.2,Healthy,Drug_B
SMP_05203,Rattus norvegicus,43.56,131.88,Healthy,Control
SMP_05204,Homo sapiens,24.43,117.68,Healthy,Drug_A
SMP_05205,Danio rerio,46.28,102.25,Healthy,Drug_A
SMP_05206,Homo sapiens,42.8,108.21,Healthy,Drug_A
SMP_05207,Rattus norvegicus,42.26,55.54,Healthy,Drug_B
SMP_05208,Homo sapiens,56.25,104.71,Diseased,Drug_B
SMP_05209,Rattus norvegicus,59.88,102.14,Healthy,Stress_Condition
SMP_05210,Homo sapiens,53.48,72.88,Healthy,Stress_Condition
SMP_05211,Mus musculus,64.93,83.84,Diseased,Drug_A
SMP_05212,Homo sapiens,58.63,145.46,Healthy,Drug_A
SMP_05213,Mus musculus,45.57,96.24,Diseased,Control
SMP_05214,Mus musculus,43.06,162.14,Healthy,Drug_A
SMP_05215,Danio rerio,54.69,47.78,Healthy,Drug_A
SMP_05216,Mus musculus,58.61,84.34,Healthy,Drug_A
SMP_05217,Mus musculus,70.97,53.58,Healthy,Drug_B
SMP_05218,Homo sapiens,67.87,63.72,Healthy,Drug_B
SMP_05219,Rattus norvegicus,41.88,75.15,Healthy,Drug_A
SMP_05220,Danio rerio,48.47,109.46,Diseased,Control
SMP_05221,Mus musculus,60.07,108.0,Healthy,Control
SMP_05222,Danio rerio,66.02,79.62,Healthy,Stress_Condition
SMP_05223,Homo sapiens,64.08,33.17,Healthy,Drug_A
SMP_05224,Mus musculus,49.04,144.33,Diseased,Drug_B
SMP_05225,Homo sapiens,31.19,91.43,Healthy,Drug_A
SMP_05226,Danio rerio,35.02,66.51,Healthy,Control
SMP_05227,Homo sapiens,54.09,108.25,Diseased,Drug_B
SMP_05228,Danio rerio,55.13,106.13,Diseased,Drug_B
SMP_05229,Homo sapiens,33.52,90.32,Healthy,Drug_B
SMP_05230,Danio rerio,50.67,104.46,Diseased,Stress_Condition
SMP_05231,Rattus norvegicus,59.47,65.35,Healthy,Drug_A
SMP_05232,Homo sapiens,32.73,122.8,Diseased,Drug_A
SMP_05233,Homo sapiens,66.57,70.09,Diseased,Drug_A
SMP_05234,Rattus norvegicus,44.34,81.83,Diseased,Control
SMP_05235,Rattus norvegicus,68.86,119.46,Diseased,Drug_B
SMP_05236,Homo sapiens,42.0,136.12,Healthy,Drug_B
SMP_05237,Rattus norvegicus,34.6,147.57,Healthy,Control
SMP_05238,Mus musculus,43.13,131.67,Healthy,Stress_Condition
SMP_05239,Danio rerio,48.57,90.28,Healthy,Control
SMP_05240,Danio rerio,44.17,53.77,Healthy,Drug_B
SMP_05241,Danio rerio,46.76,142.15,Diseased,Stress_Condition
SMP_05242,Mus musculus,55.01,141.12,Healthy,Stress_Condition
SMP_05243,Rattus norvegicus,47.43,79.84,Healthy,Drug_B
SMP_05244,Rattus norvegicus,49.01,127.64,Healthy,Control
SMP_05245,Homo sapiens,24.36,90.03,Diseased,Drug_A
SMP_05246,Rattus norvegicus,55.88,145.04,Healthy,Drug_A
SMP_05247,Homo sapiens,48.66,84.55,Healthy,Drug_A
SMP_05248,Mus musculus,74.15,159.36,Diseased,Control
SMP_05249,Danio rerio,35.91,123.58,Diseased,Drug_B
SMP_05250,Danio rerio,22.88,153.93,Diseased,Control
SMP_05251,Danio rerio,59.27,86.09,Diseased,Drug_A
SMP_05252,Rattus norvegicus,55.2,112.15,Healthy,Drug_A
SMP_05253,Homo sapiens,34.87,70.92,Diseased,Drug_A
SMP_05254,Homo sapiens,27.05,125.32,Healthy,Control
SMP_05255,Mus musculus,73.06,126.97,Healthy,Control
SMP_05256,Rattus norvegicus,71.21,171.91,Healthy,Drug_A
SMP_05257,Mus musculus,12.69,114.46,Healthy,Stress_Condition
SMP_05258,Homo sapiens,43.13,121.72,Healthy,Drug_A
SMP_05259,Homo sapiens,74.96,85.88,Healthy,Drug_B
SMP_05260,Danio rerio,42.86,116.24,Healthy,Control
SMP_05261,Rattus norvegicus,42.64,88.6,Healthy,Stress_Condition
SMP_05262,Homo sapiens,45.76,103.48,Diseased,Stress_Condition
SMP_05263,Danio rerio,33.19,105.24,Healthy,Drug_B
SMP_05264,Rattus norvegicus,24.43,89.43,Diseased,Drug_A
SMP_05265,Mus musculus,65.79,101.89,Healthy,Drug_A
SMP_05266,Rattus norvegicus,22.36,88.74,Diseased,Drug_A
SMP_05267,Rattus norvegicus,53.71,88.61,Diseased,Drug_B
SMP_05268,Homo sapiens,63.3,132.3,Diseased,Control
SMP_05269,Homo sapiens,28.23,105.26,Healthy,Control
SMP_05270,Rattus norvegicus,36.14,110.41,Healthy,Drug_B
SMP_05271,Homo sapiens,68.2,56.28,Healthy,Control
SMP_05272,Homo sapiens,57.99,112.7,Healthy,Drug_B
SMP_05273,Homo sapiens,40.74,115.91,Healthy,Drug_B
SMP_05274,Danio rerio,68.03,88.05,Diseased,Stress_Condition
SMP_05275,Danio rerio,68.1,162.55,Healthy,Stress_Condition
SMP_05276,Rattus norvegicus,54.04,31.32,Healthy,Control
SMP_05277,Homo sapiens,36.5,123.53,Healthy,Stress_Condition
SMP_05278,Danio rerio,43.8,121.38,Healthy,Control
SMP_05279,Rattus norvegicus,54.3,116.25,Diseased,Drug_B
SMP_05280,Homo sapiens,47.17,105.29,Diseased,Control
SMP_05281,Mus musculus,64.08,116.52,Healthy,Stress_Condition
SMP_05282,Homo sapiens,27.05,126.05,Healthy,Control
SMP_05283,Homo sapiens,27.59,78.22,Diseased,Stress_Condition
SMP_05284,Danio rerio,52.71,108.98,Healthy,Drug_B
SMP_05285,Rattus norvegicus,42.63,94.5,Diseased,Drug_A
SMP_05286,Rattus norvegicus,40.59,67.19,Diseased,Drug_B
SMP_05287,Danio rerio,23.48,121.52,Healthy,Stress_Condition
SMP_05288,Homo sapiens,50.29,83.07,Healthy,Control
SMP_05289,Mus musculus,49.21,55.06,Healthy,Stress_Condition
SMP_05290,Homo sapiens,59.8,83.83,Diseased,Stress_Condition
SMP_05291,Homo sapiens,51.03,76.03,Healthy,Drug_A
SMP_05292,Mus musculus,48.01,130.85,Healthy,Control
SMP_05293,Danio rerio,67.66,104.6,Diseased,Stress_Condition
SMP_05294,Rattus norvegicus,30.31,141.47,Diseased,Drug_B
SMP_05295,Danio rerio,58.05,80.0,Healthy,Drug_B
SMP_05296,Danio rerio,24.93,126.23,Healthy,Stress_Condition
SMP_05297,Homo sapiens,37.42,185.19,Healthy,Stress_Condition
SMP_05298,Rattus norvegicus,31.81,110.68,Healthy,Stress_Condition
SMP_05299,Rattus norvegicus,61.73,125.85,Healthy,Stress_Condition
SMP_05300,Danio rerio,49.02,120.81,Diseased,Drug_B
SMP_05301,Mus musculus,49.8,57.34,Healthy,Drug_A
SMP_05302,Danio rerio,33.4,117.57,Healthy,Stress_Condition
SMP_05303,Mus musculus,45.5,109.19,Healthy,Control
SMP_05304,Rattus norvegicus,38.55,92.21,Healthy,Drug_A
SMP_05305,Danio rerio,55.75,73.48,Diseased,Drug_B
SMP_05306,Homo sapiens,35.13,120.82,Diseased,Stress_Condition
SMP_05307,Danio rerio,69.95,70.83,Diseased,Stress_Condition
SMP_05308,Rattus norvegicus,24.87,164.01,Diseased,Stress_Condition
SMP_05309,Homo sapiens,37.9,103.43,Diseased,Stress_Condition
SMP_05310,Homo sapiens,75.16,63.3,Healthy,Control
SMP_05311,Mus musculus,43.47,84.58,Healthy,Stress_Condition
SMP_05312,Homo sapiens,30.28,91.66,Diseased,Drug_B
SMP_05313,Homo sapiens,53.29,172.37,Healthy,Control
SMP_05314,Danio rerio,42.87,73.46,Healthy,Drug_A
SMP_05315,Rattus norvegicus,37.46,96.51,Healthy,Drug_A
SMP_05316,Mus musculus,33.56,83.87,Healthy,Drug_A
SMP_05317,Danio rerio,91.53,114.98,Healthy,Stress_Condition
SMP_05318,Homo sapiens,46.23,84.34,Diseased,Drug_A
SMP_05319,Homo sapiens,21.12,65.83,Healthy,Control
SMP_05320,Mus musculus,72.41,94.14,Diseased,Control
SMP_05321,Rattus norvegicus,59.17,91.02,Healthy,Drug_A
SMP_05322,Mus musculus,38.5,82.23,Healthy,Drug_A
SMP_05323,Danio rerio,36.0,83.84,Healthy,Control
SMP_05324,Mus musculus,60.1,135.54,Healthy,Drug_B
SMP_05325,Homo sapiens,46.3,90.41,Diseased,Drug_A
SMP_05326,Danio rerio,21.11,65.98,Healthy,Control
SMP_05327,Homo sapiens,76.81,86.14,Healthy,Drug_A
SMP_05328,Rattus norvegicus,43.49,101.63,Healthy,Control
SMP_05329,Homo sapiens,72.43,59.91,Healthy,Stress_Condition
SMP_05330,Homo sapiens,69.18,148.78,Healthy,Drug_A
SMP_05331,Mus musculus,34.98,126.03,Healthy,Drug_A
SMP_05332,Homo sapiens,65.5,142.91,Healthy,Drug_B
SMP_05333,Danio rerio,40.23,111.76,Diseased,Drug_B
SMP_05334,Danio rerio,22.0,37.19,Diseased,Drug_B
SMP_05335,Rattus norvegicus,43.63,146.06,Healthy,Drug_B
SMP_05336,Danio rerio,55.96,74.09,Healthy,Drug_A
SMP_05337,Mus musculus,43.06,76.53,Diseased,Drug_A
SMP_05338,Rattus norvegicus,45.39,104.69,Diseased,Drug_B
SMP_05339,Danio rerio,67.15,141.35,Healthy,Drug_B
SMP_05340,Mus musculus,51.6,131.6,Healthy,Drug_A
SMP_05341,Danio rerio,37.35,127.19,Healthy,Stress_Condition
SMP_05342,Danio rerio,60.53,90.65,Healthy,Control
SMP_05343,Homo sapiens,52.97,90.17,Healthy,Drug_B
SMP_05344,Danio rerio,12.18,110.38,Healthy,Control
SMP_05345,Danio rerio,56.43,96.1,Diseased,Stress_Condition
SMP_05346,Mus musculus,55.88,126.68,Healthy,Stress_Condition
SMP_05347,Mus musculus,50.3,124.9,Healthy,Stress_Condition
SMP_05348,Homo sapiens,63.38,117.74,Diseased,Drug_A
SMP_05349,Danio rerio,39.91,24.22,Diseased,Control
SMP_05350,Homo sapiens,55.05,103.84,Healthy,Stress_Condition
SMP_05351,Danio rerio,26.5,96.73,Healthy,Drug_B
SMP_05352,Rattus norvegicus,56.11,105.04,Healthy,Stress_Condition
SMP_05353,Rattus norvegicus,79.3,77.37,Healthy,Drug_B
SMP_05354,Homo sapiens,35.08,60.26,Healthy,Drug_B
SMP_05355,Homo sapiens,38.6,113.89,Healthy,Stress_Condition
SMP_05356,Homo sapiens,39.35,89.31,Healthy,Drug_B
SMP_05357,Mus musculus,51.95,117.24,Diseased,Drug_B
SMP_05358,Mus musculus,34.05,79.87,Healthy,Drug_A
SMP_05359,Mus musculus,56.32,142.48,Healthy,Control
SMP_05360,Homo sapiens,62.7,130.03,Healthy,Drug_A
SMP_05361,Danio rerio,58.02,108.9,Diseased,Drug_A
SMP_05362,Rattus norvegicus,23.47,93.6,Diseased,Drug_A
SMP_05363,Homo sapiens,64.93,125.57,Diseased,Control
SMP_05364,Mus musculus,64.06,111.78,Diseased,Control
SMP_05365,Mus musculus,62.45,107.16,Healthy,Stress_Condition
SMP_05366,Homo sapiens,55.59,131.29,Healthy,Drug_A
SMP_05367,Homo sapiens,53.3,142.8,Healthy,Control
SMP_05368,Mus musculus,65.49,62.43,Healthy,Stress_Condition
SMP_05369,Danio rerio,78.85,68.49,Healthy,Drug_A
SMP_05370,Mus musculus,35.7,76.59,Healthy,Drug_A
SMP_05371,Mus musculus,66.17,54.93,Healthy,Drug_B
SMP_05372,Homo sapiens,48.71,98.12,Healthy,Control
SMP_05373,Danio rerio,48.05,118.0,Diseased,Drug_B
SMP_05374,Mus musculus,26.95,99.36,Healthy,Drug_A
SMP_05375,Mus musculus,45.73,83.98,Healthy,Drug_A
SMP_05376,Rattus norvegicus,35.04,133.79,Healthy,Drug_A
SMP_05377,Homo sapiens,43.04,104.22,Diseased,Stress_Condition
SMP_05378,Rattus norvegicus,33.53,110.29,Diseased,Drug_B
SMP_05379,Rattus norvegicus,43.27,134.63,Healthy,Drug_B
SMP_05380,Mus musculus,43.91,96.3,Healthy,Drug_A
SMP_05381,Homo sapiens,51.45,161.81,Diseased,Drug_B
SMP_05382,Danio rerio,25.78,86.57,Healthy,Drug_A
SMP_05383,Mus musculus,28.32,159.94,Diseased,Drug_A
SMP_05384,Danio rerio,55.43,70.76,Healthy,Drug_B
SMP_05385,Danio rerio,38.04,115.52,Healthy,Control
SMP_05386,Homo sapiens,66.12,80.72,Diseased,Drug_A
SMP_05387,Rattus norvegicus,53.38,133.59,Healthy,Drug_A
SMP_05388,Homo sapiens,59.1,85.65,Healthy,Drug_B
SMP_05389,Danio rerio,71.16,108.73,Healthy,Drug_B
SMP_05390,Mus musculus,45.35,80.48,Diseased,Drug_B
SMP_05391,Danio rerio,41.38,128.12,Healthy,Drug_A
SMP_05392,Mus musculus,63.08,80.33,Healthy,Control
SMP_05393,Mus musculus,57.64,150.5,Healthy,Control
SMP_05394,Homo sapiens,47.19,70.12,Diseased,Control
SMP_05395,Danio rerio,70.87,59.63,Healthy,Drug_A
SMP_05396,Rattus norvegicus,46.82,128.55,Healthy,Drug_B
SMP_05397,Danio rerio,50.49,82.25,Healthy,Control
SMP_05398,Danio rerio,50.32,99.78,Diseased,Control
SMP_05399,Rattus norvegicus,35.98,90.33,Diseased,Control
SMP_05400,Homo sapiens,51.16,60.62,Healthy,Drug_A
SMP_05401,Danio rerio,70.95,97.69,Diseased,Drug_B
SMP_05402,Danio rerio,56.67,137.95,Healthy,Stress_Condition
SMP_05403,Mus musculus,50.47,130.09,Healthy,Drug_B
SMP_05404,Danio rerio,47.57,106.95,Diseased,Drug_B
SMP_05405,Rattus norvegicus,54.96,133.37,Healthy,Drug_B
SMP_05406,Mus musculus,61.25,68.21,Diseased,Control
SMP_05407,Homo sapiens,59.14,90.24,Diseased,Drug_B
SMP_05408,Mus musculus,45.02,111.87,Healthy,Control
SMP_05409,Rattus norvegicus,54.87,96.09,Healthy,Drug_A
SMP_05410,Rattus norvegicus,57.2,92.6,Diseased,Stress_Condition
SMP_05411,Mus musculus,34.89,63.98,Healthy,Drug_A
SMP_05412,Homo sapiens,52.52,37.56,Healthy,Drug_A
SMP_05413,Mus musculus,17.58,124.54,Healthy,Stress_Condition
SMP_05414,Homo sapiens,57.24,107.3,Healthy,Drug_B
SMP_05415,Mus musculus,59.91,127.06,Diseased,Drug_B
SMP_05416,Rattus norvegicus,61.21,86.88,Healthy,Control
SMP_05417,Danio rerio,44.07,78.62,Diseased,Drug_B
SMP_05418,Danio rerio,54.64,100.2,Diseased,Stress_Condition
SMP_05419,Homo sapiens,71.36,125.63,Healthy,Drug_A
SMP_05420,Homo sapiens,71.21,93.06,Healthy,Drug_B
SMP_05421,Homo sapiens,49.56,124.05,Diseased,Control
SMP_05422,Rattus norvegicus,52.09,69.81,Diseased,Drug_A
SMP_05423,Mus musculus,66.66,95.16,Healthy,Drug_A
SMP_05424,Rattus norvegicus,27.49,97.9,Healthy,Control
SMP_05425,Danio rerio,45.15,136.79,Healthy,Drug_A
SMP_05426,Homo sapiens,70.03,106.23,Healthy,Control
SMP_05427,Mus musculus,64.63,152.38,Healthy,Control
SMP_05428,Danio rerio,55.54,59.57,Diseased,Stress_Condition
SMP_05429,Danio rerio,27.41,103.9,Healthy,Stress_Condition
SMP_05430,Danio rerio,49.25,105.38,Diseased,Drug_B
SMP_05431,Rattus norvegicus,41.15,118.6,Diseased,Stress_Condition
SMP_05432,Homo sapiens,54.97,75.6,Healthy,Drug_A
SMP_05433,Danio rerio,37.86,150.53,Healthy,Drug_B
SMP_05434,Homo sapiens,34.61,100.39,Diseased,Drug_B
SMP_05435,Rattus norvegicus,19.03,67.39,Diseased,Control
SMP_05436,Danio rerio,68.33,99.52,Diseased,Stress_Condition
SMP_05437,Rattus norvegicus,44.0,90.61,Healthy,Control
SMP_05438,Rattus norvegicus,52.36,183.5,Healthy,Drug_B
SMP_05439,Homo sapiens,49.97,131.5,Diseased,Control
SMP_05440,Danio rerio,33.99,101.49,Healthy,Drug_A
SMP_05441,Rattus norvegicus,31.11,96.64,Diseased,Drug_A
SMP_05442,Danio rerio,34.92,128.53,Healthy,Drug_B
SMP_05443,Homo sapiens,39.15,129.97,Diseased,Drug_A
SMP_05444,Rattus norvegicus,55.5,12.65,Healthy,Stress_Condition
SMP_05445,Homo sapiens,38.06,119.29,Diseased,Drug_B
SMP_05446,Danio rerio,76.2,100.84,Healthy,Stress_Condition
SMP_05447,Danio rerio,65.41,60.67,Diseased,Drug_A
SMP_05448,Homo sapiens,62.13,126.41,Healthy,Control
SMP_05449,Mus musculus,48.21,167.39,Healthy,Stress_Condition
SMP_05450,Rattus norvegicus,72.71,116.7,Healthy,Stress_Condition
SMP_05451,Danio rerio,46.73,133.01,Diseased,Drug_A
SMP_05452,Danio rerio,49.53,154.12,Healthy,Stress_Condition
SMP_05453,Rattus norvegicus,52.55,75.09,Healthy,Stress_Condition
SMP_05454,Homo sapiens,60.53,44.27,Healthy,Control
SMP_05455,Homo sapiens,59.55,119.71,Healthy,Drug_B
SMP_05456,Homo sapiens,42.87,92.57,Healthy,Drug_A
SMP_05457,Mus musculus,42.01,58.77,Healthy,Control
SMP_05458,Mus musculus,59.6,97.65,Diseased,Control
SMP_05459,Danio rerio,60.73,121.83,Healthy,Drug_B
SMP_05460,Homo sapiens,44.1,95.53,Diseased,Drug_B
SMP_05461,Rattus norvegicus,26.19,76.4,Diseased,Drug_A
SMP_05462,Danio rerio,46.89,93.29,Diseased,Drug_A
SMP_05463,Rattus norvegicus,59.35,99.42,Diseased,Drug_A
SMP_05464,Danio rerio,77.08,42.12,Healthy,Control
SMP_05465,Mus musculus,32.03,95.72,Diseased,Stress_Condition
SMP_05466,Danio rerio,43.6,59.67,Healthy,Drug_B
SMP_05467,Mus musculus,44.16,119.77,Healthy,Drug_A
SMP_05468,Danio rerio,70.34,53.17,Diseased,Drug_A
SMP_05469,Homo sapiens,49.48,130.38,Diseased,Control
SMP_05470,Rattus norvegicus,36.39,87.73,Healthy,Drug_A
SMP_05471,Homo sapiens,58.38,83.71,Healthy,Control
SMP_05472,Danio rerio,43.93,108.83,Healthy,Stress_Condition
SMP_05473,Danio rerio,31.63,74.02,Healthy,Control
SMP_05474,Danio rerio,36.61,108.36,Diseased,Drug_B
SMP_05475,Mus musculus,76.01,78.04,Healthy,Control
SMP_05476,Rattus norvegicus,55.76,83.3,Healthy,Stress_Condition
SMP_05477,Rattus norvegicus,51.62,112.16,Healthy,Stress_Condition
SMP_05478,Danio rerio,46.25,65.84,Diseased,Drug_B
SMP_05479,Danio rerio,54.38,62.07,Diseased,Control
SMP_05480,Mus musculus,54.2,107.45,Diseased,Drug_B
SMP_05481,Homo sapiens,54.38,99.19,Healthy,Stress_Condition
SMP_05482,Homo sapiens,51.72,105.06,Diseased,Control
SMP_05483,Rattus norvegicus,63.03,109.83,Healthy,Drug_A
SMP_05484,Mus musculus,50.35,101.72,Diseased,Stress_Condition
SMP_05485,Danio rerio,35.33,118.24,Healthy,Stress_Condition
SMP_05486,Rattus norvegicus,40.81,102.92,Healthy,Drug_B
SMP_05487,Mus musculus,20.31,39.78,Healthy,Stress_Condition
SMP_05488,Homo sapiens,80.4,47.56,Healthy,Drug_B
SMP_05489,Mus musculus,62.94,157.84,Healthy,Control
SMP_05490,Homo sapiens,37.55,100.0,Diseased,Drug_A
SMP_05491,Mus musculus,45.77,128.51,Healthy,Drug_A
SMP_05492,Rattus norvegicus,40.45,89.63,Healthy,Drug_B
SMP_05493,Homo sapiens,73.14,98.26,Healthy,Drug_A
SMP_05494,Rattus norvegicus,28.7,86.4,Healthy,Drug_A
SMP_05495,Rattus norvegicus,51.72,173.98,Diseased,Stress_Condition
SMP_05496,Homo sapiens,48.37,107.6,Healthy,Stress_Condition
SMP_05497,Homo sapiens,62.4,83.95,Diseased,Control
SMP_05498,Danio rerio,48.44,50.45,Healthy,Stress_Condition
SMP_05499,Danio rerio,23.63,159.21,Diseased,Stress_Condition
SMP_05500,Danio rerio,46.23,95.1,Healthy,Stress_Condition
SMP_05501,Rattus norvegicus,35.42,122.33,Diseased,Stress_Condition
SMP_05502,Rattus norvegicus,51.19,125.68,Healthy,Drug_A
SMP_05503,Danio rerio,71.51,86.12,Diseased,Drug_A
SMP_05504,Rattus norvegicus,23.91,120.17,Healthy,Drug_A
SMP_05505,Rattus norvegicus,38.0,81.88,Healthy,Stress_Condition
SMP_05506,Homo sapiens,41.71,70.29,Healthy,Drug_A
SMP_05507,Homo sapiens,44.28,134.93,Diseased,Control
SMP_05508,Rattus norvegicus,61.1,95.25,Healthy,Control
SMP_05509,Danio rerio,47.4,115.56,Healthy,Stress_Condition
SMP_05510,Mus musculus,56.24,112.33,Diseased,Drug_A
SMP_05511,Danio rerio,40.61,119.14,Diseased,Control
SMP_05512,Mus musculus,53.45,53.3,Diseased,Drug_B
SMP_05513,Danio rerio,61.67,82.44,Healthy,Stress_Condition
SMP_05514,Homo sapiens,39.02,90.27,Healthy,Control
SMP_05515,Rattus norvegicus,61.72,75.06,Healthy,Control
SMP_05516,Rattus norvegicus,50.79,112.87,Diseased,Control
SMP_05517,Homo sapiens,65.68,135.61,Diseased,Drug_B
SMP_05518,Mus musculus,46.98,140.36,Diseased,Drug_B
SMP_05519,Mus musculus,55.72,89.82,Diseased,Drug_B
SMP_05520,Mus musculus,49.39,108.76,Diseased,Control
SMP_05521,Homo sapiens,48.56,113.37,Diseased,Drug_B
SMP_05522,Mus musculus,53.88,118.64,Healthy,Stress_Condition
SMP_05523,Homo sapiens,58.05,73.66,Diseased,Drug_B
SMP_05524,Danio rerio,31.26,154.62,Diseased,Stress_Condition
SMP_05525,Danio rerio,71.5,127.8,Healthy,Control
SMP_05526,Homo sapiens,22.11,128.58,Healthy,Drug_A
SMP_05527,Rattus norvegicus,39.73,136.1,Healthy,Stress_Condition
SMP_05528,Danio rerio,48.59,116.02,Diseased,Stress_Condition
SMP_05529,Mus musculus,56.19,69.18,Diseased,Stress_Condition
SMP_05530,Homo sapiens,73.64,95.83,Healthy,Control
SMP_05531,Mus musculus,22.13,50.47,Diseased,Stress_Condition
SMP_05532,Mus musculus,42.38,112.45,Healthy,Control
SMP_05533,Rattus norvegicus,18.1,94.92,Diseased,Stress_Condition
SMP_05534,Mus musculus,50.47,98.78,Diseased,Control
SMP_05535,Rattus norvegicus,54.08,136.12,Diseased,Drug_A
SMP_05536,Danio rerio,73.86,86.29,Healthy,Control
SMP_05537,Homo sapiens,51.81,92.44,Diseased,Control
SMP_05538,Mus musculus,65.66,100.66,Healthy,Drug_A
SMP_05539,Homo sapiens,58.76,44.8,Healthy,Control
SMP_05540,Mus musculus,43.47,92.02,Healthy,Control
SMP_05541,Homo sapiens,28.87,25.43,Diseased,Stress_Condition
SMP_05542,Mus musculus,54.13,82.43,Diseased,Control
SMP_05543,Mus musculus,27.62,125.66,Healthy,Stress_Condition
SMP_05544,Mus musculus,69.43,113.42,Diseased,Drug_A
SMP_05545,Mus musculus,47.57,82.16,Healthy,Control
SMP_05546,Mus musculus,67.93,101.22,Healthy,Drug_A
SMP_05547,Mus musculus,42.8,67.75,Healthy,Drug_A
SMP_05548,Mus musculus,54.03,99.93,Healthy,Drug_B
SMP_05549,Mus musculus,53.14,187.91,Diseased,Control
SMP_05550,Mus musculus,49.32,155.37,Diseased,Control
SMP_05551,Homo sapiens,43.51,101.58,Healthy,Stress_Condition
SMP_05552,Rattus norvegicus,55.89,104.8,Diseased,Stress_Condition
SMP_05553,Mus musculus,36.11,70.61,Healthy,Drug_B
SMP_05554,Rattus norvegicus,31.86,75.95,Healthy,Drug_B
SMP_05555,Mus musculus,68.64,110.87,Healthy,Control
SMP_05556,Mus musculus,60.91,84.25,Diseased,Control
SMP_05557,Homo sapiens,50.99,127.12,Diseased,Drug_B
SMP_05558,Danio rerio,74.98,147.09,Healthy,Control
SMP_05559,Danio rerio,45.98,109.98,Healthy,Control
SMP_05560,Homo sapiens,69.84,103.05,Healthy,Control
SMP_05561,Rattus norvegicus,52.63,49.58,Healthy,Drug_B
SMP_05562,Danio rerio,34.63,122.43,Diseased,Drug_B
SMP_05563,Homo sapiens,77.72,65.69,Healthy,Drug_A
SMP_05564,Homo sapiens,64.86,87.46,Diseased,Stress_Condition
SMP_05565,Danio rerio,48.18,128.79,Healthy,Drug_A
SMP_05566,Rattus norvegicus,60.91,130.89,Healthy,Control
SMP_05567,Homo sapiens,43.94,86.0,Healthy,Control
SMP_05568,Mus musculus,62.44,87.73,Healthy,Drug_A
SMP_05569,Rattus norvegicus,14.13,79.02,Diseased,Drug_A
SMP_05570,Rattus norvegicus,34.7,64.06,Healthy,Drug_A
SMP_05571,Danio rerio,64.69,80.96,Healthy,Control
SMP_05572,Danio rerio,46.26,51.61,Diseased,Control
SMP_05573,Mus musculus,53.11,120.49,Diseased,Drug_A
SMP_05574,Homo sapiens,29.8,111.84,Diseased,Drug_B
SMP_05575,Danio rerio,77.72,116.82,Healthy,Stress_Condition
SMP_05576,Danio rerio,67.86,71.37,Healthy,Stress_Condition
SMP_05577,Rattus norvegicus,46.99,64.15,Diseased,Drug_A
SMP_05578,Danio rerio,43.93,101.61,Diseased,Drug_B
SMP_05579,Danio rerio,65.44,101.92,Healthy,Stress_Condition
SMP_05580,Danio rerio,79.74,95.58,Healthy,Drug_B
SMP_05581,Danio rerio,64.31,91.32,Healthy,Stress_Condition
SMP_05582,Rattus norvegicus,82.58,151.32,Healthy,Stress_Condition
SMP_05583,Mus musculus,36.16,112.78,Healthy,Control
SMP_05584,Mus musculus,37.71,159.12,Healthy,Drug_B
SMP_05585,Homo sapiens,32.17,138.07,Healthy,Stress_Condition
SMP_05586,Danio rerio,56.63,151.1,Healthy,Drug_B
SMP_05587,Rattus norvegicus,52.63,67.77,Healthy,Drug_A
SMP_05588,Homo sapiens,47.72,117.8,Healthy,Drug_A
SMP_05589,Homo sapiens,62.14,87.05,Healthy,Drug_B
SMP_05590,Mus musculus,68.48,50.1,Diseased,Stress_Condition
SMP_05591,Rattus norvegicus,27.12,144.88,Healthy,Drug_A
SMP_05592,Rattus norvegicus,41.05,91.19,Diseased,Drug_A
SMP_05593,Rattus norvegicus,62.3,68.35,Diseased,Stress_Condition
SMP_05594,Mus musculus,42.98,87.56,Healthy,Drug_A
SMP_05595,Mus musculus,38.03,76.11,Healthy,Drug_A
SMP_05596,Mus musculus,65.28,79.19,Healthy,Stress_Condition
SMP_05597,Mus musculus,30.66,93.35,Diseased,Drug_B
SMP_05598,Mus musculus,45.48,151.92,Healthy,Drug_B
SMP_05599,Danio rerio,54.93,80.01,Healthy,Stress_Condition
SMP_05600,Danio rerio,41.39,149.78,Diseased,Stress_Condition
SMP_05601,Rattus norvegicus,61.75,125.47,Diseased,Drug_B
SMP_05602,Homo sapiens,41.47,111.89,Healthy,Stress_Condition
SMP_05603,Rattus norvegicus,71.13,122.44,Diseased,Drug_B
SMP_05604,Homo sapiens,48.11,100.41,Healthy,Drug_B
SMP_05605,Mus musculus,60.07,138.58,Diseased,Control
SMP_05606,Homo sapiens,61.19,117.01,Healthy,Drug_A
SMP_05607,Rattus norvegicus,40.59,50.06,Diseased,Stress_Condition
SMP_05608,Rattus norvegicus,19.2,108.89,Healthy,Control
SMP_05609,Homo sapiens,55.41,123.52,Healthy,Drug_B
SMP_05610,Danio rerio,51.08,91.33,Healthy,Stress_Condition
SMP_05611,Mus musculus,58.34,103.79,Diseased,Drug_A
SMP_05612,Mus musculus,46.6,81.61,Healthy,Drug_B
SMP_05613,Rattus norvegicus,43.54,58.67,Healthy,Control
SMP_05614,Danio rerio,80.13,53.49,Healthy,Drug_B
SMP_05615,Homo sapiens,27.91,53.89,Healthy,Stress_Condition
SMP_05616,Mus musculus,61.01,120.07,Diseased,Drug_A
SMP_05617,Danio rerio,41.38,25.29,Diseased,Drug_B
SMP_05618,Mus musculus,44.96,80.01,Diseased,Stress_Condition
SMP_05619,Danio rerio,45.24,77.03,Diseased,Stress_Condition
SMP_05620,Danio rerio,37.95,91.54,Healthy,Drug_B
SMP_05621,Rattus norvegicus,58.57,44.31,Healthy,Drug_A
SMP_05622,Mus musculus,70.86,112.12,Healthy,Stress_Condition
SMP_05623,Homo sapiens,57.05,61.81,Diseased,Control
SMP_05624,Rattus norvegicus,51.55,133.97,Diseased,Control
SMP_05625,Rattus norvegicus,35.2,81.35,Healthy,Drug_A
SMP_05626,Homo sapiens,57.75,97.13,Healthy,Drug_A
SMP_05627,Rattus norvegicus,82.35,100.11,Healthy,Control
SMP_05628,Danio rerio,44.29,107.33,Healthy,Drug_A
SMP_05629,Danio rerio,44.36,101.11,Diseased,Control
SMP_05630,Mus musculus,41.58,87.19,Healthy,Drug_B
SMP_05631,Mus musculus,42.66,110.29,Diseased,Control
SMP_05632,Homo sapiens,8.82,113.98,Diseased,Drug_A
SMP_05633,Mus musculus,56.08,77.05,Diseased,Drug_B
SMP_05634,Danio rerio,37.32,112.79,Diseased,Drug_A
SMP_05635,Homo sapiens,25.85,135.75,Healthy,Control
SMP_05636,Homo sapiens,61.3,121.18,Diseased,Drug_B
SMP_05637,Mus musculus,33.77,127.97,Healthy,Stress_Condition
SMP_05638,Danio rerio,44.92,105.16,Diseased,Control
SMP_05639,Homo sapiens,72.0,71.92,Healthy,Drug_B
SMP_05640,Danio rerio,28.86,75.71,Healthy,Stress_Condition
SMP_05641,Danio rerio,27.01,109.6,Healthy,Drug_A
SMP_05642,Danio rerio,54.04,128.28,Healthy,Control
SMP_05643,Mus musculus,67.24,183.58,Diseased,Drug_B
SMP_05644,Rattus norvegicus,26.38,129.45,Diseased,Stress_Condition
SMP_05645,Rattus norvegicus,56.12,64.89,Healthy,Drug_B
SMP_05646,Homo sapiens,58.71,76.98,Healthy,Drug_B
SMP_05647,Danio rerio,19.11,168.36,Diseased,Control
SMP_05648,Mus musculus,61.98,93.57,Healthy,Drug_A
SMP_05649,Danio rerio,63.15,101.43,Diseased,Stress_Condition
SMP_05650,Danio rerio,45.32,71.19,Healthy,Drug_A
SMP_05651,Mus musculus,68.79,146.95,Diseased,Stress_Condition
SMP_05652,Rattus norvegicus,67.05,115.01,Diseased,Drug_B
SMP_05653,Danio rerio,51.55,76.76,Healthy,Stress_Condition
SMP_05654,Danio rerio,43.23,70.19,Healthy,Stress_Condition
SMP_05655,Rattus norvegicus,35.41,109.22,Diseased,Drug_A
SMP_05656,Mus musculus,49.44,101.33,Diseased,Stress_Condition
SMP_05657,Homo sapiens,58.55,124.96,Diseased,Control
SMP_05658,Rattus norvegicus,45.14,116.41,Healthy,Drug_A
SMP_05659,Homo sapiens,17.04,92.07,Healthy,Drug_A
SMP_05660,Homo sapiens,69.03,83.69,Healthy,Control
SMP_05661,Rattus norvegicus,52.85,95.2,Healthy,Control
SMP_05662,Danio rerio,44.31,83.48,Diseased,Drug_A
SMP_05663,Homo sapiens,62.86,96.09,Healthy,Drug_A
SMP_05664,Homo sapiens,72.87,100.49,Diseased,Drug_A
SMP_05665,Mus musculus,7.97,73.06,Diseased,Drug_B
SMP_05666,Danio rerio,56.51,118.92,Diseased,Stress_Condition
SMP_05667,Homo sapiens,28.6,88.89,Healthy,Control
SMP_05668,Mus musculus,57.49,74.74,Healthy,Drug_B
SMP_05669,Danio rerio,51.92,89.45,Diseased,Drug_B
SMP_05670,Rattus norvegicus,59.54,107.27,Healthy,Drug_B
SMP_05671,Rattus norvegicus,42.51,102.49,Diseased,Stress_Condition
SMP_05672,Mus musculus,21.9,112.66,Diseased,Drug_B
SMP_05673,Rattus norvegicus,43.24,126.95,Healthy,Drug_A
SMP_05674,Homo sapiens,56.1,139.15,Healthy,Control
SMP_05675,Danio rerio,65.23,108.56,Healthy,Stress_Condition
SMP_05676,Homo sapiens,32.42,67.92,Diseased,Stress_Condition
SMP_05677,Homo sapiens,65.41,91.93,Healthy,Drug_A
SMP_05678,Rattus norvegicus,40.28,69.87,Diseased,Control
SMP_05679,Homo sapiens,55.44,150.91,Diseased,Drug_B
SMP_05680,Rattus norvegicus,42.35,159.62,Healthy,Stress_Condition
SMP_05681,Danio rerio,52.73,119.51,Diseased,Control
SMP_05682,Danio rerio,63.38,125.75,Diseased,Stress_Condition
SMP_05683,Homo sapiens,31.59,107.53,Diseased,Control
SMP_05684,Mus musculus,39.8,110.98,Healthy,Control
SMP_05685,Rattus norvegicus,52.77,52.08,Healthy,Control
SMP_05686,Rattus norvegicus,86.02,97.78,Healthy,Drug_A
SMP_05687,Homo sapiens,37.05,73.57,Healthy,Stress_Condition
SMP_05688,Rattus norvegicus,80.6,108.44,Healthy,Drug_B
SMP_05689,Rattus norvegicus,80.07,98.21,Diseased,Drug_A
SMP_05690,Mus musculus,48.54,158.4,Healthy,Drug_B
SMP_05691,Mus musculus,45.53,127.5,Diseased,Drug_A
SMP_05692,Homo sapiens,39.62,108.54,Healthy,Drug_A
SMP_05693,Mus musculus,48.98,91.99,Healthy,Drug_A
SMP_05694,Homo sapiens,28.9,150.28,Healthy,Control
SMP_05695,Danio rerio,48.86,99.1,Diseased,Stress_Condition
SMP_05696,Homo sapiens,72.45,109.95,Healthy,Control
SMP_05697,Danio rerio,40.83,101.27,Healthy,Control
SMP_05698,Homo sapiens,46.39,87.88,Diseased,Control
SMP_05699,Rattus norvegicus,24.48,101.1,Healthy,Drug_A
SMP_05700,Mus musculus,55.61,41.14,Diseased,Drug_A
SMP_05701,Danio rerio,53.97,53.57,Healthy,Drug_B
SMP_05702,Homo sapiens,50.96,110.49,Healthy,Stress_Condition
SMP_05703,Mus musculus,46.75,147.05,Healthy,Control
SMP_05704,Homo sapiens,45.61,110.45,Diseased,Control
SMP_05705,Mus musculus,57.53,78.39,Diseased,Control
SMP_05706,Mus musculus,49.57,56.71,Healthy,Stress_Condition
SMP_05707,Homo sapiens,54.72,123.54,Healthy,Stress_Condition
SMP_05708,Danio rerio,53.22,82.98,Healthy,Stress_Condition
SMP_05709,Danio rerio,66.85,119.3,Healthy,Control
SMP_05710,Rattus norvegicus,60.15,111.7,Healthy,Stress_Condition
SMP_05711,Mus musculus,52.89,114.35,Healthy,Control
SMP_05712,Rattus norvegicus,72.78,101.01,Healthy,Control
SMP_05713,Rattus norvegicus,56.3,111.51,Healthy,Stress_Condition
SMP_05714,Homo sapiens,69.57,96.42,Diseased,Drug_A
SMP_05715,Homo sapiens,59.1,80.94,Diseased,Control
SMP_05716,Homo sapiens,22.37,71.1,Healthy,Control
SMP_05717,Mus musculus,69.57,28.45,Diseased,Drug_A
SMP_05718,Homo sapiens,52.03,94.57,Healthy,Stress_Condition
SMP_05719,Homo sapiens,49.22,145.58,Healthy,Drug_B
SMP_05720,Mus musculus,54.22,121.9,Diseased,Drug_A
SMP_05721,Mus musculus,44.83,106.83,Diseased,Stress_Condition
SMP_05722,Danio rerio,53.41,77.98,Healthy,Control
SMP_05723,Homo sapiens,41.12,129.92,Healthy,Drug_A
SMP_05724,Homo sapiens,69.11,96.42,Diseased,Control
SMP_05725,Homo sapiens,48.3,147.25,Diseased,Drug_A
SMP_05726,Danio rerio,44.26,70.57,Diseased,Drug_B
SMP_05727,Homo sapiens,36.13,77.5,Diseased,Control
SMP_05728,Danio rerio,54.03,74.58,Healthy,Stress_Condition
SMP_05729,Rattus norvegicus,52.81,55.54,Healthy,Drug_A
SMP_05730,Danio rerio,55.83,71.89,Diseased,Drug_A
SMP_05731,Rattus norvegicus,34.59,103.1,Healthy,Drug_A
SMP_05732,Homo sapiens,25.98,78.63,Healthy,Control
SMP_05733,Rattus norvegicus,59.38,15.69,Diseased,Stress_Condition
SMP_05734,Danio rerio,72.27,132.23,Healthy,Drug_A
SMP_05735,Mus musculus,34.6,49.48,Healthy,Control
SMP_05736,Rattus norvegicus,73.84,117.68,Healthy,Control
SMP_05737,Rattus norvegicus,54.26,100.94,Healthy,Drug_B
SMP_05738,Homo sapiens,49.89,163.52,Diseased,Stress_Condition
SMP_05739,Danio rerio,44.04,129.91,Healthy,Drug_B
SMP_05740,Rattus norvegicus,29.23,84.86,Healthy,Drug_A
SMP_05741,Rattus norvegicus,64.82,78.94,Healthy,Control
SMP_05742,Rattus norvegicus,38.37,145.08,Healthy,Drug_A
SMP_05743,Rattus norvegicus,38.3,55.72,Healthy,Control
SMP_05744,Mus musculus,64.88,105.73,Healthy,Control
SMP_05745,Danio rerio,21.76,96.07,Diseased,Stress_Condition
SMP_05746,Homo sapiens,27.15,89.7,Diseased,Drug_A
SMP_05747,Homo sapiens,49.73,110.61,Healthy,Stress_Condition
SMP_05748,Mus musculus,54.4,105.69,Healthy,Control
SMP_05749,Danio rerio,57.27,113.72,Healthy,Drug_A
SMP_05750,Rattus norvegicus,45.47,104.17,Healthy,Control
SMP_05751,Mus musculus,87.96,112.53,Healthy,Drug_A
SMP_05752,Danio rerio,46.58,102.8,Healthy,Drug_A
SMP_05753,Rattus norvegicus,46.54,80.22,Healthy,Drug_B
SMP_05754,Mus musculus,38.05,100.12,Diseased,Drug_B
SMP_05755,Danio rerio,51.86,78.57,Diseased,Stress_Condition
SMP_05756,Homo sapiens,59.22,76.59,Diseased,Control
SMP_05757,Homo sapiens,68.05,89.92,Healthy,Stress_Condition
SMP_05758,Danio rerio,27.66,96.42,Healthy,Drug_A
SMP_05759,Homo sapiens,46.31,101.06,Healthy,Stress_Condition
SMP_05760,Danio rerio,56.7,127.49,Diseased,Drug_A
SMP_05761,Rattus norvegicus,58.81,85.05,Healthy,Stress_Condition
SMP_05762,Danio rerio,50.1,105.91,Healthy,Stress_Condition
SMP_05763,Rattus norvegicus,58.14,103.54,Healthy,Drug_A
SMP_05764,Mus musculus,37.87,81.74,Diseased,Drug_A
SMP_05765,Danio rerio,73.37,102.21,Healthy,Stress_Condition
SMP_05766,Mus musculus,64.89,130.08,Healthy,Drug_A
SMP_05767,Homo sapiens,29.83,105.6,Diseased,Stress_Condition
SMP_05768,Rattus norvegicus,33.87,106.8,Healthy,Control
SMP_05769,Danio rerio,34.3,78.84,Healthy,Drug_B
SMP_05770,Mus musculus,60.17,159.07,Healthy,Drug_A
SMP_05771,Rattus norvegicus,30.73,80.55,Diseased,Drug_A
SMP_05772,Rattus norvegicus,45.03,49.97,Healthy,Stress_Condition
SMP_05773,Homo sapiens,56.82,125.81,Healthy,Drug_A
SMP_05774,Homo sapiens,49.01,96.56,Diseased,Control
SMP_05775,Rattus norvegicus,53.88,90.91,Healthy,Drug_B
SMP_05776,Rattus norvegicus,34.01,83.63,Diseased,Drug_B
SMP_05777,Danio rerio,58.92,156.15,Diseased,Drug_A
SMP_05778,Rattus norvegicus,40.8,110.64,Healthy,Control
SMP_05779,Danio rerio,45.13,116.49,Healthy,Drug_B
SMP_05780,Rattus norvegicus,53.57,104.88,Diseased,Drug_B
SMP_05781,Homo sapiens,51.55,108.1,Diseased,Control
SMP_05782,Danio rerio,50.36,141.96,Diseased,Drug_B
SMP_05783,Mus musculus,38.74,92.47,Healthy,Stress_Condition
SMP_05784,Homo sapiens,45.51,56.29,Diseased,Control
SMP_05785,Danio rerio,50.03,126.04,Healthy,Drug_B
SMP_05786,Danio rerio,29.37,114.9,Healthy,Control
SMP_05787,Mus musculus,43.06,103.24,Diseased,Drug_A
SMP_05788,Danio rerio,55.82,114.12,Diseased,Drug_B
SMP_05789,Rattus norvegicus,30.84,88.88,Healthy,Drug_B
SMP_05790,Mus musculus,67.35,100.62,Diseased,Stress_Condition
SMP_05791,Homo sapiens,69.04,96.05,Healthy,Stress_Condition
SMP_05792,Homo sapiens,31.32,82.26,Healthy,Drug_B
SMP_05793,Rattus norvegicus,70.36,135.68,Diseased,Control
SMP_05794,Homo sapiens,47.85,57.63,Healthy,Drug_B
SMP_05795,Danio rerio,56.28,170.83,Diseased,Stress_Condition
SMP_05796,Danio rerio,42.55,126.32,Diseased,Stress_Condition
SMP_05797,Rattus norvegicus,63.85,46.66,Healthy,Drug_B
SMP_05798,Homo sapiens,56.09,93.28,Diseased,Control
SMP_05799,Homo sapiens,37.79,94.94,Healthy,Drug_B
SMP_05800,Rattus norvegicus,32.52,111.76,Healthy,Drug_B
SMP_05801,Mus musculus,28.1,70.32,Diseased,Control
SMP_05802,Homo sapiens,52.82,100.96,Diseased,Control
SMP_05803,Mus musculus,58.59,96.37,Healthy,Control
SMP_05804,Homo sapiens,59.76,77.87,Healthy,Drug_B
SMP_05805,Homo sapiens,48.23,73.7,Healthy,Drug_A
SMP_05806,Homo sapiens,32.65,127.56,Healthy,Control
SMP_05807,Homo sapiens,39.77,49.1,Healthy,Drug_B
SMP_05808,Danio rerio,67.29,114.34,Healthy,Drug_A
SMP_05809,Mus musculus,42.73,123.93,Healthy,Stress_Condition
SMP_05810,Mus musculus,52.15,93.44,Diseased,Drug_A
SMP_05811,Homo sapiens,33.87,101.57,Healthy,Control
SMP_05812,Homo sapiens,55.05,134.9,Healthy,Control
SMP_05813,Mus musculus,43.13,78.85,Diseased,Control
SMP_05814,Danio rerio,65.7,81.95,Healthy,Stress_Condition
SMP_05815,Rattus norvegicus,61.6,85.14,Diseased,Control
SMP_05816,Rattus norvegicus,42.56,134.96,Healthy,Control
SMP_05817,Mus musculus,48.1,138.77,Healthy,Drug_B
SMP_05818,Homo sapiens,41.73,58.12,Healthy,Drug_B
SMP_05819,Homo sapiens,28.71,130.19,Healthy,Stress_Condition
SMP_05820,Danio rerio,37.14,124.57,Healthy,Control
SMP_05821,Rattus norvegicus,52.97,146.61,Healthy,Drug_B
SMP_05822,Danio rerio,54.88,111.55,Healthy,Control
SMP_05823,Rattus norvegicus,52.23,98.67,Healthy,Control
SMP_05824,Mus musculus,45.47,134.36,Healthy,Drug_A
SMP_05825,Rattus norvegicus,64.0,120.97,Diseased,Control
SMP_05826,Danio rerio,50.95,167.35,Diseased,Drug_A
SMP_05827,Danio rerio,60.55,128.76,Diseased,Drug_B
SMP_05828,Danio rerio,23.39,104.61,Diseased,Control
SMP_05829,Mus musculus,8.84,64.78,Healthy,Drug_A
SMP_05830,Rattus norvegicus,54.26,82.57,Healthy,Drug_A
SMP_05831,Rattus norvegicus,28.63,56.92,Diseased,Drug_B
SMP_05832,Danio rerio,46.81,93.55,Healthy,Drug_A
SMP_05833,Rattus norvegicus,45.47,127.78,Healthy,Control
SMP_05834,Homo sapiens,73.81,99.89,Healthy,Control
SMP_05835,Homo sapiens,56.0,130.65,Healthy,Drug_A
SMP_05836,Homo sapiens,52.49,110.13,Healthy,Control
SMP_05837,Rattus norvegicus,62.55,87.91,Diseased,Control
SMP_05838,Mus musculus,55.53,102.63,Diseased,Stress_Condition
SMP_05839,Mus musculus,43.13,114.16,Healthy,Drug_A
SMP_05840,Mus musculus,66.07,104.18,Diseased,Drug_B
SMP_05841,Mus musculus,33.35,104.52,Healthy,Drug_B
SMP_05842,Homo sapiens,54.85,76.93,Diseased,Control
SMP_05843,Homo sapiens,26.79,87.01,Diseased,Drug_A
SMP_05844,Danio rerio,53.06,167.75,Healthy,Control
SMP_05845,Rattus norvegicus,52.89,136.85,Diseased,Control
SMP_05846,Rattus norvegicus,75.15,55.78,Healthy,Drug_A
SMP_05847,Mus musculus,26.53,28.99,Healthy,Drug_B
SMP_05848,Homo sapiens,40.99,102.29,Diseased,Stress_Condition
SMP_05849,Mus musculus,62.34,126.8,Diseased,Stress_Condition
SMP_05850,Danio rerio,55.03,84.4,Diseased,Control
SMP_05851,Rattus norvegicus,52.7,130.65,Diseased,Stress_Condition
SMP_05852,Rattus norvegicus,35.66,101.79,Diseased,Drug_B
SMP_05853,Mus musculus,41.14,95.11,Diseased,Control
SMP_05854,Danio rerio,68.68,122.68,Diseased,Drug_A
SMP_05855,Rattus norvegicus,49.23,84.04,Healthy,Stress_Condition
SMP_05856,Danio rerio,55.63,91.4,Healthy,Drug_A
SMP_05857,Danio rerio,48.27,120.11,Healthy,Drug_B
SMP_05858,Mus musculus,32.25,99.06,Healthy,Control
SMP_05859,Homo sapiens,64.01,157.26,Diseased,Drug_A
SMP_05860,Mus musculus,57.55,120.81,Healthy,Control
SMP_05861,Homo sapiens,84.58,118.86,Healthy,Stress_Condition
SMP_05862,Danio rerio,34.77,98.51,Diseased,Control
SMP_05863,Homo sapiens,62.34,126.24,Healthy,Drug_B
SMP_05864,Danio rerio,30.33,90.32,Healthy,Control
SMP_05865,Rattus norvegicus,52.36,108.47,Healthy,Control
SMP_05866,Rattus norvegicus,64.65,72.51,Diseased,Stress_Condition
SMP_05867,Rattus norvegicus,18.92,131.18,Healthy,Drug_B
SMP_05868,Mus musculus,46.93,108.72,Diseased,Drug_A
SMP_05869,Mus musculus,41.55,159.48,Healthy,Control
SMP_05870,Danio rerio,39.47,171.77,Diseased,Control
SMP_05871,Rattus norvegicus,55.78,122.9,Healthy,Drug_A
SMP_05872,Mus musculus,66.81,102.05,Healthy,Drug_B
SMP_05873,Rattus norvegicus,48.0,71.62,Healthy,Drug_A
SMP_05874,Mus musculus,53.08,127.14,Healthy,Control
SMP_05875,Homo sapiens,51.71,106.31,Healthy,Control
SMP_05876,Homo sapiens,50.03,116.14,Healthy,Drug_B
SMP_05877,Rattus norvegicus,33.66,151.89,Healthy,Stress_Condition
SMP_05878,Danio rerio,66.63,75.27,Diseased,Drug_B
SMP_05879,Mus musculus,54.43,72.27,Healthy,Drug_A
SMP_05880,Mus musculus,55.92,92.91,Diseased,Drug_B
SMP_05881,Homo sapiens,37.9,124.64,Diseased,Drug_A
SMP_05882,Homo sapiens,43.11,116.65,Healthy,Stress_Condition
SMP_05883,Danio rerio,47.36,73.13,Healthy,Stress_Condition
SMP_05884,Danio rerio,26.99,122.7,Diseased,Drug_A
SMP_05885,Danio rerio,24.68,63.96,Diseased,Control
SMP_05886,Rattus norvegicus,40.99,74.87,Diseased,Drug_A
SMP_05887,Homo sapiens,57.84,96.54,Diseased,Drug_A
SMP_05888,Rattus norvegicus,40.2,83.4,Healthy,Drug_B
SMP_05889,Homo sapiens,34.72,126.7,Healthy,Stress_Condition
SMP_05890,Homo sapiens,37.78,108.59,Diseased,Drug_B
SMP_05891,Mus musculus,43.17,152.97,Diseased,Control
SMP_05892,Homo sapiens,44.69,92.58,Diseased,Control
SMP_05893,Homo sapiens,82.48,96.33,Diseased,Control
SMP_05894,Rattus norvegicus,65.82,136.31,Healthy,Drug_A
SMP_05895,Homo sapiens,65.37,97.27,Diseased,Drug_B
SMP_05896,Rattus norvegicus,67.53,144.82,Diseased,Drug_A
SMP_05897,Danio rerio,35.02,116.22,Healthy,Control
SMP_05898,Homo sapiens,31.66,29.42,Healthy,Stress_Condition
SMP_05899,Homo sapiens,33.4,135.33,Healthy,Drug_B
SMP_05900,Rattus norvegicus,70.02,127.38,Diseased,Drug_A
SMP_05901,Danio rerio,41.79,128.54,Healthy,Drug_B
SMP_05902,Mus musculus,31.23,42.67,Healthy,Drug_A
SMP_05903,Danio rerio,43.54,80.11,Healthy,Stress_Condition
SMP_05904,Rattus norvegicus,46.42,82.34,Healthy,Stress_Condition
SMP_05905,Danio rerio,54.03,74.77,Healthy,Control
SMP_05906,Rattus norvegicus,53.76,152.26,Diseased,Stress_Condition
SMP_05907,Rattus norvegicus,37.58,99.65,Diseased,Drug_A
SMP_05908,Mus musculus,60.28,98.9,Healthy,Drug_A
SMP_05909,Homo sapiens,40.41,116.56,Diseased,Control
SMP_05910,Rattus norvegicus,47.66,117.08,Diseased,Control
SMP_05911,Rattus norvegicus,60.3,0.05,Healthy,Stress_Condition
SMP_05912,Mus musculus,40.37,80.61,Healthy,Stress_Condition
SMP_05913,Rattus norvegicus,41.46,57.62,Healthy,Drug_A
SMP_05914,Homo sapiens,58.88,112.01,Healthy,Drug_A
SMP_05915,Mus musculus,37.13,91.33,Diseased,Drug_A
SMP_05916,Homo sapiens,44.23,100.46,Diseased,Control
SMP_05917,Homo sapiens,58.34,37.64,Healthy,Control
SMP_05918,Mus musculus,80.81,90.7,Diseased,Control
SMP_05919,Rattus norvegicus,59.08,133.45,Diseased,Drug_B
SMP_05920,Homo sapiens,57.09,142.28,Diseased,Drug_B
SMP_05921,Homo sapiens,57.96,121.57,Healthy,Control
SMP_05922,Homo sapiens,33.9,59.94,Diseased,Stress_Condition
SMP_05923,Homo sapiens,51.73,137.78,Diseased,Drug_B
SMP_05924,Mus musculus,49.55,121.72,Diseased,Stress_Condition
SMP_05925,Mus musculus,54.82,96.48,Healthy,Drug_B
SMP_05926,Danio rerio,51.75,39.25,Diseased,Drug_A
SMP_05927,Danio rerio,55.7,128.61,Healthy,Drug_A
SMP_05928,Homo sapiens,45.33,82.24,Diseased,Drug_A
SMP_05929,Rattus norvegicus,50.88,110.38,Diseased,Stress_Condition
SMP_05930,Homo sapiens,31.58,102.05,Healthy,Drug_B
SMP_05931,Rattus norvegicus,45.2,146.15,Healthy,Drug_B
SMP_05932,Homo sapiens,70.86,96.24,Diseased,Stress_Condition
SMP_05933,Danio rerio,54.78,99.55,Healthy,Drug_A
SMP_05934,Danio rerio,49.69,147.36,Healthy,Stress_Condition
SMP_05935,Rattus norvegicus,78.44,80.25,Diseased,Drug_A
SMP_05936,Homo sapiens,29.59,124.43,Diseased,Control
SMP_05937,Rattus norvegicus,33.36,94.04,Healthy,Drug_B
SMP_05938,Danio rerio,75.69,69.92,Healthy,Stress_Condition
SMP_05939,Homo sapiens,50.69,100.03,Diseased,Stress_Condition
SMP_05940,Homo sapiens,46.36,120.75,Diseased,Drug_A
SMP_05941,Rattus norvegicus,32.01,140.61,Healthy,Stress_Condition
SMP_05942,Mus musculus,56.72,144.24,Healthy,Drug_A
SMP_05943,Rattus norvegicus,58.17,91.16,Healthy,Drug_A
SMP_05944,Danio rerio,33.58,70.38,Diseased,Drug_B
SMP_05945,Danio rerio,47.9,90.44,Healthy,Drug_A
SMP_05946,Danio rerio,44.97,64.55,Healthy,Drug_A
SMP_05947,Danio rerio,53.84,93.48,Healthy,Stress_Condition
SMP_05948,Danio rerio,33.21,89.75,Healthy,Stress_Condition
SMP_05949,Mus musculus,68.78,121.82,Diseased,Drug_A
SMP_05950,Homo sapiens,63.74,33.82,Healthy,Drug_A
SMP_05951,Rattus norvegicus,44.55,77.99,Healthy,Drug_A
SMP_05952,Rattus norvegicus,46.75,78.23,Healthy,Control
SMP_05953,Danio rerio,47.95,135.61,Healthy,Drug_A
SMP_05954,Rattus norvegicus,38.33,66.58,Diseased,Control
SMP_05955,Danio rerio,43.35,106.8,Healthy,Stress_Condition
SMP_05956,Mus musculus,45.95,96.16,Diseased,Drug_B
SMP_05957,Mus musculus,74.19,131.29,Healthy,Drug_B
SMP_05958,Homo sapiens,64.2,117.87,Healthy,Drug_B
SMP_05959,Mus musculus,64.02,103.64,Healthy,Drug_B
SMP_05960,Mus musculus,55.55,83.36,Diseased,Stress_Condition
SMP_05961,Homo sapiens,33.24,44.43,Healthy,Drug_B
SMP_05962,Rattus norvegicus,49.38,107.41,Diseased,Stress_Condition
SMP_05963,Danio rerio,64.56,115.91,Healthy,Stress_Condition
SMP_05964,Danio rerio,31.13,52.75,Healthy,Drug_A
SMP_05965,Rattus norvegicus,59.55,62.99,Healthy,Drug_A
SMP_05966,Homo sapiens,84.84,107.57,Diseased,Drug_B
SMP_05967,Rattus norvegicus,65.93,110.17,Healthy,Drug_A
SMP_05968,Mus musculus,71.21,70.28,Diseased,Control
SMP_05969,Homo sapiens,53.28,82.78,Diseased,Control
SMP_05970,Homo sapiens,64.52,44.91,Healthy,Stress_Condition
SMP_05971,Homo sapiens,39.23,141.32,Healthy,Drug_A
SMP_05972,Danio rerio,61.94,61.0,Healthy,Drug_B
SMP_05973,Rattus norvegicus,59.82,116.27,Healthy,Drug_B
SMP_05974,Homo sapiens,54.35,98.95,Healthy,Control
SMP_05975,Homo sapiens,69.74,138.69,Diseased,Drug_A
SMP_05976,Homo sapiens,41.92,76.23,Diseased,Control
SMP_05977,Rattus norvegicus,47.19,101.84,Diseased,Drug_A
SMP_05978,Danio rerio,51.43,49.05,Diseased,Drug_B
SMP_05979,Mus musculus,34.56,41.84,Healthy,Control
SMP_05980,Danio rerio,53.4,117.89,Healthy,Drug_A
SMP_05981,Homo sapiens,24.22,46.45,Healthy,Drug_B
SMP_05982,Danio rerio,65.7,93.15,Healthy,Drug_A
SMP_05983,Danio rerio,50.7,130.34,Healthy,Drug_B
SMP_05984,Mus musculus,42.19,122.4,Healthy,Stress_Condition
SMP_05985,Rattus norvegicus,37.48,80.06,Diseased,Stress_Condition
SMP_05986,Rattus norvegicus,46.48,52.34,Diseased,Drug_A
SMP_05987,Danio rerio,60.32,115.28,Healthy,Control
SMP_05988,Danio rerio,58.22,140.27,Diseased,Drug_A
SMP_05989,Rattus norvegicus,39.42,80.13,Diseased,Stress_Condition
SMP_05990,Rattus norvegicus,37.31,75.9,Healthy,Control
SMP_05991,Mus musculus,59.85,84.25,Healthy,Stress_Condition
SMP_05992,Homo sapiens,39.16,117.15,Diseased,Stress_Condition
SMP_05993,Danio rerio,50.9,136.86,Diseased,Control
SMP_05994,Rattus norvegicus,51.86,62.81,Diseased,Control
SMP_05995,Danio rerio,54.68,55.05,Healthy,Stress_Condition
SMP_05996,Danio rerio,62.87,170.2,Healthy,Drug_B
SMP_05997,Rattus norvegicus,31.06,94.68,Healthy,Control
SMP_05998,Mus musculus,21.33,107.59,Diseased,Stress_Condition
SMP_05999,Danio rerio,41.49,79.24,Healthy,Control
SMP_06000,Mus musculus,77.02,114.7,Healthy,Control
SMP_06001,Rattus norvegicus,80.33,128.8,Healthy,Stress_Condition
SMP_06002,Homo sapiens,77.47,108.99,Healthy,Drug_B
SMP_06003,Homo sapiens,47.11,152.23,Healthy,Drug_A
SMP_06004,Danio rerio,23.27,90.2,Diseased,Stress_Condition
SMP_06005,Rattus norvegicus,14.85,92.11,Healthy,Drug_B
SMP_06006,Mus musculus,40.79,106.94,Healthy,Stress_Condition
SMP_06007,Danio rerio,47.03,113.95,Healthy,Drug_B
SMP_06008,Rattus norvegicus,69.51,106.84,Healthy,Drug_A
SMP_06009,Rattus norvegicus,63.02,61.47,Healthy,Drug_A
SMP_06010,Mus musculus,53.41,109.38,Healthy,Control
SMP_06011,Danio rerio,36.65,88.77,Diseased,Control
SMP_06012,Rattus norvegicus,35.59,82.57,Healthy,Drug_A
SMP_06013,Rattus norvegicus,53.81,100.97,Healthy,Stress_Condition
SMP_06014,Rattus norvegicus,60.46,71.15,Healthy,Drug_A
SMP_06015,Mus musculus,55.88,65.94,Healthy,Drug_B
SMP_06016,Danio rerio,34.48,21.54,Healthy,Drug_B
SMP_06017,Danio rerio,59.76,152.42,Diseased,Drug_B
SMP_06018,Danio rerio,56.39,116.67,Diseased,Drug_A
SMP_06019,Danio rerio,33.94,96.5,Diseased,Control
SMP_06020,Homo sapiens,38.24,79.98,Healthy,Drug_B
SMP_06021,Homo sapiens,60.33,13.72,Healthy,Drug_B
SMP_06022,Danio rerio,46.48,78.14,Diseased,Drug_A
SMP_06023,Mus musculus,73.84,121.48,Healthy,Drug_B
SMP_06024,Homo sapiens,57.52,128.27,Healthy,Drug_A
SMP_06025,Rattus norvegicus,42.7,119.27,Diseased,Control
SMP_06026,Homo sapiens,49.85,104.75,Healthy,Drug_B
SMP_06027,Rattus norvegicus,50.95,139.12,Diseased,Drug_B
SMP_06028,Danio rerio,39.07,90.14,Healthy,Drug_B
SMP_06029,Homo sapiens,36.31,132.56,Healthy,Drug_A
SMP_06030,Mus musculus,60.52,88.46,Diseased,Drug_A
SMP_06031,Homo sapiens,62.68,73.57,Healthy,Stress_Condition
SMP_06032,Homo sapiens,59.06,69.83,Healthy,Control
SMP_06033,Homo sapiens,72.73,68.07,Healthy,Stress_Condition
SMP_06034,Danio rerio,41.87,119.77,Healthy,Stress_Condition
SMP_06035,Mus musculus,75.11,77.72,Healthy,Stress_Condition
SMP_06036,Homo sapiens,36.49,69.01,Healthy,Drug_A
SMP_06037,Mus musculus,34.81,121.41,Diseased,Drug_B
SMP_06038,Danio rerio,23.6,109.84,Diseased,Drug_B
SMP_06039,Rattus norvegicus,43.31,128.88,Diseased,Drug_A
SMP_06040,Homo sapiens,42.44,115.38,Diseased,Stress_Condition
SMP_06041,Mus musculus,57.89,77.41,Healthy,Control
SMP_06042,Mus musculus,53.66,102.28,Healthy,Drug_A
SMP_06043,Danio rerio,32.11,103.75,Healthy,Stress_Condition
SMP_06044,Homo sapiens,44.11,72.43,Diseased,Drug_A
SMP_06045,Rattus norvegicus,44.43,66.86,Healthy,Drug_B
SMP_06046,Mus musculus,23.36,79.58,Healthy,Drug_B
SMP_06047,Homo sapiens,35.29,161.1,Diseased,Drug_B
SMP_06048,Rattus norvegicus,38.44,87.62,Healthy,Stress_Condition
SMP_06049,Mus musculus,71.5,136.99,Healthy,Drug_A
SMP_06050,Mus musculus,52.87,85.94,Healthy,Stress_Condition
SMP_06051,Rattus norvegicus,59.93,126.67,Healthy,Drug_A
SMP_06052,Rattus norvegicus,27.52,127.07,Healthy,Control
SMP_06053,Danio rerio,67.91,128.58,Healthy,Drug_B
SMP_06054,Homo sapiens,69.52,111.63,Healthy,Control
SMP_06055,Homo sapiens,20.02,141.32,Healthy,Drug_B
SMP_06056,Danio rerio,39.42,111.35,Healthy,Control
SMP_06057,Mus musculus,57.44,151.41,Diseased,Stress_Condition
SMP_06058,Rattus norvegicus,59.67,51.4,Healthy,Drug_B
SMP_06059,Rattus norvegicus,39.82,110.45,Diseased,Stress_Condition
SMP_06060,Rattus norvegicus,45.42,108.5,Diseased,Stress_Condition
SMP_06061,Mus musculus,41.04,71.9,Healthy,Drug_A
SMP_06062,Rattus norvegicus,51.66,117.39,Healthy,Drug_B
SMP_06063,Rattus norvegicus,67.96,55.3,Healthy,Control
SMP_06064,Danio rerio,38.43,80.37,Diseased,Control
SMP_06065,Mus musculus,65.01,40.03,Healthy,Drug_B
SMP_06066,Homo sapiens,38.27,146.76,Healthy,Drug_A
SMP_06067,Danio rerio,37.29,93.05,Healthy,Drug_B
SMP_06068,Danio rerio,62.28,165.01,Healthy,Stress_Condition
SMP_06069,Homo sapiens,63.83,124.09,Healthy,Drug_A
SMP_06070,Danio rerio,62.77,113.44,Diseased,Stress_Condition
SMP_06071,Mus musculus,30.26,82.41,Healthy,Drug_B
SMP_06072,Rattus norvegicus,43.01,68.61,Healthy,Drug_A
SMP_06073,Mus musculus,62.34,115.69,Diseased,Drug_B
SMP_06074,Homo sapiens,50.62,97.85,Diseased,Drug_B
SMP_06075,Homo sapiens,33.89,59.82,Healthy,Drug_A
SMP_06076,Danio rerio,56.87,54.49,Healthy,Drug_A
SMP_06077,Mus musculus,39.28,71.24,Healthy,Drug_B
SMP_06078,Mus musculus,76.92,154.63,Healthy,Control
SMP_06079,Homo sapiens,73.17,166.4,Healthy,Drug_A
SMP_06080,Mus musculus,59.06,106.15,Healthy,Control
SMP_06081,Homo sapiens,70.42,104.47,Healthy,Control
SMP_06082,Mus musculus,50.97,89.91,Diseased,Control
SMP_06083,Mus musculus,61.48,71.97,Healthy,Control
SMP_06084,Mus musculus,72.17,141.26,Healthy,Stress_Condition
SMP_06085,Homo sapiens,53.68,156.21,Diseased,Drug_B
SMP_06086,Danio rerio,46.17,73.2,Diseased,Drug_A
SMP_06087,Mus musculus,24.43,97.51,Healthy,Drug_B
SMP_06088,Homo sapiens,48.75,86.5,Healthy,Drug_B
SMP_06089,Homo sapiens,62.35,87.39,Diseased,Drug_B
SMP_06090,Mus musculus,64.18,135.58,Healthy,Drug_B
SMP_06091,Mus musculus,57.57,60.64,Diseased,Drug_B
SMP_06092,Danio rerio,41.88,113.99,Diseased,Drug_A
SMP_06093,Homo sapiens,20.35,121.85,Healthy,Drug_B
SMP_06094,Homo sapiens,42.57,95.74,Diseased,Drug_B
SMP_06095,Rattus norvegicus,45.43,126.79,Diseased,Drug_B
SMP_06096,Homo sapiens,45.31,104.43,Diseased,Stress_Condition
SMP_06097,Danio rerio,59.28,136.51,Healthy,Control
SMP_06098,Rattus norvegicus,79.79,54.33,Diseased,Stress_Condition
SMP_06099,Rattus norvegicus,51.85,89.54,Healthy,Drug_B
SMP_06100,Rattus norvegicus,46.75,97.85,Diseased,Stress_Condition
SMP_06101,Mus musculus,46.11,19.83,Healthy,Drug_A
SMP_06102,Mus musculus,51.87,67.42,Healthy,Drug_A
SMP_06103,Homo sapiens,37.58,75.59,Healthy,Drug_A
SMP_06104,Rattus norvegicus,51.8,128.45,Healthy,Control
SMP_06105,Danio rerio,56.76,78.79,Healthy,Drug_A
SMP_06106,Mus musculus,53.15,75.46,Healthy,Control
SMP_06107,Danio rerio,56.86,124.52,Healthy,Drug_A
SMP_06108,Danio rerio,56.51,51.46,Healthy,Stress_Condition
SMP_06109,Mus musculus,23.42,37.86,Diseased,Stress_Condition
SMP_06110,Mus musculus,59.55,89.15,Diseased,Stress_Condition
SMP_06111,Mus musculus,39.93,56.57,Healthy,Stress_Condition
SMP_06112,Mus musculus,33.56,57.71,Healthy,Control
SMP_06113,Rattus norvegicus,33.43,117.2,Healthy,Drug_A
SMP_06114,Rattus norvegicus,56.5,126.28,Healthy,Drug_B
SMP_06115,Rattus norvegicus,46.66,123.67,Diseased,Stress_Condition
SMP_06116,Rattus norvegicus,24.77,133.26,Diseased,Drug_A
SMP_06117,Homo sapiens,57.17,137.23,Healthy,Drug_A
SMP_06118,Rattus norvegicus,28.41,36.14,Diseased,Drug_A
SMP_06119,Mus musculus,52.1,113.51,Diseased,Drug_B
SMP_06120,Danio rerio,53.58,84.11,Healthy,Stress_Condition
SMP_06121,Rattus norvegicus,63.28,77.58,Healthy,Control
SMP_06122,Homo sapiens,76.73,116.81,Healthy,Control
SMP_06123,Mus musculus,29.53,48.09,Healthy,Drug_B
SMP_06124,Danio rerio,49.21,47.47,Healthy,Drug_B
SMP_06125,Danio rerio,45.85,119.01,Healthy,Control
SMP_06126,Rattus norvegicus,56.51,114.63,Healthy,Control
SMP_06127,Danio rerio,53.24,104.1,Healthy,Stress_Condition
SMP_06128,Rattus norvegicus,44.71,73.6,Healthy,Control
SMP_06129,Rattus norvegicus,43.39,122.31,Healthy,Control
SMP_06130,Mus musculus,33.25,120.41,Healthy,Control
SMP_06131,Mus musculus,64.82,102.56,Healthy,Drug_B
SMP_06132,Homo sapiens,56.89,64.68,Healthy,Control
SMP_06133,Mus musculus,63.77,87.24,Diseased,Control
SMP_06134,Mus musculus,45.34,125.14,Diseased,Stress_Condition
SMP_06135,Rattus norvegicus,40.15,139.82,Healthy,Drug_A
SMP_06136,Mus musculus,33.83,90.2,Healthy,Drug_B
SMP_06137,Rattus norvegicus,55.38,92.51,Diseased,Drug_B
SMP_06138,Rattus norvegicus,34.4,95.15,Diseased,Stress_Condition
SMP_06139,Mus musculus,77.73,108.25,Healthy,Control
SMP_06140,Homo sapiens,30.39,82.57,Diseased,Drug_A
SMP_06141,Homo sapiens,54.1,13.17,Healthy,Stress_Condition
SMP_06142,Danio rerio,73.5,135.78,Healthy,Drug_A
SMP_06143,Danio rerio,58.99,153.84,Diseased,Control
SMP_06144,Mus musculus,52.64,81.63,Healthy,Drug_A
SMP_06145,Homo sapiens,35.47,68.0,Diseased,Stress_Condition
SMP_06146,Rattus norvegicus,29.27,95.89,Healthy,Control
SMP_06147,Danio rerio,61.55,94.37,Healthy,Drug_B
SMP_06148,Rattus norvegicus,72.59,129.87,Healthy,Drug_A
SMP_06149,Danio rerio,43.42,101.64,Diseased,Control
SMP_06150,Mus musculus,32.91,76.22,Healthy,Control
SMP_06151,Homo sapiens,13.13,60.45,Diseased,Stress_Condition
SMP_06152,Danio rerio,35.29,125.97,Diseased,Control
SMP_06153,Homo sapiens,48.3,117.99,Healthy,Stress_Condition
SMP_06154,Rattus norvegicus,73.99,131.82,Healthy,Drug_B
SMP_06155,Mus musculus,60.1,70.95,Healthy,Drug_A
SMP_06156,Homo sapiens,54.58,155.15,Diseased,Drug_B
SMP_06157,Mus musculus,44.0,47.69,Diseased,Stress_Condition
SMP_06158,Homo sapiens,41.25,121.29,Healthy,Drug_B
SMP_06159,Rattus norvegicus,71.08,42.71,Healthy,Drug_A
SMP_06160,Rattus norvegicus,53.01,76.29,Healthy,Drug_B
SMP_06161,Mus musculus,18.46,146.83,Healthy,Control
SMP_06162,Rattus norvegicus,39.9,124.94,Healthy,Drug_A
SMP_06163,Danio rerio,37.13,83.61,Diseased,Drug_B
SMP_06164,Homo sapiens,41.81,84.43,Diseased,Drug_A
SMP_06165,Rattus norvegicus,58.44,103.02,Diseased,Drug_B
SMP_06166,Danio rerio,48.39,115.42,Healthy,Control
SMP_06167,Mus musculus,48.85,137.55,Healthy,Stress_Condition
SMP_06168,Danio rerio,69.7,86.31,Healthy,Drug_B
SMP_06169,Mus musculus,39.55,51.65,Healthy,Drug_A
SMP_06170,Mus musculus,77.96,104.71,Healthy,Drug_B
SMP_06171,Homo sapiens,39.93,86.28,Healthy,Stress_Condition
SMP_06172,Homo sapiens,51.34,60.98,Diseased,Control
SMP_06173,Danio rerio,45.78,108.93,Healthy,Control
SMP_06174,Homo sapiens,51.85,93.61,Diseased,Stress_Condition
SMP_06175,Homo sapiens,56.67,109.2,Healthy,Control
SMP_06176,Homo sapiens,56.51,73.17,Healthy,Drug_B
SMP_06177,Danio rerio,38.7,114.6,Healthy,Drug_A
SMP_06178,Rattus norvegicus,33.16,60.49,Healthy,Drug_B
SMP_06179,Homo sapiens,87.55,75.17,Diseased,Stress_Condition
SMP_06180,Homo sapiens,42.74,92.71,Healthy,Drug_B
SMP_06181,Danio rerio,60.49,152.25,Diseased,Drug_B
SMP_06182,Rattus norvegicus,25.89,123.54,Healthy,Stress_Condition
SMP_06183,Homo sapiens,45.81,132.32,Healthy,Drug_A
SMP_06184,Mus musculus,48.09,142.51,Healthy,Control
SMP_06185,Danio rerio,57.09,208.08,Diseased,Stress_Condition
SMP_06186,Homo sapiens,9.16,101.25,Healthy,Control
SMP_06187,Homo sapiens,52.49,142.61,Diseased,Control
SMP_06188,Mus musculus,32.75,130.38,Healthy,Stress_Condition
SMP_06189,Mus musculus,54.87,129.88,Healthy,Drug_A
SMP_06190,Danio rerio,34.46,153.23,Diseased,Stress_Condition
SMP_06191,Danio rerio,37.17,87.42,Healthy,Stress_Condition
SMP_06192,Mus musculus,45.9,85.04,Healthy,Drug_B
SMP_06193,Danio rerio,34.22,109.59,Diseased,Drug_B
SMP_06194,Mus musculus,42.87,94.52,Healthy,Stress_Condition
SMP_06195,Homo sapiens,32.1,109.56,Healthy,Drug_B
SMP_06196,Mus musculus,22.5,146.88,Healthy,Drug_A
SMP_06197,Mus musculus,65.27,85.66,Healthy,Drug_B
SMP_06198,Rattus norvegicus,30.56,90.86,Healthy,Drug_A
SMP_06199,Mus musculus,47.32,105.23,Healthy,Control
SMP_06200,Mus musculus,61.29,93.15,Diseased,Control
SMP_06201,Rattus norvegicus,40.78,42.58,Healthy,Drug_A
SMP_06202,Danio rerio,37.62,82.6,Diseased,Control
SMP_06203,Rattus norvegicus,53.39,120.62,Healthy,Drug_A
SMP_06204,Homo sapiens,66.77,143.13,Healthy,Stress_Condition
SMP_06205,Rattus norvegicus,32.46,65.36,Healthy,Drug_B
SMP_06206,Homo sapiens,47.75,65.22,Diseased,Control
SMP_06207,Danio rerio,24.01,100.91,Diseased,Control
SMP_06208,Rattus norvegicus,44.1,37.73,Healthy,Stress_Condition
SMP_06209,Rattus norvegicus,50.51,86.65,Healthy,Drug_B
SMP_06210,Danio rerio,37.18,47.92,Diseased,Drug_B
SMP_06211,Homo sapiens,43.15,141.07,Diseased,Drug_A
SMP_06212,Rattus norvegicus,28.88,76.92,Diseased,Control
SMP_06213,Homo sapiens,51.16,149.59,Healthy,Drug_B
SMP_06214,Rattus norvegicus,65.84,133.41,Healthy,Control
SMP_06215,Mus musculus,33.54,80.61,Diseased,Control
SMP_06216,Rattus norvegicus,40.66,67.84,Healthy,Control
SMP_06217,Danio rerio,57.54,94.19,Healthy,Control
SMP_06218,Danio rerio,68.18,96.86,Healthy,Drug_A
SMP_06219,Homo sapiens,27.6,110.38,Healthy,Drug_B
SMP_06220,Rattus norvegicus,47.47,76.7,Diseased,Control
SMP_06221,Homo sapiens,54.25,122.39,Diseased,Drug_B
SMP_06222,Homo sapiens,48.47,107.96,Healthy,Stress_Condition
SMP_06223,Mus musculus,12.85,89.79,Healthy,Stress_Condition
SMP_06224,Mus musculus,57.52,78.64,Diseased,Drug_B
SMP_06225,Danio rerio,72.79,94.45,Healthy,Drug_A
SMP_06226,Homo sapiens,51.75,75.49,Healthy,Drug_A
SMP_06227,Danio rerio,34.53,101.75,Healthy,Stress_Condition
SMP_06228,Rattus norvegicus,42.3,102.56,Healthy,Control
SMP_06229,Homo sapiens,76.55,107.85,Healthy,Stress_Condition
SMP_06230,Homo sapiens,63.65,152.99,Healthy,Control
SMP_06231,Rattus norvegicus,59.6,96.03,Healthy,Stress_Condition
SMP_06232,Rattus norvegicus,55.35,130.14,Diseased,Stress_Condition
SMP_06233,Danio rerio,40.08,106.89,Diseased,Drug_A
SMP_06234,Danio rerio,46.99,92.85,Diseased,Drug_B
SMP_06235,Rattus norvegicus,48.83,96.43,Healthy,Drug_B
SMP_06236,Danio rerio,58.24,98.24,Healthy,Stress_Condition
SMP_06237,Rattus norvegicus,72.63,108.39,Diseased,Drug_A
SMP_06238,Homo sapiens,66.78,71.22,Diseased,Control
SMP_06239,Homo sapiens,28.71,56.04,Healthy,Stress_Condition
SMP_06240,Mus musculus,53.36,119.63,Healthy,Control
SMP_06241,Homo sapiens,61.05,126.94,Healthy,Control
SMP_06242,Rattus norvegicus,59.28,122.37,Healthy,Drug_A
SMP_06243,Danio rerio,40.56,104.65,Healthy,Drug_A
SMP_06244,Mus musculus,93.71,123.02,Diseased,Drug_B
SMP_06245,Danio rerio,30.84,121.4,Healthy,Drug_A
SMP_06246,Rattus norvegicus,33.75,123.63,Healthy,Stress_Condition
SMP_06247,Homo sapiens,53.5,74.21,Diseased,Stress_Condition
SMP_06248,Mus musculus,81.75,67.09,Healthy,Control
SMP_06249,Rattus norvegicus,37.46,88.34,Diseased,Drug_B
SMP_06250,Mus musculus,46.01,99.48,Healthy,Control
SMP_06251,Mus musculus,66.16,92.74,Diseased,Control
SMP_06252,Homo sapiens,49.73,43.7,Healthy,Drug_B
SMP_06253,Rattus norvegicus,44.98,151.65,Diseased,Control
SMP_06254,Danio rerio,58.48,91.78,Healthy,Drug_B
SMP_06255,Mus musculus,54.09,105.18,Healthy,Control
SMP_06256,Mus musculus,65.46,137.34,Healthy,Control
SMP_06257,Danio rerio,69.37,29.65,Healthy,Drug_B
SMP_06258,Rattus norvegicus,54.61,84.65,Healthy,Stress_Condition
SMP_06259,Mus musculus,54.38,88.39,Diseased,Control
SMP_06260,Mus musculus,53.21,89.91,Healthy,Control
SMP_06261,Mus musculus,57.34,94.8,Diseased,Stress_Condition
SMP_06262,Rattus norvegicus,50.83,143.41,Healthy,Drug_B
SMP_06263,Rattus norvegicus,49.99,120.2,Diseased,Drug_B
SMP_06264,Danio rerio,67.95,128.74,Healthy,Stress_Condition
SMP_06265,Rattus norvegicus,72.74,101.41,Diseased,Drug_B
SMP_06266,Rattus norvegicus,27.39,58.02,Healthy,Drug_A
SMP_06267,Homo sapiens,50.15,37.61,Healthy,Control
SMP_06268,Danio rerio,39.67,54.12,Healthy,Drug_B
SMP_06269,Mus musculus,45.34,110.79,Diseased,Stress_Condition
SMP_06270,Rattus norvegicus,56.04,100.95,Diseased,Control
SMP_06271,Mus musculus,60.04,93.7,Diseased,Stress_Condition
SMP_06272,Mus musculus,48.32,88.94,Healthy,Drug_B
SMP_06273,Homo sapiens,21.3,160.35,Healthy,Stress_Condition
SMP_06274,Rattus norvegicus,35.52,75.31,Diseased,Stress_Condition
SMP_06275,Danio rerio,63.45,127.83,Healthy,Control
SMP_06276,Rattus norvegicus,8.89,100.06,Healthy,Control
SMP_06277,Mus musculus,67.81,98.17,Diseased,Drug_B
SMP_06278,Danio rerio,57.82,135.3,Healthy,Stress_Condition
SMP_06279,Rattus norvegicus,69.74,143.88,Diseased,Stress_Condition
SMP_06280,Mus musculus,47.02,92.81,Healthy,Drug_B
SMP_06281,Mus musculus,19.08,123.98,Diseased,Stress_Condition
SMP_06282,Homo sapiens,56.46,110.92,Diseased,Stress_Condition
SMP_06283,Homo sapiens,69.12,100.22,Diseased,Stress_Condition
SMP_06284,Homo sapiens,63.87,106.13,Healthy,Stress_Condition
SMP_06285,Mus musculus,40.06,79.36,Healthy,Drug_A
SMP_06286,Rattus norvegicus,51.3,90.82,Diseased,Drug_B
SMP_06287,Homo sapiens,42.01,82.58,Healthy,Drug_B
SMP_06288,Rattus norvegicus,37.71,127.04,Diseased,Stress_Condition
SMP_06289,Homo sapiens,64.33,97.14,Healthy,Drug_B
SMP_06290,Danio rerio,32.04,61.07,Healthy,Drug_A
SMP_06291,Danio rerio,36.59,78.3,Healthy,Stress_Condition
SMP_06292,Homo sapiens,33.44,4.02,Healthy,Control
SMP_06293,Mus musculus,27.65,85.17,Diseased,Drug_A
SMP_06294,Homo sapiens,52.2,101.13,Diseased,Control
SMP_06295,Homo sapiens,67.42,95.92,Healthy,Drug_B
SMP_06296,Mus musculus,47.23,159.4,Diseased,Drug_B
SMP_06297,Danio rerio,27.41,117.25,Diseased,Drug_B
SMP_06298,Rattus norvegicus,62.6,115.91,Diseased,Stress_Condition
SMP_06299,Homo sapiens,75.29,50.7,Healthy,Drug_A
SMP_06300,Mus musculus,40.31,89.06,Healthy,Drug_A
SMP_06301,Homo sapiens,42.82,85.4,Diseased,Stress_Condition
SMP_06302,Mus musculus,57.73,76.42,Healthy,Stress_Condition
SMP_06303,Rattus norvegicus,74.33,76.0,Diseased,Drug_B
SMP_06304,Rattus norvegicus,42.2,45.76,Diseased,Drug_A
SMP_06305,Danio rerio,30.01,61.72,Diseased,Drug_B
SMP_06306,Mus musculus,59.47,126.22,Diseased,Drug_A
SMP_06307,Mus musculus,61.99,95.71,Diseased,Stress_Condition
SMP_06308,Danio rerio,50.09,84.81,Healthy,Drug_B
SMP_06309,Danio rerio,41.63,99.84,Healthy,Drug_A
SMP_06310,Mus musculus,64.92,135.02,Healthy,Stress_Condition
SMP_06311,Danio rerio,57.92,100.13,Healthy,Control
SMP_06312,Rattus norvegicus,38.47,116.21,Healthy,Drug_B
SMP_06313,Homo sapiens,50.74,74.6,Healthy,Drug_A
SMP_06314,Rattus norvegicus,29.72,81.44,Healthy,Drug_A
SMP_06315,Danio rerio,60.29,110.62,Healthy,Drug_B
SMP_06316,Mus musculus,46.07,156.78,Diseased,Drug_A
SMP_06317,Mus musculus,43.46,142.89,Diseased,Control
SMP_06318,Rattus norvegicus,49.51,117.48,Diseased,Control
SMP_06319,Mus musculus,50.6,104.54,Healthy,Drug_A
SMP_06320,Danio rerio,63.42,142.03,Healthy,Drug_B
SMP_06321,Rattus norvegicus,58.87,123.84,Healthy,Drug_A
SMP_06322,Mus musculus,47.65,31.19,Healthy,Drug_A
SMP_06323,Homo sapiens,61.46,68.38,Healthy,Control
SMP_06324,Homo sapiens,56.01,110.14,Healthy,Stress_Condition
SMP_06325,Danio rerio,43.6,46.39,Healthy,Stress_Condition
SMP_06326,Mus musculus,48.13,73.07,Diseased,Drug_A
SMP_06327,Danio rerio,47.78,79.01,Diseased,Drug_B
SMP_06328,Rattus norvegicus,57.58,92.32,Healthy,Control
SMP_06329,Homo sapiens,44.49,91.38,Healthy,Stress_Condition
SMP_06330,Rattus norvegicus,44.14,91.33,Healthy,Drug_A
SMP_06331,Mus musculus,79.53,124.76,Healthy,Drug_B
SMP_06332,Danio rerio,64.1,92.04,Diseased,Control
SMP_06333,Danio rerio,38.59,88.46,Diseased,Stress_Condition
SMP_06334,Danio rerio,58.56,59.52,Healthy,Stress_Condition
SMP_06335,Rattus norvegicus,51.78,130.73,Healthy,Stress_Condition
SMP_06336,Homo sapiens,55.87,79.86,Healthy,Drug_B
SMP_06337,Rattus norvegicus,52.06,67.39,Healthy,Drug_B
SMP_06338,Rattus norvegicus,67.84,106.39,Diseased,Drug_B
SMP_06339,Mus musculus,55.18,76.99,Diseased,Drug_A
SMP_06340,Mus musculus,49.07,84.22,Healthy,Control
SMP_06341,Mus musculus,65.63,107.75,Healthy,Drug_A
SMP_06342,Homo sapiens,53.5,90.21,Diseased,Control
SMP_06343,Homo sapiens,51.82,169.35,Healthy,Drug_B
SMP_06344,Mus musculus,54.71,97.76,Diseased,Stress_Condition
SMP_06345,Mus musculus,48.6,118.54,Healthy,Drug_B
SMP_06346,Homo sapiens,50.14,41.75,Healthy,Drug_A
SMP_06347,Danio rerio,41.2,74.18,Diseased,Drug_B
SMP_06348,Homo sapiens,38.73,67.39,Healthy,Drug_B
SMP_06349,Homo sapiens,35.02,71.37,Healthy,Drug_B
SMP_06350,Homo sapiens,29.12,112.47,Healthy,Stress_Condition
SMP_06351,Mus musculus,36.8,131.07,Healthy,Control
SMP_06352,Danio rerio,47.39,110.34,Diseased,Control
SMP_06353,Homo sapiens,51.55,93.2,Healthy,Drug_A
SMP_06354,Mus musculus,45.93,81.07,Diseased,Control
SMP_06355,Rattus norvegicus,14.66,133.41,Healthy,Drug_B
SMP_06356,Rattus norvegicus,73.62,162.14,Healthy,Stress_Condition
SMP_06357,Homo sapiens,66.3,104.05,Diseased,Drug_B
SMP_06358,Rattus norvegicus,56.69,128.18,Diseased,Drug_B
SMP_06359,Danio rerio,78.61,110.3,Healthy,Drug_A
SMP_06360,Rattus norvegicus,35.34,122.67,Healthy,Drug_B
SMP_06361,Rattus norvegicus,78.31,65.06,Healthy,Drug_B
SMP_06362,Danio rerio,35.52,85.36,Diseased,Drug_A
SMP_06363,Homo sapiens,53.58,111.86,Healthy,Control
SMP_06364,Homo sapiens,30.89,136.37,Healthy,Control
SMP_06365,Danio rerio,50.22,75.46,Healthy,Control
SMP_06366,Danio rerio,55.79,39.0,Healthy,Drug_A
SMP_06367,Danio rerio,47.68,85.05,Diseased,Drug_A
SMP_06368,Rattus norvegicus,60.71,130.3,Healthy,Stress_Condition
SMP_06369,Danio rerio,51.49,52.48,Healthy,Stress_Condition
SMP_06370,Mus musculus,42.16,64.69,Healthy,Drug_B
SMP_06371,Rattus norvegicus,41.5,104.68,Healthy,Drug_B
SMP_06372,Homo sapiens,62.16,96.52,Healthy,Drug_A
SMP_06373,Homo sapiens,40.19,117.83,Healthy,Drug_A
SMP_06374,Homo sapiens,63.73,63.14,Healthy,Stress_Condition
SMP_06375,Rattus norvegicus,68.34,90.25,Diseased,Drug_B
SMP_06376,Mus musculus,24.97,135.86,Diseased,Drug_B
SMP_06377,Danio rerio,66.99,64.21,Healthy,Drug_B
SMP_06378,Danio rerio,80.91,144.31,Healthy,Control
SMP_06379,Homo sapiens,53.78,67.98,Healthy,Stress_Condition
SMP_06380,Homo sapiens,58.99,125.48,Healthy,Control
SMP_06381,Rattus norvegicus,65.56,88.81,Diseased,Drug_B
SMP_06382,Mus musculus,45.87,65.65,Diseased,Drug_A
SMP_06383,Danio rerio,52.73,85.09,Diseased,Stress_Condition
SMP_06384,Rattus norvegicus,30.29,116.35,Healthy,Control
SMP_06385,Danio rerio,52.08,99.79,Diseased,Drug_B
SMP_06386,Homo sapiens,57.47,133.55,Healthy,Control
SMP_06387,Danio rerio,57.74,143.07,Diseased,Drug_A
SMP_06388,Mus musculus,65.98,64.51,Healthy,Stress_Condition
SMP_06389,Mus musculus,38.38,62.31,Healthy,Drug_A
SMP_06390,Homo sapiens,42.01,60.86,Healthy,Drug_A
SMP_06391,Mus musculus,78.43,73.02,Healthy,Stress_Condition
SMP_06392,Mus musculus,47.75,133.13,Diseased,Drug_B
SMP_06393,Rattus norvegicus,53.0,116.81,Diseased,Drug_B
SMP_06394,Danio rerio,48.99,83.65,Diseased,Control
SMP_06395,Homo sapiens,37.67,99.67,Diseased,Drug_B
SMP_06396,Homo sapiens,74.35,142.13,Healthy,Drug_B
SMP_06397,Homo sapiens,42.08,157.24,Healthy,Drug_B
SMP_06398,Homo sapiens,33.09,107.78,Healthy,Control
SMP_06399,Homo sapiens,43.24,20.22,Diseased,Stress_Condition
SMP_06400,Mus musculus,19.97,108.92,Healthy,Drug_B
SMP_06401,Rattus norvegicus,40.23,128.04,Healthy,Drug_A
SMP_06402,Homo sapiens,35.48,106.74,Healthy,Drug_B
SMP_06403,Rattus norvegicus,59.26,121.8,Diseased,Drug_B
SMP_06404,Rattus norvegicus,39.9,110.71,Diseased,Stress_Condition
SMP_06405,Mus musculus,63.32,62.96,Healthy,Drug_A
SMP_06406,Homo sapiens,70.98,73.41,Diseased,Control
SMP_06407,Mus musculus,61.72,90.37,Healthy,Drug_B
SMP_06408,Homo sapiens,46.77,131.96,Healthy,Drug_B
SMP_06409,Mus musculus,52.12,77.02,Diseased,Drug_B
SMP_06410,Rattus norvegicus,27.13,113.68,Healthy,Drug_B
SMP_06411,Homo sapiens,47.99,109.11,Healthy,Drug_A
SMP_06412,Danio rerio,37.09,147.59,Diseased,Stress_Condition
SMP_06413,Rattus norvegicus,60.41,98.75,Diseased,Stress_Condition
SMP_06414,Danio rerio,88.59,47.36,Diseased,Drug_B
SMP_06415,Rattus norvegicus,57.5,119.41,Healthy,Control
SMP_06416,Mus musculus,20.13,164.14,Healthy,Drug_A
SMP_06417,Homo sapiens,44.58,121.37,Healthy,Drug_A
SMP_06418,Rattus norvegicus,51.84,76.37,Diseased,Control
SMP_06419,Mus musculus,51.31,67.54,Healthy,Drug_B
SMP_06420,Homo sapiens,39.04,71.41,Healthy,Drug_B
SMP_06421,Homo sapiens,53.68,160.1,Healthy,Drug_B
SMP_06422,Rattus norvegicus,31.36,90.18,Diseased,Control
SMP_06423,Homo sapiens,35.83,80.12,Healthy,Drug_A
SMP_06424,Rattus norvegicus,59.69,95.25,Healthy,Stress_Condition
SMP_06425,Homo sapiens,34.77,90.49,Healthy,Drug_B
SMP_06426,Danio rerio,58.07,147.03,Healthy,Control
SMP_06427,Mus musculus,29.46,69.57,Healthy,Control
SMP_06428,Danio rerio,76.47,135.42,Healthy,Drug_B
SMP_06429,Rattus norvegicus,38.39,103.66,Diseased,Control
SMP_06430,Danio rerio,46.65,136.21,Healthy,Drug_B
SMP_06431,Rattus norvegicus,54.96,147.48,Healthy,Drug_B
SMP_06432,Homo sapiens,41.52,102.54,Healthy,Drug_B
SMP_06433,Homo sapiens,52.15,90.55,Diseased,Drug_A
SMP_06434,Rattus norvegicus,58.63,101.99,Healthy,Control
SMP_06435,Danio rerio,64.41,97.16,Diseased,Stress_Condition
SMP_06436,Homo sapiens,61.87,50.29,Diseased,Drug_A
SMP_06437,Mus musculus,47.42,146.57,Healthy,Drug_B
SMP_06438,Homo sapiens,47.8,107.37,Healthy,Control
SMP_06439,Mus musculus,85.24,65.11,Diseased,Stress_Condition
SMP_06440,Danio rerio,64.25,37.97,Diseased,Drug_B
SMP_06441,Mus musculus,36.17,30.17,Diseased,Control
SMP_06442,Mus musculus,51.5,123.11,Diseased,Drug_B
SMP_06443,Mus musculus,44.97,81.43,Healthy,Stress_Condition
SMP_06444,Mus musculus,47.97,86.35,Diseased,Control
SMP_06445,Homo sapiens,31.56,114.64,Healthy,Stress_Condition
SMP_06446,Mus musculus,43.82,84.52,Healthy,Drug_B
SMP_06447,Homo sapiens,77.17,116.4,Diseased,Drug_B
SMP_06448,Mus musculus,58.69,102.86,Healthy,Stress_Condition
SMP_06449,Rattus norvegicus,12.63,97.48,Healthy,Drug_A
SMP_06450,Danio rerio,68.25,52.82,Healthy,Drug_A
SMP_06451,Mus musculus,66.34,75.41,Healthy,Control
SMP_06452,Rattus norvegicus,44.61,118.08,Diseased,Control
SMP_06453,Mus musculus,60.76,79.54,Healthy,Drug_A
SMP_06454,Mus musculus,37.11,136.16,Diseased,Stress_Condition
SMP_06455,Mus musculus,42.95,170.39,Healthy,Drug_B
SMP_06456,Rattus norvegicus,72.48,119.69,Healthy,Drug_B
SMP_06457,Danio rerio,45.92,144.78,Healthy,Control
SMP_06458,Rattus norvegicus,21.95,121.62,Healthy,Control
SMP_06459,Danio rerio,49.05,83.97,Healthy,Drug_B
SMP_06460,Mus musculus,48.82,106.0,Diseased,Drug_A
SMP_06461,Homo sapiens,67.98,160.4,Healthy,Control
SMP_06462,Mus musculus,50.22,84.29,Healthy,Drug_B
SMP_06463,Danio rerio,43.68,68.82,Healthy,Control
SMP_06464,Rattus norvegicus,65.68,65.97,Healthy,Drug_A
SMP_06465,Mus musculus,51.81,93.47,Healthy,Stress_Condition
SMP_06466,Rattus norvegicus,38.75,69.9,Diseased,Control
SMP_06467,Rattus norvegicus,67.32,150.22,Healthy,Drug_B
SMP_06468,Rattus norvegicus,52.9,106.49,Healthy,Drug_A
SMP_06469,Mus musculus,50.04,129.15,Healthy,Drug_B
SMP_06470,Rattus norvegicus,52.67,91.04,Healthy,Drug_A
SMP_06471,Rattus norvegicus,33.94,65.79,Healthy,Stress_Condition
SMP_06472,Mus musculus,42.09,60.72,Diseased,Stress_Condition
SMP_06473,Rattus norvegicus,50.05,72.76,Diseased,Drug_B
SMP_06474,Mus musculus,47.08,110.43,Healthy,Stress_Condition
SMP_06475,Danio rerio,69.09,115.6,Diseased,Control
SMP_06476,Danio rerio,53.26,118.1,Healthy,Drug_A
SMP_06477,Danio rerio,62.82,55.34,Diseased,Drug_A
SMP_06478,Rattus norvegicus,50.14,99.99,Diseased,Drug_A
SMP_06479,Homo sapiens,65.84,69.22,Healthy,Stress_Condition
SMP_06480,Homo sapiens,55.96,112.04,Healthy,Stress_Condition
SMP_06481,Rattus norvegicus,50.2,114.37,Healthy,Control
SMP_06482,Homo sapiens,49.8,64.83,Healthy,Stress_Condition
SMP_06483,Mus musculus,35.68,129.04,Healthy,Drug_A
SMP_06484,Homo sapiens,57.6,170.16,Diseased,Control
SMP_06485,Rattus norvegicus,49.4,125.05,Healthy,Control
SMP_06486,Rattus norvegicus,42.47,95.11,Healthy,Drug_A
SMP_06487,Mus musculus,66.6,90.5,Diseased,Drug_B
SMP_06488,Danio rerio,31.25,93.73,Diseased,Stress_Condition
SMP_06489,Rattus norvegicus,43.66,77.18,Healthy,Stress_Condition
SMP_06490,Mus musculus,65.42,107.57,Diseased,Drug_A
SMP_06491,Homo sapiens,54.73,65.85,Diseased,Drug_B
SMP_06492,Homo sapiens,49.28,43.31,Healthy,Stress_Condition
SMP_06493,Mus musculus,53.77,106.59,Healthy,Drug_B
SMP_06494,Mus musculus,52.69,100.64,Diseased,Drug_A
SMP_06495,Rattus norvegicus,27.25,82.86,Diseased,Drug_A
SMP_06496,Homo sapiens,44.76,61.52,Healthy,Drug_B
SMP_06497,Mus musculus,74.25,108.69,Healthy,Drug_A
SMP_06498,Homo sapiens,40.11,70.29,Diseased,Drug_A
SMP_06499,Mus musculus,45.23,95.83,Diseased,Control
SMP_06500,Homo sapiens,41.88,152.95,Diseased,Drug_B
SMP_06501,Danio rerio,48.69,119.54,Diseased,Stress_Condition
SMP_06502,Rattus norvegicus,41.25,58.93,Diseased,Stress_Condition
SMP_06503,Homo sapiens,57.3,61.75,Diseased,Control
SMP_06504,Danio rerio,52.96,104.55,Diseased,Drug_A
SMP_06505,Homo sapiens,61.6,58.74,Diseased,Drug_A
SMP_06506,Homo sapiens,34.24,39.95,Healthy,Control
SMP_06507,Danio rerio,44.89,115.97,Diseased,Control
SMP_06508,Homo sapiens,46.61,109.63,Healthy,Drug_A
SMP_06509,Homo sapiens,56.83,113.52,Healthy,Drug_B
SMP_06510,Rattus norvegicus,38.1,107.89,Healthy,Control
SMP_06511,Danio rerio,63.73,98.04,Healthy,Drug_B
SMP_06512,Danio rerio,67.8,80.13,Healthy,Stress_Condition
SMP_06513,Mus musculus,35.17,115.48,Diseased,Drug_A
SMP_06514,Homo sapiens,42.64,145.9,Diseased,Drug_B
SMP_06515,Rattus norvegicus,42.02,84.96,Diseased,Drug_B
SMP_06516,Homo sapiens,89.49,69.38,Diseased,Drug_A
SMP_06517,Homo sapiens,43.55,65.95,Healthy,Drug_A
SMP_06518,Mus musculus,75.16,74.0,Healthy,Stress_Condition
SMP_06519,Homo sapiens,31.0,106.08,Healthy,Drug_A
SMP_06520,Rattus norvegicus,35.16,35.81,Healthy,Drug_B
SMP_06521,Rattus norvegicus,39.7,113.18,Diseased,Control
SMP_06522,Mus musculus,37.31,119.32,Healthy,Drug_A
SMP_06523,Homo sapiens,45.98,46.06,Healthy,Drug_A
SMP_06524,Rattus norvegicus,39.37,70.62,Healthy,Control
SMP_06525,Homo sapiens,37.71,102.39,Healthy,Drug_A
SMP_06526,Homo sapiens,67.38,95.7,Healthy,Drug_A
SMP_06527,Homo sapiens,68.36,115.59,Diseased,Control
SMP_06528,Mus musculus,64.24,95.77,Healthy,Drug_B
SMP_06529,Homo sapiens,57.86,137.94,Healthy,Stress_Condition
SMP_06530,Rattus norvegicus,51.39,90.36,Healthy,Stress_Condition
SMP_06531,Homo sapiens,42.54,70.51,Diseased,Stress_Condition
SMP_06532,Rattus norvegicus,35.7,68.1,Healthy,Drug_B
SMP_06533,Homo sapiens,55.44,122.06,Healthy,Stress_Condition
SMP_06534,Rattus norvegicus,32.4,100.89,Healthy,Drug_B
SMP_06535,Rattus norvegicus,35.09,119.01,Diseased,Drug_A
SMP_06536,Homo sapiens,67.29,118.39,Diseased,Stress_Condition
SMP_06537,Homo sapiens,78.51,39.4,Healthy,Control
SMP_06538,Rattus norvegicus,55.9,65.8,Diseased,Drug_B
SMP_06539,Danio rerio,66.6,69.38,Healthy,Stress_Condition
SMP_06540,Mus musculus,46.31,75.52,Healthy,Control
SMP_06541,Danio rerio,29.93,87.39,Healthy,Stress_Condition
SMP_06542,Danio rerio,59.18,129.97,Healthy,Drug_B
SMP_06543,Homo sapiens,58.54,135.95,Diseased,Drug_B
SMP_06544,Mus musculus,51.08,91.21,Diseased,Drug_A
SMP_06545,Danio rerio,46.36,92.46,Healthy,Drug_B
SMP_06546,Homo sapiens,64.43,78.84,Healthy,Stress_Condition
SMP_06547,Danio rerio,35.21,102.68,Healthy,Drug_B
SMP_06548,Danio rerio,38.39,106.08,Healthy,Control
SMP_06549,Homo sapiens,34.88,124.19,Diseased,Drug_A
SMP_06550,Homo sapiens,51.27,123.95,Diseased,Drug_A
SMP_06551,Homo sapiens,33.68,30.94,Diseased,Drug_B
SMP_06552,Mus musculus,39.74,95.42,Healthy,Stress_Condition
SMP_06553,Danio rerio,39.41,141.52,Diseased,Drug_A
SMP_06554,Homo sapiens,46.09,86.86,Healthy,Stress_Condition
SMP_06555,Rattus norvegicus,27.69,134.18,Diseased,Stress_Condition
SMP_06556,Danio rerio,51.31,90.81,Healthy,Control
SMP_06557,Rattus norvegicus,68.71,105.25,Healthy,Drug_A
SMP_06558,Mus musculus,52.03,65.89,Healthy,Drug_B
SMP_06559,Homo sapiens,73.12,67.02,Healthy,Stress_Condition
SMP_06560,Rattus norvegicus,70.01,121.76,Diseased,Drug_A
SMP_06561,Mus musculus,61.67,126.45,Diseased,Drug_A
SMP_06562,Homo sapiens,51.12,100.79,Diseased,Stress_Condition
SMP_06563,Rattus norvegicus,50.34,63.17,Healthy,Drug_B
SMP_06564,Rattus norvegicus,61.46,101.31,Healthy,Drug_A
SMP_06565,Mus musculus,44.12,137.72,Diseased,Drug_A
SMP_06566,Homo sapiens,21.76,152.29,Diseased,Drug_B
SMP_06567,Homo sapiens,57.38,90.5,Healthy,Stress_Condition
SMP_06568,Rattus norvegicus,33.03,50.2,Diseased,Stress_Condition
SMP_06569,Rattus norvegicus,35.57,125.21,Diseased,Stress_Condition
SMP_06570,Rattus norvegicus,50.0,91.72,Diseased,Stress_Condition
SMP_06571,Homo sapiens,48.57,128.29,Healthy,Drug_B
SMP_06572,Mus musculus,28.82,108.43,Diseased,Control
SMP_06573,Mus musculus,52.48,73.5,Healthy,Drug_B
SMP_06574,Homo sapiens,64.49,101.75,Diseased,Drug_B
SMP_06575,Danio rerio,33.07,139.25,Healthy,Stress_Condition
SMP_06576,Mus musculus,69.09,95.53,Diseased,Drug_A
SMP_06577,Rattus norvegicus,26.6,68.96,Diseased,Drug_B
SMP_06578,Danio rerio,81.76,52.34,Healthy,Stress_Condition
SMP_06579,Danio rerio,43.83,76.84,Diseased,Drug_A
SMP_06580,Mus musculus,52.18,87.7,Healthy,Drug_B
SMP_06581,Danio rerio,21.62,124.6,Healthy,Control
SMP_06582,Danio rerio,49.07,66.37,Healthy,Control
SMP_06583,Mus musculus,53.43,146.61,Healthy,Stress_Condition
SMP_06584,Mus musculus,48.71,59.89,Diseased,Drug_A
SMP_06585,Danio rerio,41.55,169.94,Healthy,Drug_A
SMP_06586,Rattus norvegicus,35.8,151.77,Diseased,Stress_Condition
SMP_06587,Homo sapiens,66.96,104.23,Healthy,Stress_Condition
SMP_06588,Danio rerio,50.46,50.57,Diseased,Drug_A
SMP_06589,Danio rerio,73.11,98.34,Healthy,Control
SMP_06590,Rattus norvegicus,42.1,88.39,Healthy,Control
SMP_06591,Danio rerio,43.48,61.77,Diseased,Drug_B
SMP_06592,Danio rerio,62.23,108.73,Healthy,Drug_B
SMP_06593,Homo sapiens,25.66,75.29,Diseased,Drug_A
SMP_06594,Homo sapiens,31.8,78.55,Healthy,Control
SMP_06595,Homo sapiens,66.46,93.89,Healthy,Drug_B
SMP_06596,Mus musculus,32.42,82.75,Diseased,Control
SMP_06597,Mus musculus,22.71,162.34,Diseased,Control
SMP_06598,Homo sapiens,78.03,83.93,Healthy,Drug_A
SMP_06599,Homo sapiens,29.09,113.23,Diseased,Control
SMP_06600,Mus musculus,52.76,104.37,Healthy,Drug_A
SMP_06601,Rattus norvegicus,51.04,110.58,Healthy,Drug_B
SMP_06602,Danio rerio,7.84,112.87,Healthy,Stress_Condition
SMP_06603,Danio rerio,45.99,126.44,Diseased,Control
SMP_06604,Homo sapiens,56.73,107.99,Healthy,Stress_Condition
SMP_06605,Rattus norvegicus,55.31,106.75,Healthy,Stress_Condition
SMP_06606,Mus musculus,63.55,101.75,Diseased,Drug_A
SMP_06607,Homo sapiens,44.19,95.85,Healthy,Control
SMP_06608,Rattus norvegicus,60.69,72.65,Healthy,Control
SMP_06609,Rattus norvegicus,39.66,98.17,Healthy,Drug_B
SMP_06610,Rattus norvegicus,28.84,107.24,Healthy,Stress_Condition
SMP_06611,Mus musculus,30.53,112.06,Healthy,Stress_Condition
SMP_06612,Mus musculus,28.07,105.41,Healthy,Drug_A
SMP_06613,Danio rerio,65.14,93.01,Healthy,Control
SMP_06614,Danio rerio,27.28,98.29,Healthy,Control
SMP_06615,Rattus norvegicus,54.11,83.39,Diseased,Stress_Condition
SMP_06616,Rattus norvegicus,46.01,109.4,Diseased,Drug_B
SMP_06617,Mus musculus,48.46,93.37,Diseased,Stress_Condition
SMP_06618,Danio rerio,70.45,105.42,Healthy,Control
SMP_06619,Rattus norvegicus,43.42,130.02,Healthy,Drug_A
SMP_06620,Danio rerio,59.17,78.72,Diseased,Drug_A
SMP_06621,Danio rerio,50.56,117.9,Diseased,Drug_A
SMP_06622,Rattus norvegicus,47.72,101.0,Healthy,Control
SMP_06623,Mus musculus,84.5,160.64,Healthy,Control
SMP_06624,Rattus norvegicus,28.38,93.51,Diseased,Drug_A
SMP_06625,Rattus norvegicus,69.34,120.85,Healthy,Control
SMP_06626,Danio rerio,59.85,100.46,Healthy,Drug_B
SMP_06627,Rattus norvegicus,42.81,58.35,Healthy,Drug_A
SMP_06628,Mus musculus,74.44,84.38,Diseased,Drug_B
SMP_06629,Rattus norvegicus,22.28,126.41,Diseased,Drug_B
SMP_06630,Mus musculus,42.17,87.02,Diseased,Control
SMP_06631,Mus musculus,31.87,33.39,Diseased,Control
SMP_06632,Danio rerio,56.18,99.06,Healthy,Drug_A
SMP_06633,Homo sapiens,33.3,67.23,Diseased,Control
SMP_06634,Homo sapiens,56.5,103.95,Healthy,Drug_B
SMP_06635,Danio rerio,47.2,146.53,Healthy,Control
SMP_06636,Rattus norvegicus,42.81,123.08,Diseased,Drug_A
SMP_06637,Danio rerio,55.83,146.1,Healthy,Stress_Condition
SMP_06638,Mus musculus,45.97,83.15,Healthy,Stress_Condition
SMP_06639,Homo sapiens,33.67,95.71,Diseased,Control
SMP_06640,Danio rerio,92.02,68.67,Diseased,Stress_Condition
SMP_06641,Rattus norvegicus,42.69,79.48,Healthy,Drug_B
SMP_06642,Danio rerio,16.74,72.19,Healthy,Stress_Condition
SMP_06643,Homo sapiens,37.37,60.8,Healthy,Stress_Condition
SMP_06644,Danio rerio,30.99,140.98,Diseased,Drug_B
SMP_06645,Danio rerio,62.39,37.24,Healthy,Drug_A
SMP_06646,Homo sapiens,54.82,141.1,Diseased,Stress_Condition
SMP_06647,Mus musculus,55.98,137.38,Healthy,Stress_Condition
SMP_06648,Mus musculus,44.45,114.99,Healthy,Stress_Condition
SMP_06649,Homo sapiens,45.81,66.56,Healthy,Drug_A
SMP_06650,Danio rerio,44.44,52.53,Healthy,Control
SMP_06651,Homo sapiens,48.78,83.55,Diseased,Control
SMP_06652,Mus musculus,62.53,118.75,Diseased,Drug_A
SMP_06653,Rattus norvegicus,55.04,100.09,Healthy,Drug_B
SMP_06654,Danio rerio,57.5,68.7,Healthy,Control
SMP_06655,Mus musculus,57.49,134.45,Diseased,Drug_A
SMP_06656,Danio rerio,63.27,150.53,Healthy,Drug_A
SMP_06657,Homo sapiens,54.32,93.2,Diseased,Drug_B
SMP_06658,Rattus norvegicus,55.38,103.28,Healthy,Drug_A
SMP_06659,Homo sapiens,67.83,54.73,Healthy,Control
SMP_06660,Rattus norvegicus,40.02,87.57,Healthy,Control
SMP_06661,Danio rerio,37.16,115.31,Healthy,Drug_A
SMP_06662,Danio rerio,32.21,110.65,Healthy,Drug_A
SMP_06663,Homo sapiens,52.74,84.77,Diseased,Drug_B
SMP_06664,Rattus norvegicus,22.19,91.77,Healthy,Drug_B
SMP_06665,Rattus norvegicus,56.93,86.58,Healthy,Stress_Condition
SMP_06666,Danio rerio,48.36,91.65,Healthy,Drug_A
SMP_06667,Homo sapiens,67.02,112.7,Diseased,Stress_Condition
SMP_06668,Rattus norvegicus,39.92,40.97,Diseased,Stress_Condition
SMP_06669,Danio rerio,46.95,97.77,Diseased,Stress_Condition
SMP_06670,Mus musculus,66.83,110.5,Healthy,Stress_Condition
SMP_06671,Homo sapiens,70.75,82.89,Diseased,Control
SMP_06672,Mus musculus,39.8,85.62,Diseased,Drug_B
SMP_06673,Homo sapiens,52.73,86.49,Healthy,Drug_A
SMP_06674,Danio rerio,54.42,85.63,Healthy,Drug_B
SMP_06675,Rattus norvegicus,55.6,100.18,Diseased,Drug_B
SMP_06676,Rattus norvegicus,46.06,103.87,Healthy,Drug_B
SMP_06677,Rattus norvegicus,69.22,36.98,Healthy,Drug_B
SMP_06678,Homo sapiens,21.65,119.59,Healthy,Drug_B
SMP_06679,Danio rerio,43.68,91.3,Healthy,Drug_B
SMP_06680,Mus musculus,56.72,157.99,Healthy,Control
SMP_06681,Danio rerio,56.86,64.25,Diseased,Drug_B
SMP_06682,Mus musculus,70.29,73.98,Diseased,Drug_A
SMP_06683,Homo sapiens,67.97,93.91,Healthy,Drug_A
SMP_06684,Homo sapiens,45.72,112.4,Healthy,Stress_Condition
SMP_06685,Mus musculus,69.5,41.48,Diseased,Stress_Condition
SMP_06686,Mus musculus,39.29,75.13,Diseased,Drug_B
SMP_06687,Mus musculus,63.96,117.74,Healthy,Stress_Condition
SMP_06688,Danio rerio,77.16,71.56,Diseased,Stress_Condition
SMP_06689,Mus musculus,68.22,141.1,Diseased,Drug_B
SMP_06690,Homo sapiens,51.59,86.38,Healthy,Stress_Condition
SMP_06691,Homo sapiens,45.02,73.02,Healthy,Drug_A
SMP_06692,Rattus norvegicus,27.07,118.31,Healthy,Drug_B
SMP_06693,Mus musculus,54.66,148.23,Diseased,Drug_A
SMP_06694,Danio rerio,33.27,112.49,Healthy,Drug_A
SMP_06695,Danio rerio,38.1,137.81,Healthy,Control
SMP_06696,Danio rerio,32.14,150.3,Healthy,Control
SMP_06697,Rattus norvegicus,43.09,72.34,Diseased,Stress_Condition
SMP_06698,Homo sapiens,49.58,128.15,Healthy,Drug_A
SMP_06699,Danio rerio,54.1,54.3,Diseased,Stress_Condition
SMP_06700,Homo sapiens,40.99,112.75,Diseased,Drug_B
SMP_06701,Rattus norvegicus,66.04,97.86,Diseased,Drug_A
SMP_06702,Mus musculus,46.88,137.29,Diseased,Stress_Condition
SMP_06703,Mus musculus,38.18,135.17,Healthy,Drug_A
SMP_06704,Mus musculus,53.39,117.09,Diseased,Stress_Condition
SMP_06705,Danio rerio,79.45,108.95,Diseased,Drug_B
SMP_06706,Mus musculus,55.03,115.25,Diseased,Control
SMP_06707,Danio rerio,44.56,101.85,Diseased,Drug_A
SMP_06708,Rattus norvegicus,27.09,98.16,Diseased,Stress_Condition
SMP_06709,Rattus norvegicus,46.71,143.28,Healthy,Control
SMP_06710,Danio rerio,53.52,146.89,Healthy,Drug_B
SMP_06711,Homo sapiens,44.19,95.75,Healthy,Control
SMP_06712,Mus musculus,25.02,107.13,Healthy,Drug_B
SMP_06713,Mus musculus,37.24,102.45,Diseased,Stress_Condition
SMP_06714,Mus musculus,71.82,51.65,Healthy,Drug_B
SMP_06715,Danio rerio,71.51,89.91,Healthy,Control
SMP_06716,Rattus norvegicus,36.7,147.99,Diseased,Stress_Condition
SMP_06717,Mus musculus,60.09,77.51,Diseased,Stress_Condition
SMP_06718,Rattus norvegicus,32.32,163.44,Diseased,Drug_A
SMP_06719,Mus musculus,71.06,135.16,Diseased,Stress_Condition
SMP_06720,Mus musculus,53.68,112.04,Healthy,Stress_Condition
SMP_06721,Danio rerio,64.24,116.83,Diseased,Stress_Condition
SMP_06722,Homo sapiens,24.27,72.48,Healthy,Drug_A
SMP_06723,Danio rerio,60.16,92.04,Diseased,Drug_B
SMP_06724,Mus musculus,49.88,143.24,Healthy,Control
SMP_06725,Mus musculus,62.78,81.56,Diseased,Stress_Condition
SMP_06726,Homo sapiens,63.72,131.83,Diseased,Control
SMP_06727,Rattus norvegicus,50.99,58.69,Healthy,Control
SMP_06728,Rattus norvegicus,40.99,64.06,Diseased,Stress_Condition
SMP_06729,Mus musculus,61.7,157.04,Diseased,Control
SMP_06730,Rattus norvegicus,49.1,99.64,Diseased,Drug_B
SMP_06731,Mus musculus,36.91,83.85,Healthy,Control
SMP_06732,Homo sapiens,36.2,140.88,Healthy,Control
SMP_06733,Homo sapiens,27.84,137.37,Healthy,Drug_A
SMP_06734,Mus musculus,42.35,127.62,Healthy,Drug_B
SMP_06735,Homo sapiens,66.54,82.9,Healthy,Control
SMP_06736,Danio rerio,52.67,91.39,Diseased,Stress_Condition
SMP_06737,Danio rerio,42.05,109.35,Healthy,Control
SMP_06738,Homo sapiens,62.07,120.83,Diseased,Stress_Condition
SMP_06739,Mus musculus,37.51,84.75,Healthy,Drug_B
SMP_06740,Mus musculus,51.43,105.12,Healthy,Drug_B
SMP_06741,Homo sapiens,47.31,108.02,Healthy,Drug_A
SMP_06742,Rattus norvegicus,61.69,138.6,Diseased,Stress_Condition
SMP_06743,Danio rerio,26.34,122.63,Diseased,Stress_Condition
SMP_06744,Rattus norvegicus,37.25,54.8,Healthy,Drug_B
SMP_06745,Mus musculus,25.43,93.59,Healthy,Stress_Condition
SMP_06746,Mus musculus,46.11,72.14,Healthy,Stress_Condition
SMP_06747,Rattus norvegicus,68.17,117.04,Diseased,Control
SMP_06748,Homo sapiens,42.42,127.69,Diseased,Drug_A
SMP_06749,Rattus norvegicus,42.34,103.05,Diseased,Control
SMP_06750,Rattus norvegicus,63.08,91.96,Healthy,Drug_B
SMP_06751,Danio rerio,66.03,102.08,Healthy,Stress_Condition
SMP_06752,Danio rerio,48.67,106.27,Healthy,Stress_Condition
SMP_06753,Rattus norvegicus,60.27,80.8,Healthy,Drug_B
SMP_06754,Rattus norvegicus,33.85,63.44,Healthy,Stress_Condition
SMP_06755,Mus musculus,70.67,38.5,Healthy,Drug_B
SMP_06756,Danio rerio,82.23,138.02,Healthy,Drug_A
SMP_06757,Danio rerio,57.82,114.89,Healthy,Stress_Condition
SMP_06758,Mus musculus,18.74,110.88,Healthy,Control
SMP_06759,Homo sapiens,41.63,137.96,Healthy,Control
SMP_06760,Danio rerio,59.19,62.34,Diseased,Drug_A
SMP_06761,Danio rerio,43.68,47.93,Diseased,Drug_B
SMP_06762,Homo sapiens,69.08,111.53,Healthy,Stress_Condition
SMP_06763,Danio rerio,58.82,108.8,Diseased,Stress_Condition
SMP_06764,Danio rerio,39.4,48.06,Diseased,Control
SMP_06765,Homo sapiens,50.48,110.79,Healthy,Drug_B
SMP_06766,Homo sapiens,36.59,87.99,Healthy,Drug_B
SMP_06767,Rattus norvegicus,47.26,75.79,Diseased,Stress_Condition
SMP_06768,Mus musculus,41.68,90.0,Diseased,Stress_Condition
SMP_06769,Mus musculus,67.62,26.75,Healthy,Control
SMP_06770,Homo sapiens,81.74,82.26,Healthy,Drug_B
SMP_06771,Homo sapiens,28.53,78.87,Diseased,Stress_Condition
SMP_06772,Danio rerio,21.15,116.71,Healthy,Stress_Condition
SMP_06773,Rattus norvegicus,46.32,95.25,Diseased,Control
SMP_06774,Rattus norvegicus,27.22,119.17,Healthy,Control
SMP_06775,Homo sapiens,50.69,23.51,Diseased,Stress_Condition
SMP_06776,Danio rerio,61.23,74.83,Healthy,Drug_A
SMP_06777,Danio rerio,72.41,116.68,Healthy,Control
SMP_06778,Mus musculus,53.02,90.73,Diseased,Stress_Condition
SMP_06779,Mus musculus,47.1,125.36,Healthy,Drug_A
SMP_06780,Danio rerio,20.32,45.86,Healthy,Stress_Condition
SMP_06781,Mus musculus,50.39,121.93,Diseased,Drug_B
SMP_06782,Homo sapiens,51.07,80.83,Healthy,Drug_A
SMP_06783,Danio rerio,59.58,77.91,Healthy,Drug_B
SMP_06784,Mus musculus,39.37,129.73,Healthy,Stress_Condition
SMP_06785,Rattus norvegicus,43.47,134.86,Diseased,Drug_A
SMP_06786,Danio rerio,27.83,131.04,Diseased,Drug_B
SMP_06787,Danio rerio,15.63,161.16,Diseased,Control
SMP_06788,Rattus norvegicus,33.37,138.0,Healthy,Drug_A
SMP_06789,Homo sapiens,26.45,76.14,Healthy,Control
SMP_06790,Rattus norvegicus,55.05,104.25,Healthy,Control
SMP_06791,Danio rerio,42.23,89.19,Diseased,Drug_B
SMP_06792,Homo sapiens,41.93,160.87,Diseased,Stress_Condition
SMP_06793,Mus musculus,35.23,133.15,Diseased,Drug_B
SMP_06794,Mus musculus,1.51,94.33,Diseased,Stress_Condition
SMP_06795,Mus musculus,72.62,126.34,Healthy,Drug_B
SMP_06796,Danio rerio,35.0,63.03,Healthy,Drug_B
SMP_06797,Rattus norvegicus,43.81,107.51,Diseased,Drug_A
SMP_06798,Homo sapiens,28.18,71.86,Healthy,Stress_Condition
SMP_06799,Mus musculus,64.58,49.34,Healthy,Control
SMP_06800,Homo sapiens,52.15,123.54,Diseased,Stress_Condition
SMP_06801,Danio rerio,37.6,127.26,Healthy,Stress_Condition
SMP_06802,Mus musculus,44.12,113.72,Healthy,Drug_B
SMP_06803,Danio rerio,75.17,94.51,Healthy,Control
SMP_06804,Rattus norvegicus,48.91,62.01,Diseased,Drug_A
SMP_06805,Danio rerio,47.27,65.16,Healthy,Drug_B
SMP_06806,Danio rerio,35.88,70.92,Diseased,Drug_A
SMP_06807,Rattus norvegicus,21.58,92.99,Healthy,Drug_A
SMP_06808,Homo sapiens,47.6,132.29,Diseased,Stress_Condition
SMP_06809,Rattus norvegicus,54.88,131.81,Healthy,Control
SMP_06810,Rattus norvegicus,66.49,50.54,Diseased,Stress_Condition
SMP_06811,Danio rerio,16.27,79.2,Healthy,Control
SMP_06812,Homo sapiens,33.12,78.4,Diseased,Drug_A
SMP_06813,Mus musculus,41.29,24.05,Diseased,Stress_Condition
SMP_06814,Rattus norvegicus,49.95,116.98,Healthy,Drug_A
SMP_06815,Homo sapiens,47.82,92.62,Healthy,Drug_B
SMP_06816,Rattus norvegicus,48.17,96.61,Healthy,Control
SMP_06817,Rattus norvegicus,56.12,140.38,Diseased,Drug_A
SMP_06818,Rattus norvegicus,36.45,102.65,Healthy,Drug_A
SMP_06819,Rattus norvegicus,64.01,87.08,Healthy,Control
SMP_06820,Danio rerio,56.5,117.16,Diseased,Drug_A
SMP_06821,Homo sapiens,45.2,131.77,Diseased,Drug_B
SMP_06822,Homo sapiens,74.01,108.89,Healthy,Drug_A
SMP_06823,Homo sapiens,73.35,120.68,Healthy,Drug_A
SMP_06824,Rattus norvegicus,63.99,95.63,Healthy,Control
SMP_06825,Danio rerio,4.72,97.54,Healthy,Control
SMP_06826,Rattus norvegicus,73.68,103.39,Healthy,Drug_B
SMP_06827,Rattus norvegicus,61.92,77.41,Diseased,Drug_A
SMP_06828,Homo sapiens,80.1,82.96,Healthy,Stress_Condition
SMP_06829,Rattus norvegicus,68.56,141.34,Healthy,Drug_B
SMP_06830,Mus musculus,73.68,160.24,Healthy,Stress_Condition
SMP_06831,Rattus norvegicus,63.18,147.77,Diseased,Drug_A
SMP_06832,Mus musculus,70.23,60.3,Healthy,Drug_A
SMP_06833,Rattus norvegicus,79.91,57.4,Diseased,Control
SMP_06834,Danio rerio,53.25,64.28,Healthy,Drug_B
SMP_06835,Danio rerio,26.42,104.03,Healthy,Stress_Condition
SMP_06836,Homo sapiens,45.39,15.74,Diseased,Drug_A
SMP_06837,Rattus norvegicus,55.85,82.34,Healthy,Drug_A
SMP_06838,Mus musculus,51.12,142.21,Diseased,Control
SMP_06839,Mus musculus,31.3,129.47,Diseased,Control
SMP_06840,Rattus norvegicus,25.53,84.73,Healthy,Control
SMP_06841,Mus musculus,38.88,87.0,Diseased,Drug_B
SMP_06842,Danio rerio,62.12,117.02,Diseased,Drug_B
SMP_06843,Mus musculus,73.71,128.06,Diseased,Drug_A
SMP_06844,Homo sapiens,63.75,84.01,Healthy,Stress_Condition
SMP_06845,Danio rerio,65.86,92.97,Healthy,Drug_B
SMP_06846,Danio rerio,48.79,83.02,Healthy,Control
SMP_06847,Danio rerio,23.87,60.06,Diseased,Control
SMP_06848,Rattus norvegicus,43.17,93.41,Healthy,Drug_B
SMP_06849,Rattus norvegicus,46.12,91.12,Healthy,Drug_A
SMP_06850,Danio rerio,42.54,62.18,Healthy,Drug_A
SMP_06851,Rattus norvegicus,50.82,119.38,Diseased,Drug_A
SMP_06852,Mus musculus,56.62,114.5,Healthy,Drug_A
SMP_06853,Rattus norvegicus,62.8,120.87,Healthy,Control
SMP_06854,Rattus norvegicus,45.83,76.96,Diseased,Drug_B
SMP_06855,Danio rerio,21.44,40.49,Healthy,Control
SMP_06856,Homo sapiens,42.76,114.02,Healthy,Stress_Condition
SMP_06857,Homo sapiens,50.66,80.08,Healthy,Drug_A
SMP_06858,Homo sapiens,68.34,73.28,Healthy,Drug_A
SMP_06859,Mus musculus,41.48,62.29,Healthy,Stress_Condition
SMP_06860,Rattus norvegicus,57.69,91.74,Healthy,Stress_Condition
SMP_06861,Homo sapiens,54.35,147.32,Healthy,Control
SMP_06862,Danio rerio,50.66,84.84,Diseased,Stress_Condition
SMP_06863,Homo sapiens,63.96,67.31,Healthy,Drug_A
SMP_06864,Homo sapiens,40.09,119.56,Healthy,Stress_Condition
SMP_06865,Rattus norvegicus,41.37,105.18,Healthy,Control
SMP_06866,Rattus norvegicus,49.82,36.42,Healthy,Stress_Condition
SMP_06867,Rattus norvegicus,40.4,119.87,Diseased,Stress_Condition
SMP_06868,Mus musculus,57.62,163.85,Healthy,Control
SMP_06869,Mus musculus,39.3,21.98,Healthy,Control
SMP_06870,Homo sapiens,53.39,62.93,Diseased,Control
SMP_06871,Rattus norvegicus,48.5,14.54,Diseased,Drug_A
SMP_06872,Homo sapiens,53.22,97.74,Diseased,Drug_A
SMP_06873,Danio rerio,43.1,129.71,Diseased,Stress_Condition
SMP_06874,Danio rerio,44.91,103.17,Healthy,Drug_A
SMP_06875,Rattus norvegicus,51.44,141.76,Diseased,Drug_B
SMP_06876,Rattus norvegicus,53.03,124.92,Diseased,Control
SMP_06877,Danio rerio,49.94,151.06,Healthy,Drug_B
SMP_06878,Rattus norvegicus,75.58,134.81,Diseased,Control
SMP_06879,Mus musculus,35.14,87.91,Healthy,Stress_Condition
SMP_06880,Mus musculus,49.04,102.0,Diseased,Control
SMP_06881,Rattus norvegicus,26.4,73.94,Healthy,Drug_A
SMP_06882,Danio rerio,55.58,93.08,Healthy,Stress_Condition
SMP_06883,Homo sapiens,33.27,101.85,Healthy,Control
SMP_06884,Rattus norvegicus,45.83,97.45,Healthy,Stress_Condition
SMP_06885,Rattus norvegicus,44.42,140.27,Healthy,Stress_Condition
SMP_06886,Homo sapiens,54.21,90.09,Healthy,Stress_Condition
SMP_06887,Rattus norvegicus,41.71,72.04,Diseased,Drug_B
SMP_06888,Homo sapiens,41.07,73.91,Diseased,Drug_A
SMP_06889,Danio rerio,71.54,119.65,Healthy,Stress_Condition
SMP_06890,Mus musculus,54.27,57.91,Diseased,Drug_A
SMP_06891,Danio rerio,41.58,93.96,Healthy,Control
SMP_06892,Mus musculus,46.24,139.83,Diseased,Stress_Condition
SMP_06893,Homo sapiens,74.68,108.78,Healthy,Drug_A
SMP_06894,Mus musculus,46.47,97.76,Diseased,Stress_Condition
SMP_06895,Danio rerio,39.66,98.92,Diseased,Drug_B
SMP_06896,Mus musculus,39.73,69.11,Healthy,Control
SMP_06897,Homo sapiens,41.76,74.29,Healthy,Drug_B
SMP_06898,Mus musculus,41.08,94.14,Diseased,Stress_Condition
SMP_06899,Rattus norvegicus,30.81,108.14,Diseased,Drug_A
SMP_06900,Danio rerio,33.14,128.44,Healthy,Stress_Condition
SMP_06901,Rattus norvegicus,37.56,102.78,Healthy,Stress_Condition
SMP_06902,Homo sapiens,58.87,140.58,Diseased,Stress_Condition
SMP_06903,Mus musculus,44.28,148.16,Diseased,Drug_B
SMP_06904,Rattus norvegicus,46.89,123.86,Healthy,Drug_B
SMP_06905,Rattus norvegicus,69.05,136.75,Diseased,Drug_A
SMP_06906,Mus musculus,69.43,70.28,Healthy,Control
SMP_06907,Mus musculus,45.77,65.52,Diseased,Control
SMP_06908,Danio rerio,40.54,115.54,Diseased,Drug_A
SMP_06909,Rattus norvegicus,37.03,59.76,Healthy,Stress_Condition
SMP_06910,Rattus norvegicus,60.39,91.29,Healthy,Control
SMP_06911,Homo sapiens,46.93,123.14,Diseased,Drug_B
SMP_06912,Danio rerio,44.2,142.4,Healthy,Drug_A
SMP_06913,Homo sapiens,37.8,92.37,Diseased,Drug_A
SMP_06914,Rattus norvegicus,38.46,80.5,Diseased,Stress_Condition
SMP_06915,Homo sapiens,54.8,109.61,Healthy,Control
SMP_06916,Rattus norvegicus,30.27,67.79,Diseased,Control
SMP_06917,Rattus norvegicus,64.92,94.8,Healthy,Stress_Condition
SMP_06918,Homo sapiens,41.99,99.76,Diseased,Drug_A
SMP_06919,Homo sapiens,47.76,99.16,Diseased,Drug_A
SMP_06920,Mus musculus,29.95,102.66,Diseased,Drug_A
SMP_06921,Mus musculus,49.81,74.96,Healthy,Drug_A
SMP_06922,Mus musculus,45.08,78.19,Healthy,Drug_B
SMP_06923,Rattus norvegicus,49.25,77.59,Healthy,Drug_B
SMP_06924,Homo sapiens,72.08,51.4,Healthy,Drug_A
SMP_06925,Danio rerio,52.67,110.25,Healthy,Drug_A
SMP_06926,Rattus norvegicus,38.08,126.84,Diseased,Drug_A
SMP_06927,Danio rerio,39.33,123.89,Healthy,Drug_B
SMP_06928,Homo sapiens,58.93,92.13,Healthy,Stress_Condition
SMP_06929,Rattus norvegicus,69.48,75.67,Healthy,Control
SMP_06930,Danio rerio,54.23,122.33,Healthy,Drug_B
SMP_06931,Danio rerio,60.33,119.17,Diseased,Drug_A
SMP_06932,Mus musculus,59.15,106.52,Healthy,Drug_A
SMP_06933,Mus musculus,71.29,152.33,Healthy,Drug_A
SMP_06934,Mus musculus,20.76,99.21,Healthy,Drug_A
SMP_06935,Rattus norvegicus,60.01,92.29,Healthy,Stress_Condition
SMP_06936,Homo sapiens,64.76,88.01,Healthy,Drug_B
SMP_06937,Homo sapiens,29.92,53.17,Diseased,Control
SMP_06938,Mus musculus,36.71,119.84,Diseased,Drug_A
SMP_06939,Mus musculus,37.24,96.84,Healthy,Stress_Condition
SMP_06940,Mus musculus,39.07,115.3,Healthy,Stress_Condition
SMP_06941,Danio rerio,42.77,155.26,Diseased,Drug_A
SMP_06942,Mus musculus,53.64,88.28,Healthy,Drug_A
SMP_06943,Danio rerio,62.99,29.86,Healthy,Control
SMP_06944,Homo sapiens,66.22,114.43,Healthy,Drug_B
SMP_06945,Rattus norvegicus,37.43,105.01,Diseased,Control
SMP_06946,Rattus norvegicus,37.33,78.03,Diseased,Drug_B
SMP_06947,Rattus norvegicus,69.74,111.92,Healthy,Stress_Condition
SMP_06948,Rattus norvegicus,59.7,123.58,Healthy,Stress_Condition
SMP_06949,Danio rerio,51.24,71.6,Diseased,Drug_A
SMP_06950,Danio rerio,57.1,90.96,Diseased,Control
SMP_06951,Mus musculus,49.55,144.3,Diseased,Control
SMP_06952,Danio rerio,57.87,78.35,Diseased,Drug_A
SMP_06953,Mus musculus,44.96,102.0,Diseased,Control
SMP_06954,Mus musculus,54.03,21.27,Healthy,Stress_Condition
SMP_06955,Rattus norvegicus,27.34,55.54,Healthy,Stress_Condition
SMP_06956,Danio rerio,39.68,104.73,Healthy,Drug_A
SMP_06957,Danio rerio,39.84,136.84,Healthy,Drug_A
SMP_06958,Mus musculus,44.38,59.14,Diseased,Drug_B
SMP_06959,Mus musculus,36.1,102.24,Diseased,Stress_Condition
SMP_06960,Homo sapiens,42.0,88.73,Diseased,Stress_Condition
SMP_06961,Homo sapiens,27.28,128.59,Diseased,Stress_Condition
SMP_06962,Mus musculus,58.23,63.47,Healthy,Stress_Condition
SMP_06963,Homo sapiens,48.76,112.9,Diseased,Stress_Condition
SMP_06964,Homo sapiens,24.42,80.39,Healthy,Drug_B
SMP_06965,Mus musculus,37.48,106.69,Diseased,Drug_A
SMP_06966,Mus musculus,55.05,102.07,Healthy,Drug_A
SMP_06967,Danio rerio,41.85,92.45,Healthy,Control
SMP_06968,Mus musculus,39.55,114.33,Healthy,Stress_Condition
SMP_06969,Mus musculus,48.88,101.31,Healthy,Stress_Condition
SMP_06970,Rattus norvegicus,55.15,96.02,Healthy,Drug_A
SMP_06971,Danio rerio,28.45,89.31,Healthy,Stress_Condition
SMP_06972,Danio rerio,58.25,102.33,Healthy,Stress_Condition
SMP_06973,Danio rerio,38.0,106.66,Diseased,Stress_Condition
SMP_06974,Rattus norvegicus,49.73,70.33,Diseased,Drug_A
SMP_06975,Mus musculus,49.47,89.52,Diseased,Control
SMP_06976,Danio rerio,42.09,68.34,Diseased,Drug_A
SMP_06977,Danio rerio,34.65,98.8,Healthy,Stress_Condition
SMP_06978,Homo sapiens,45.71,82.23,Diseased,Drug_A
SMP_06979,Danio rerio,74.38,123.12,Healthy,Drug_B
SMP_06980,Mus musculus,29.57,120.18,Healthy,Stress_Condition
SMP_06981,Mus musculus,75.38,72.32,Diseased,Drug_A
SMP_06982,Homo sapiens,46.1,99.93,Healthy,Drug_A
SMP_06983,Danio rerio,50.53,119.16,Healthy,Control
SMP_06984,Danio rerio,33.7,94.74,Diseased,Stress_Condition
SMP_06985,Danio rerio,38.43,78.15,Diseased,Drug_B
SMP_06986,Rattus norvegicus,42.46,67.23,Diseased,Drug_B
SMP_06987,Danio rerio,34.31,125.63,Healthy,Stress_Condition
SMP_06988,Mus musculus,46.87,127.08,Diseased,Drug_A
SMP_06989,Mus musculus,43.89,93.76,Diseased,Drug_B
SMP_06990,Rattus norvegicus,77.76,122.98,Diseased,Stress_Condition
SMP_06991,Rattus norvegicus,32.51,11.04,Diseased,Drug_B
SMP_06992,Danio rerio,51.54,139.83,Healthy,Stress_Condition
SMP_06993,Homo sapiens,53.72,95.29,Healthy,Drug_B
SMP_06994,Rattus norvegicus,33.95,104.25,Diseased,Control
SMP_06995,Rattus norvegicus,60.3,90.38,Diseased,Stress_Condition
SMP_06996,Danio rerio,44.03,141.87,Healthy,Control
SMP_06997,Danio rerio,12.61,68.18,Diseased,Stress_Condition
SMP_06998,Rattus norvegicus,59.9,144.23,Healthy,Drug_B
SMP_06999,Homo sapiens,33.25,111.89,Healthy,Drug_B
SMP_07000,Rattus norvegicus,34.28,118.68,Healthy,Drug_A
SMP_07001,Danio rerio,60.32,90.12,Healthy,Drug_B
SMP_07002,Danio rerio,44.79,60.75,Healthy,Control
SMP_07003,Rattus norvegicus,63.77,127.92,Diseased,Drug_A
SMP_07004,Homo sapiens,68.15,109.34,Healthy,Control
SMP_07005,Rattus norvegicus,40.33,140.85,Healthy,Control
SMP_07006,Rattus norvegicus,61.9,94.19,Diseased,Control
SMP_07007,Danio rerio,38.67,87.42,Healthy,Control
SMP_07008,Homo sapiens,83.5,141.64,Diseased,Control
SMP_07009,Mus musculus,39.61,157.36,Diseased,Stress_Condition
SMP_07010,Homo sapiens,65.39,100.28,Healthy,Stress_Condition
SMP_07011,Rattus norvegicus,62.66,77.42,Diseased,Drug_A
SMP_07012,Rattus norvegicus,54.74,124.32,Diseased,Control
SMP_07013,Rattus norvegicus,39.94,92.38,Diseased,Stress_Condition
SMP_07014,Homo sapiens,47.73,117.98,Healthy,Drug_B
SMP_07015,Danio rerio,17.7,92.22,Healthy,Drug_A
SMP_07016,Rattus norvegicus,53.37,146.92,Healthy,Stress_Condition
SMP_07017,Rattus norvegicus,55.24,79.02,Diseased,Drug_B
SMP_07018,Homo sapiens,52.0,114.42,Diseased,Drug_A
SMP_07019,Mus musculus,5.4,85.34,Diseased,Drug_B
SMP_07020,Mus musculus,31.02,91.55,Healthy,Control
SMP_07021,Danio rerio,38.78,87.64,Healthy,Drug_B
SMP_07022,Danio rerio,54.37,122.16,Healthy,Control
SMP_07023,Rattus norvegicus,54.34,127.55,Healthy,Drug_A
SMP_07024,Homo sapiens,47.45,116.73,Diseased,Control
SMP_07025,Rattus norvegicus,59.53,96.76,Healthy,Drug_B
SMP_07026,Danio rerio,34.61,104.21,Healthy,Control
SMP_07027,Homo sapiens,59.15,126.93,Diseased,Control
SMP_07028,Homo sapiens,57.12,127.88,Healthy,Drug_A
SMP_07029,Danio rerio,55.66,19.29,Diseased,Control
SMP_07030,Mus musculus,47.27,91.83,Healthy,Stress_Condition
SMP_07031,Mus musculus,77.46,93.27,Diseased,Drug_A
SMP_07032,Homo sapiens,57.4,120.08,Healthy,Drug_B
SMP_07033,Rattus norvegicus,35.47,98.0,Healthy,Drug_A
SMP_07034,Mus musculus,53.72,121.58,Diseased,Drug_B
SMP_07035,Rattus norvegicus,61.29,67.64,Diseased,Drug_B
SMP_07036,Mus musculus,41.18,107.8,Healthy,Control
SMP_07037,Mus musculus,66.34,127.01,Diseased,Drug_A
SMP_07038,Rattus norvegicus,55.73,55.77,Diseased,Drug_B
SMP_07039,Danio rerio,14.86,175.41,Healthy,Stress_Condition
SMP_07040,Mus musculus,54.5,135.73,Diseased,Control
SMP_07041,Mus musculus,43.91,100.04,Healthy,Control
SMP_07042,Rattus norvegicus,58.06,75.15,Healthy,Drug_B
SMP_07043,Danio rerio,64.16,94.75,Healthy,Stress_Condition
SMP_07044,Mus musculus,52.93,102.51,Healthy,Control
SMP_07045,Mus musculus,74.98,113.22,Healthy,Drug_A
SMP_07046,Danio rerio,47.32,145.02,Healthy,Drug_B
SMP_07047,Mus musculus,59.37,85.72,Healthy,Stress_Condition
SMP_07048,Danio rerio,62.07,116.88,Diseased,Drug_B
SMP_07049,Danio rerio,48.54,61.23,Diseased,Control
SMP_07050,Rattus norvegicus,61.68,87.59,Healthy,Stress_Condition
SMP_07051,Homo sapiens,41.08,111.3,Healthy,Drug_B
SMP_07052,Danio rerio,43.66,120.74,Diseased,Drug_B
SMP_07053,Rattus norvegicus,30.31,77.4,Healthy,Drug_B
SMP_07054,Homo sapiens,53.62,86.78,Healthy,Drug_A
SMP_07055,Mus musculus,54.88,143.82,Healthy,Drug_A
SMP_07056,Homo sapiens,67.69,134.86,Diseased,Drug_A
SMP_07057,Danio rerio,61.87,106.25,Healthy,Drug_A
SMP_07058,Danio rerio,45.73,32.9,Healthy,Control
SMP_07059,Danio rerio,32.33,175.33,Diseased,Drug_B
SMP_07060,Danio rerio,56.49,99.4,Healthy,Drug_A
SMP_07061,Danio rerio,66.66,90.62,Healthy,Control
SMP_07062,Rattus norvegicus,61.33,84.33,Diseased,Drug_A
SMP_07063,Danio rerio,66.27,111.29,Healthy,Control
SMP_07064,Rattus norvegicus,46.82,111.6,Diseased,Stress_Condition
SMP_07065,Mus musculus,43.0,128.52,Healthy,Drug_A
SMP_07066,Danio rerio,38.95,72.22,Healthy,Drug_A
SMP_07067,Danio rerio,49.16,90.63,Healthy,Drug_B
SMP_07068,Homo sapiens,48.82,160.92,Diseased,Drug_A
SMP_07069,Mus musculus,53.1,106.74,Healthy,Drug_A
SMP_07070,Danio rerio,48.06,94.82,Healthy,Control
SMP_07071,Danio rerio,48.0,71.75,Diseased,Drug_B
SMP_07072,Mus musculus,38.35,115.18,Diseased,Drug_B
SMP_07073,Rattus norvegicus,64.12,130.93,Healthy,Stress_Condition
SMP_07074,Danio rerio,51.15,126.24,Healthy,Control
SMP_07075,Homo sapiens,47.38,92.24,Healthy,Drug_A
SMP_07076,Danio rerio,38.79,110.84,Healthy,Control
SMP_07077,Homo sapiens,30.02,150.15,Diseased,Drug_A
SMP_07078,Homo sapiens,69.62,132.13,Diseased,Stress_Condition
SMP_07079,Danio rerio,58.32,76.48,Healthy,Drug_A
SMP_07080,Danio rerio,25.64,23.62,Healthy,Drug_B
SMP_07081,Homo sapiens,61.45,108.9,Diseased,Stress_Condition
SMP_07082,Mus musculus,63.84,123.96,Diseased,Drug_A
SMP_07083,Mus musculus,51.87,67.32,Healthy,Stress_Condition
SMP_07084,Danio rerio,73.97,99.74,Healthy,Drug_B
SMP_07085,Rattus norvegicus,53.25,92.09,Healthy,Drug_B
SMP_07086,Mus musculus,28.75,103.13,Diseased,Control
SMP_07087,Danio rerio,55.48,83.66,Healthy,Drug_A
SMP_07088,Mus musculus,53.67,138.72,Diseased,Stress_Condition
SMP_07089,Rattus norvegicus,40.95,104.44,Healthy,Control
SMP_07090,Danio rerio,58.6,73.63,Diseased,Stress_Condition
SMP_07091,Rattus norvegicus,24.99,127.52,Healthy,Control
SMP_07092,Danio rerio,64.86,62.07,Healthy,Control
SMP_07093,Rattus norvegicus,36.83,138.53,Healthy,Control
SMP_07094,Mus musculus,35.23,129.73,Healthy,Drug_B
SMP_07095,Mus musculus,48.29,141.69,Healthy,Drug_B
SMP_07096,Rattus norvegicus,56.49,95.25,Diseased,Drug_B
SMP_07097,Rattus norvegicus,52.46,85.12,Healthy,Drug_B
SMP_07098,Rattus norvegicus,38.86,102.52,Healthy,Stress_Condition
SMP_07099,Danio rerio,42.41,97.47,Healthy,Drug_A
SMP_07100,Mus musculus,33.0,80.42,Healthy,Drug_B
SMP_07101,Danio rerio,46.63,83.39,Healthy,Drug_A
SMP_07102,Mus musculus,66.13,89.01,Healthy,Control
SMP_07103,Homo sapiens,49.94,64.9,Healthy,Drug_A
SMP_07104,Danio rerio,62.89,120.34,Healthy,Drug_B
SMP_07105,Mus musculus,71.83,98.43,Healthy,Stress_Condition
SMP_07106,Mus musculus,41.18,90.75,Healthy,Drug_B
SMP_07107,Danio rerio,47.2,66.69,Healthy,Stress_Condition
SMP_07108,Danio rerio,82.57,65.19,Diseased,Drug_B
SMP_07109,Mus musculus,71.67,158.08,Healthy,Control
SMP_07110,Danio rerio,24.91,81.18,Healthy,Stress_Condition
SMP_07111,Rattus norvegicus,55.81,118.32,Diseased,Control
SMP_07112,Danio rerio,50.01,104.88,Healthy,Drug_B
SMP_07113,Danio rerio,62.4,16.74,Healthy,Control
SMP_07114,Danio rerio,38.83,153.77,Healthy,Drug_A
SMP_07115,Mus musculus,37.41,120.52,Diseased,Drug_A
SMP_07116,Rattus norvegicus,39.86,76.97,Diseased,Stress_Condition
SMP_07117,Homo sapiens,41.42,99.15,Diseased,Drug_A
SMP_07118,Homo sapiens,62.23,65.52,Diseased,Drug_A
SMP_07119,Rattus norvegicus,32.28,154.79,Diseased,Drug_B
SMP_07120,Rattus norvegicus,40.66,72.77,Diseased,Drug_B
SMP_07121,Rattus norvegicus,23.16,84.31,Healthy,Drug_A
SMP_07122,Mus musculus,65.11,78.11,Healthy,Stress_Condition
SMP_07123,Homo sapiens,69.07,102.41,Diseased,Drug_A
SMP_07124,Rattus norvegicus,45.09,141.11,Diseased,Drug_B
SMP_07125,Mus musculus,45.53,153.68,Healthy,Control
SMP_07126,Homo sapiens,56.8,88.03,Healthy,Stress_Condition
SMP_07127,Danio rerio,72.12,111.35,Diseased,Stress_Condition
SMP_07128,Mus musculus,56.13,102.46,Healthy,Drug_A
SMP_07129,Homo sapiens,39.54,70.55,Healthy,Control
SMP_07130,Mus musculus,25.72,172.68,Diseased,Stress_Condition
SMP_07131,Homo sapiens,33.27,140.88,Healthy,Stress_Condition
SMP_07132,Homo sapiens,51.1,105.67,Healthy,Drug_B
SMP_07133,Danio rerio,40.17,147.46,Diseased,Drug_A
SMP_07134,Mus musculus,52.92,136.36,Healthy,Drug_A
SMP_07135,Rattus norvegicus,41.71,102.46,Diseased,Stress_Condition
SMP_07136,Danio rerio,34.13,109.78,Diseased,Control
SMP_07137,Danio rerio,32.34,145.36,Diseased,Control
SMP_07138,Homo sapiens,73.44,71.62,Diseased,Control
SMP_07139,Rattus norvegicus,63.33,150.21,Healthy,Control
SMP_07140,Mus musculus,75.96,93.25,Healthy,Drug_A
SMP_07141,Rattus norvegicus,58.1,145.74,Diseased,Drug_B
SMP_07142,Rattus norvegicus,43.55,99.84,Healthy,Control
SMP_07143,Rattus norvegicus,69.85,110.13,Healthy,Control
SMP_07144,Rattus norvegicus,49.5,98.97,Diseased,Drug_B
SMP_07145,Rattus norvegicus,53.31,84.04,Diseased,Drug_A
SMP_07146,Homo sapiens,49.36,91.9,Diseased,Drug_B
SMP_07147,Homo sapiens,5.8,141.37,Diseased,Drug_B
SMP_07148,Danio rerio,74.07,30.58,Diseased,Control
SMP_07149,Homo sapiens,57.37,62.83,Diseased,Drug_B
SMP_07150,Danio rerio,54.95,78.24,Healthy,Drug_B
SMP_07151,Danio rerio,49.07,67.65,Healthy,Drug_A
SMP_07152,Mus musculus,52.45,145.3,Diseased,Control
SMP_07153,Rattus norvegicus,41.04,137.73,Healthy,Control
SMP_07154,Homo sapiens,59.25,117.76,Diseased,Stress_Condition
SMP_07155,Mus musculus,30.39,80.87,Diseased,Control
SMP_07156,Homo sapiens,52.79,140.05,Diseased,Drug_A
SMP_07157,Danio rerio,58.42,52.36,Diseased,Drug_A
SMP_07158,Homo sapiens,47.02,164.26,Diseased,Drug_A
SMP_07159,Rattus norvegicus,55.56,79.46,Healthy,Stress_Condition
SMP_07160,Danio rerio,35.13,92.14,Healthy,Stress_Condition
SMP_07161,Danio rerio,35.51,87.12,Healthy,Drug_A
SMP_07162,Mus musculus,53.55,67.81,Healthy,Control
SMP_07163,Rattus norvegicus,60.18,157.75,Healthy,Stress_Condition
SMP_07164,Danio rerio,21.88,123.67,Diseased,Control
SMP_07165,Rattus norvegicus,57.83,136.46,Healthy,Stress_Condition
SMP_07166,Homo sapiens,41.85,63.29,Healthy,Drug_B
SMP_07167,Rattus norvegicus,47.11,105.43,Healthy,Drug_A
SMP_07168,Danio rerio,29.91,115.63,Healthy,Drug_B
SMP_07169,Mus musculus,37.23,108.12,Healthy,Drug_A
SMP_07170,Danio rerio,64.49,65.19,Healthy,Drug_B
SMP_07171,Rattus norvegicus,50.49,132.27,Diseased,Control
SMP_07172,Rattus norvegicus,44.26,103.65,Healthy,Control
SMP_07173,Danio rerio,48.25,71.35,Healthy,Drug_A
SMP_07174,Rattus norvegicus,57.34,44.34,Healthy,Control
SMP_07175,Homo sapiens,56.61,118.2,Diseased,Drug_A
SMP_07176,Danio rerio,48.87,173.51,Diseased,Drug_B
SMP_07177,Mus musculus,66.39,69.54,Diseased,Drug_A
SMP_07178,Danio rerio,64.56,105.11,Diseased,Stress_Condition
SMP_07179,Homo sapiens,56.2,133.31,Healthy,Drug_B
SMP_07180,Homo sapiens,50.82,61.91,Healthy,Drug_B
SMP_07181,Homo sapiens,59.86,85.6,Healthy,Drug_A
SMP_07182,Homo sapiens,54.71,74.2,Diseased,Stress_Condition
SMP_07183,Homo sapiens,65.91,129.54,Healthy,Stress_Condition
SMP_07184,Mus musculus,63.49,139.77,Diseased,Control
SMP_07185,Rattus norvegicus,34.73,104.77,Healthy,Drug_B
SMP_07186,Homo sapiens,33.71,74.75,Healthy,Control
SMP_07187,Homo sapiens,39.48,86.72,Healthy,Drug_B
SMP_07188,Danio rerio,64.64,81.09,Diseased,Drug_B
SMP_07189,Mus musculus,26.36,70.68,Healthy,Drug_B
SMP_07190,Mus musculus,55.92,96.94,Diseased,Drug_B
SMP_07191,Rattus norvegicus,55.44,117.24,Healthy,Drug_A
SMP_07192,Mus musculus,67.44,114.71,Healthy,Stress_Condition
SMP_07193,Danio rerio,52.71,99.75,Healthy,Drug_B
SMP_07194,Danio rerio,29.85,101.71,Healthy,Control
SMP_07195,Rattus norvegicus,35.61,97.55,Healthy,Control
SMP_07196,Danio rerio,32.27,61.08,Healthy,Drug_A
SMP_07197,Homo sapiens,41.93,104.8,Healthy,Stress_Condition
SMP_07198,Homo sapiens,47.26,82.49,Diseased,Drug_B
SMP_07199,Danio rerio,32.52,59.58,Healthy,Drug_A
SMP_07200,Rattus norvegicus,72.06,111.12,Healthy,Control
SMP_07201,Mus musculus,30.12,81.65,Diseased,Stress_Condition
SMP_07202,Rattus norvegicus,70.19,106.83,Diseased,Drug_B
SMP_07203,Mus musculus,67.78,125.43,Healthy,Stress_Condition
SMP_07204,Danio rerio,63.47,71.49,Diseased,Control
SMP_07205,Danio rerio,39.59,102.76,Diseased,Drug_A
SMP_07206,Homo sapiens,55.14,45.69,Healthy,Drug_A
SMP_07207,Mus musculus,30.84,145.98,Healthy,Control
SMP_07208,Rattus norvegicus,63.66,59.23,Healthy,Drug_B
SMP_07209,Danio rerio,48.89,84.56,Healthy,Drug_B
SMP_07210,Rattus norvegicus,43.86,140.15,Diseased,Stress_Condition
SMP_07211,Homo sapiens,31.64,92.96,Healthy,Control
SMP_07212,Mus musculus,12.84,64.08,Healthy,Control
SMP_07213,Mus musculus,34.42,121.39,Diseased,Drug_B
SMP_07214,Danio rerio,66.69,120.72,Diseased,Control
SMP_07215,Mus musculus,43.96,81.0,Healthy,Drug_A
SMP_07216,Danio rerio,47.46,84.25,Diseased,Drug_B
SMP_07217,Homo sapiens,59.83,86.94,Diseased,Drug_B
SMP_07218,Mus musculus,77.09,93.79,Diseased,Drug_A
SMP_07219,Danio rerio,69.88,43.21,Healthy,Control
SMP_07220,Rattus norvegicus,35.41,94.56,Healthy,Drug_B
SMP_07221,Danio rerio,20.86,153.52,Healthy,Drug_B
SMP_07222,Mus musculus,85.39,73.12,Healthy,Drug_B
SMP_07223,Homo sapiens,84.03,82.5,Healthy,Control
SMP_07224,Mus musculus,52.83,64.49,Diseased,Drug_B
SMP_07225,Mus musculus,30.94,118.36,Healthy,Control
SMP_07226,Danio rerio,64.45,136.1,Healthy,Stress_Condition
SMP_07227,Rattus norvegicus,48.38,135.41,Diseased,Drug_A
SMP_07228,Mus musculus,48.31,62.56,Healthy,Control
SMP_07229,Rattus norvegicus,63.42,114.99,Diseased,Control
SMP_07230,Danio rerio,55.02,143.01,Diseased,Drug_A
SMP_07231,Rattus norvegicus,32.21,115.29,Diseased,Control
SMP_07232,Danio rerio,45.13,114.35,Healthy,Drug_A
SMP_07233,Homo sapiens,59.92,85.85,Diseased,Stress_Condition
SMP_07234,Rattus norvegicus,57.65,106.6,Diseased,Drug_B
SMP_07235,Rattus norvegicus,53.93,137.09,Diseased,Drug_A
SMP_07236,Homo sapiens,64.0,109.85,Diseased,Drug_A
SMP_07237,Rattus norvegicus,44.57,62.55,Healthy,Drug_B
SMP_07238,Homo sapiens,52.68,86.32,Healthy,Drug_B
SMP_07239,Mus musculus,0.63,136.28,Diseased,Control
SMP_07240,Danio rerio,43.26,109.74,Diseased,Control
SMP_07241,Homo sapiens,61.46,103.57,Diseased,Control
SMP_07242,Rattus norvegicus,44.14,83.38,Healthy,Drug_B
SMP_07243,Homo sapiens,43.01,135.66,Healthy,Drug_B
SMP_07244,Rattus norvegicus,34.38,149.87,Healthy,Drug_B
SMP_07245,Mus musculus,65.05,137.9,Diseased,Control
SMP_07246,Homo sapiens,58.23,143.28,Diseased,Drug_B
SMP_07247,Mus musculus,62.38,89.24,Healthy,Drug_B
SMP_07248,Danio rerio,24.11,84.99,Diseased,Stress_Condition
SMP_07249,Rattus norvegicus,47.59,95.31,Healthy,Drug_A
SMP_07250,Rattus norvegicus,45.8,101.16,Healthy,Drug_A
SMP_07251,Mus musculus,45.79,142.93,Healthy,Drug_B
SMP_07252,Danio rerio,40.76,134.98,Diseased,Control
SMP_07253,Homo sapiens,44.81,116.15,Diseased,Stress_Condition
SMP_07254,Homo sapiens,62.74,57.06,Healthy,Stress_Condition
SMP_07255,Rattus norvegicus,21.31,49.36,Healthy,Drug_A
SMP_07256,Mus musculus,76.66,107.21,Diseased,Stress_Condition
SMP_07257,Mus musculus,57.26,126.41,Healthy,Stress_Condition
SMP_07258,Homo sapiens,49.37,97.61,Diseased,Stress_Condition
SMP_07259,Danio rerio,63.6,157.45,Diseased,Drug_B
SMP_07260,Danio rerio,28.22,67.53,Healthy,Drug_A
SMP_07261,Homo sapiens,40.03,63.75,Healthy,Drug_A
SMP_07262,Homo sapiens,48.18,80.07,Healthy,Control
SMP_07263,Mus musculus,70.48,78.93,Healthy,Drug_B
SMP_07264,Danio rerio,49.3,115.79,Diseased,Stress_Condition
SMP_07265,Homo sapiens,56.75,87.35,Healthy,Drug_B
SMP_07266,Homo sapiens,41.16,53.56,Diseased,Stress_Condition
SMP_07267,Rattus norvegicus,57.3,126.75,Healthy,Stress_Condition
SMP_07268,Homo sapiens,75.16,47.2,Diseased,Control
SMP_07269,Homo sapiens,64.93,67.86,Healthy,Control
SMP_07270,Danio rerio,48.78,51.32,Diseased,Control
SMP_07271,Mus musculus,60.13,106.21,Diseased,Stress_Condition
SMP_07272,Danio rerio,58.66,105.58,Healthy,Stress_Condition
SMP_07273,Mus musculus,57.6,157.49,Healthy,Drug_B
SMP_07274,Rattus norvegicus,66.68,127.41,Diseased,Drug_A
SMP_07275,Homo sapiens,66.57,143.25,Healthy,Stress_Condition
SMP_07276,Rattus norvegicus,48.09,108.66,Healthy,Drug_B
SMP_07277,Mus musculus,59.63,70.69,Diseased,Drug_B
SMP_07278,Danio rerio,44.25,103.84,Healthy,Stress_Condition
SMP_07279,Danio rerio,36.15,117.77,Healthy,Stress_Condition
SMP_07280,Rattus norvegicus,45.96,121.11,Diseased,Control
SMP_07281,Mus musculus,48.86,85.83,Diseased,Control
SMP_07282,Rattus norvegicus,25.08,114.66,Healthy,Control
SMP_07283,Rattus norvegicus,62.9,72.01,Healthy,Drug_B
SMP_07284,Homo sapiens,8.49,68.7,Diseased,Control
SMP_07285,Rattus norvegicus,90.72,66.53,Healthy,Stress_Condition
SMP_07286,Homo sapiens,72.53,100.74,Diseased,Control
SMP_07287,Homo sapiens,46.08,64.66,Healthy,Stress_Condition
SMP_07288,Danio rerio,50.14,87.26,Diseased,Stress_Condition
SMP_07289,Homo sapiens,54.54,127.09,Healthy,Drug_A
SMP_07290,Homo sapiens,41.16,69.13,Diseased,Drug_A
SMP_07291,Danio rerio,52.89,84.87,Healthy,Control
SMP_07292,Rattus norvegicus,47.84,102.15,Healthy,Stress_Condition
SMP_07293,Mus musculus,48.59,107.41,Healthy,Drug_A
SMP_07294,Mus musculus,52.72,85.02,Healthy,Drug_B
SMP_07295,Mus musculus,30.3,123.61,Healthy,Drug_A
SMP_07296,Rattus norvegicus,50.59,117.71,Diseased,Control
SMP_07297,Homo sapiens,52.45,134.2,Diseased,Drug_B
SMP_07298,Mus musculus,51.93,97.55,Healthy,Drug_B
SMP_07299,Rattus norvegicus,46.76,84.62,Healthy,Stress_Condition
SMP_07300,Homo sapiens,67.07,79.52,Diseased,Stress_Condition
SMP_07301,Danio rerio,44.7,109.21,Healthy,Stress_Condition
SMP_07302,Mus musculus,53.41,88.69,Healthy,Stress_Condition
SMP_07303,Homo sapiens,69.46,82.92,Healthy,Drug_A
SMP_07304,Mus musculus,48.81,86.55,Healthy,Control
SMP_07305,Mus musculus,53.22,79.49,Healthy,Control
SMP_07306,Mus musculus,48.55,105.97,Diseased,Stress_Condition
SMP_07307,Homo sapiens,68.56,57.62,Healthy,Drug_A
SMP_07308,Rattus norvegicus,46.13,109.09,Diseased,Drug_A
SMP_07309,Homo sapiens,69.25,120.3,Healthy,Drug_A
SMP_07310,Mus musculus,48.45,82.57,Healthy,Control
SMP_07311,Homo sapiens,37.11,157.66,Healthy,Stress_Condition
SMP_07312,Danio rerio,60.19,100.53,Diseased,Drug_A
SMP_07313,Rattus norvegicus,45.43,53.16,Healthy,Drug_A
SMP_07314,Homo sapiens,59.31,91.56,Healthy,Stress_Condition
SMP_07315,Danio rerio,9.06,101.88,Healthy,Drug_A
SMP_07316,Rattus norvegicus,50.08,113.47,Healthy,Control
SMP_07317,Danio rerio,43.11,92.28,Healthy,Drug_B
SMP_07318,Rattus norvegicus,34.05,69.65,Healthy,Control
SMP_07319,Homo sapiens,41.7,67.15,Healthy,Stress_Condition
SMP_07320,Danio rerio,41.39,80.39,Diseased,Stress_Condition
SMP_07321,Mus musculus,49.28,83.27,Healthy,Control
SMP_07322,Danio rerio,29.49,65.95,Diseased,Drug_B
SMP_07323,Rattus norvegicus,54.74,78.02,Healthy,Stress_Condition
SMP_07324,Homo sapiens,70.49,119.78,Healthy,Stress_Condition
SMP_07325,Rattus norvegicus,54.21,149.45,Diseased,Control
SMP_07326,Danio rerio,62.13,122.66,Diseased,Drug_B
SMP_07327,Danio rerio,66.42,139.18,Diseased,Drug_B
SMP_07328,Mus musculus,68.55,129.22,Diseased,Drug_B
SMP_07329,Homo sapiens,78.05,124.99,Diseased,Stress_Condition
SMP_07330,Homo sapiens,42.51,89.87,Healthy,Drug_B
SMP_07331,Danio rerio,39.22,104.23,Healthy,Control
SMP_07332,Homo sapiens,61.75,87.38,Healthy,Stress_Condition
SMP_07333,Mus musculus,60.62,93.43,Diseased,Drug_B
SMP_07334,Rattus norvegicus,61.64,102.05,Diseased,Drug_A
SMP_07335,Homo sapiens,78.34,121.41,Diseased,Drug_B
SMP_07336,Danio rerio,50.17,112.7,Healthy,Drug_B
SMP_07337,Rattus norvegicus,56.39,95.15,Diseased,Stress_Condition
SMP_07338,Rattus norvegicus,35.29,101.67,Healthy,Control
SMP_07339,Mus musculus,82.03,113.0,Diseased,Drug_A
SMP_07340,Danio rerio,44.95,120.02,Healthy,Stress_Condition
SMP_07341,Homo sapiens,45.38,54.43,Diseased,Drug_B
SMP_07342,Danio rerio,44.8,67.68,Healthy,Stress_Condition
SMP_07343,Rattus norvegicus,40.33,133.22,Healthy,Stress_Condition
SMP_07344,Danio rerio,39.06,98.17,Diseased,Drug_A
SMP_07345,Homo sapiens,42.14,87.28,Diseased,Drug_B
SMP_07346,Homo sapiens,29.51,92.1,Healthy,Stress_Condition
SMP_07347,Mus musculus,38.22,92.09,Diseased,Control
SMP_07348,Homo sapiens,79.23,116.74,Diseased,Drug_A
SMP_07349,Homo sapiens,61.03,66.76,Healthy,Stress_Condition
SMP_07350,Danio rerio,63.89,100.74,Healthy,Drug_A
SMP_07351,Danio rerio,67.66,107.38,Healthy,Stress_Condition
SMP_07352,Rattus norvegicus,77.51,111.89,Healthy,Stress_Condition
SMP_07353,Mus musculus,23.43,106.69,Diseased,Stress_Condition
SMP_07354,Danio rerio,31.55,115.48,Healthy,Control
SMP_07355,Homo sapiens,37.94,82.82,Diseased,Control
SMP_07356,Rattus norvegicus,42.95,71.75,Diseased,Control
SMP_07357,Danio rerio,45.49,173.71,Diseased,Stress_Condition
SMP_07358,Mus musculus,43.3,90.96,Diseased,Control
SMP_07359,Mus musculus,53.29,94.47,Diseased,Drug_A
SMP_07360,Rattus norvegicus,50.53,120.34,Healthy,Control
SMP_07361,Rattus norvegicus,39.16,147.88,Diseased,Drug_A
SMP_07362,Rattus norvegicus,17.37,83.66,Diseased,Drug_B
SMP_07363,Rattus norvegicus,35.11,70.04,Healthy,Drug_B
SMP_07364,Rattus norvegicus,41.76,62.74,Diseased,Control
SMP_07365,Homo sapiens,46.29,147.79,Healthy,Control
SMP_07366,Homo sapiens,33.05,68.86,Healthy,Drug_A
SMP_07367,Danio rerio,42.64,99.17,Diseased,Stress_Condition
SMP_07368,Mus musculus,33.04,70.68,Diseased,Drug_A
SMP_07369,Homo sapiens,48.11,56.55,Diseased,Drug_B
SMP_07370,Homo sapiens,33.9,91.23,Healthy,Stress_Condition
SMP_07371,Homo sapiens,37.27,71.87,Diseased,Drug_A
SMP_07372,Danio rerio,30.37,79.25,Diseased,Control
SMP_07373,Rattus norvegicus,47.7,160.18,Healthy,Drug_B
SMP_07374,Danio rerio,37.0,112.75,Healthy,Drug_B
SMP_07375,Mus musculus,63.6,127.94,Diseased,Control
SMP_07376,Mus musculus,56.09,124.74,Healthy,Drug_A
SMP_07377,Mus musculus,48.95,96.97,Healthy,Control
SMP_07378,Mus musculus,38.04,86.81,Healthy,Drug_A
SMP_07379,Homo sapiens,55.71,107.47,Diseased,Drug_B
SMP_07380,Homo sapiens,60.36,105.05,Healthy,Control
SMP_07381,Danio rerio,52.14,82.94,Healthy,Drug_B
SMP_07382,Rattus norvegicus,74.06,103.9,Healthy,Drug_B
SMP_07383,Mus musculus,56.89,78.81,Healthy,Stress_Condition
SMP_07384,Danio rerio,63.7,94.86,Healthy,Control
SMP_07385,Homo sapiens,52.0,89.94,Healthy,Drug_B
SMP_07386,Homo sapiens,60.13,61.93,Healthy,Drug_A
SMP_07387,Rattus norvegicus,38.05,29.47,Healthy,Control
SMP_07388,Rattus norvegicus,43.12,71.83,Diseased,Drug_A
SMP_07389,Rattus norvegicus,55.24,154.12,Healthy,Drug_A
SMP_07390,Danio rerio,55.13,90.71,Diseased,Drug_A
SMP_07391,Homo sapiens,57.61,123.28,Diseased,Control
SMP_07392,Homo sapiens,66.51,36.27,Healthy,Drug_A
SMP_07393,Rattus norvegicus,28.63,69.75,Healthy,Control
SMP_07394,Mus musculus,35.38,59.37,Diseased,Stress_Condition
SMP_07395,Rattus norvegicus,53.44,93.93,Diseased,Drug_A
SMP_07396,Danio rerio,39.13,172.66,Healthy,Control
SMP_07397,Rattus norvegicus,100.67,113.81,Healthy,Drug_A
SMP_07398,Rattus norvegicus,57.74,150.87,Healthy,Drug_B
SMP_07399,Danio rerio,48.83,92.37,Diseased,Drug_A
SMP_07400,Rattus norvegicus,42.27,140.95,Diseased,Drug_B
SMP_07401,Homo sapiens,42.8,162.2,Healthy,Drug_B
SMP_07402,Mus musculus,50.45,96.72,Healthy,Drug_A
SMP_07403,Rattus norvegicus,51.68,83.82,Healthy,Drug_A
SMP_07404,Danio rerio,43.15,60.47,Diseased,Drug_B
SMP_07405,Mus musculus,45.9,90.73,Healthy,Stress_Condition
SMP_07406,Danio rerio,70.16,102.46,Diseased,Control
SMP_07407,Mus musculus,70.77,160.93,Healthy,Drug_A
SMP_07408,Mus musculus,53.78,61.15,Diseased,Drug_B
SMP_07409,Rattus norvegicus,29.88,101.79,Healthy,Control
SMP_07410,Homo sapiens,58.08,45.57,Diseased,Drug_A
SMP_07411,Rattus norvegicus,73.31,87.2,Healthy,Control
SMP_07412,Danio rerio,70.55,109.34,Diseased,Drug_B
SMP_07413,Danio rerio,61.02,115.38,Healthy,Drug_A
SMP_07414,Mus musculus,71.34,117.67,Diseased,Stress_Condition
SMP_07415,Mus musculus,50.8,111.92,Healthy,Control
SMP_07416,Homo sapiens,59.42,117.41,Healthy,Drug_A
SMP_07417,Rattus norvegicus,39.79,101.37,Healthy,Control
SMP_07418,Danio rerio,54.38,68.56,Healthy,Control
SMP_07419,Mus musculus,69.94,44.45,Healthy,Drug_A
SMP_07420,Homo sapiens,41.16,83.6,Healthy,Drug_A
SMP_07421,Danio rerio,37.08,95.96,Healthy,Drug_A
SMP_07422,Mus musculus,51.46,137.62,Healthy,Drug_B
SMP_07423,Danio rerio,46.6,96.98,Healthy,Drug_A
SMP_07424,Homo sapiens,59.74,94.1,Healthy,Control
SMP_07425,Homo sapiens,43.2,111.57,Healthy,Drug_A
SMP_07426,Danio rerio,75.78,91.9,Healthy,Drug_B
SMP_07427,Rattus norvegicus,30.65,124.32,Diseased,Drug_B
SMP_07428,Danio rerio,68.81,159.38,Healthy,Drug_A
SMP_07429,Mus musculus,38.53,165.72,Diseased,Control
SMP_07430,Rattus norvegicus,23.06,102.91,Healthy,Drug_B
SMP_07431,Mus musculus,53.57,110.11,Diseased,Control
SMP_07432,Danio rerio,46.18,147.37,Healthy,Stress_Condition
SMP_07433,Rattus norvegicus,33.36,95.5,Diseased,Drug_B
SMP_07434,Mus musculus,24.78,120.38,Healthy,Stress_Condition
SMP_07435,Danio rerio,49.87,65.95,Healthy,Drug_B
SMP_07436,Danio rerio,64.64,90.67,Healthy,Control
SMP_07437,Rattus norvegicus,58.77,134.68,Healthy,Stress_Condition
SMP_07438,Danio rerio,50.85,78.45,Healthy,Control
SMP_07439,Homo sapiens,57.18,96.16,Healthy,Drug_B
SMP_07440,Mus musculus,49.59,52.77,Diseased,Control
SMP_07441,Mus musculus,28.55,160.17,Healthy,Stress_Condition
SMP_07442,Danio rerio,28.69,137.89,Healthy,Drug_A
SMP_07443,Danio rerio,46.95,105.64,Diseased,Drug_A
SMP_07444,Homo sapiens,47.59,115.23,Diseased,Drug_B
SMP_07445,Rattus norvegicus,62.76,111.88,Healthy,Drug_A
SMP_07446,Danio rerio,61.36,141.53,Diseased,Drug_B
SMP_07447,Danio rerio,59.08,84.44,Healthy,Control
SMP_07448,Danio rerio,45.8,121.97,Healthy,Control
SMP_07449,Danio rerio,29.29,132.32,Healthy,Stress_Condition
SMP_07450,Mus musculus,56.18,136.46,Healthy,Stress_Condition
SMP_07451,Danio rerio,57.88,32.22,Healthy,Drug_A
SMP_07452,Mus musculus,14.17,82.02,Healthy,Control
SMP_07453,Danio rerio,37.48,69.42,Healthy,Stress_Condition
SMP_07454,Rattus norvegicus,39.63,104.49,Healthy,Drug_A
SMP_07455,Homo sapiens,51.78,39.52,Diseased,Drug_B
SMP_07456,Rattus norvegicus,37.95,38.63,Diseased,Stress_Condition
SMP_07457,Danio rerio,49.43,165.1,Diseased,Stress_Condition
SMP_07458,Danio rerio,46.84,118.53,Diseased,Drug_A
SMP_07459,Danio rerio,47.61,103.63,Diseased,Stress_Condition
SMP_07460,Rattus norvegicus,39.25,110.91,Diseased,Drug_A
SMP_07461,Danio rerio,40.42,104.39,Healthy,Stress_Condition
SMP_07462,Rattus norvegicus,33.8,129.92,Healthy,Control
SMP_07463,Mus musculus,55.7,81.03,Healthy,Control
SMP_07464,Homo sapiens,58.57,105.6,Healthy,Control
SMP_07465,Homo sapiens,38.44,106.82,Healthy,Stress_Condition
SMP_07466,Rattus norvegicus,72.81,68.59,Healthy,Drug_A
SMP_07467,Mus musculus,45.28,138.31,Diseased,Control
SMP_07468,Rattus norvegicus,72.95,86.63,Healthy,Drug_B
SMP_07469,Mus musculus,40.37,130.52,Healthy,Stress_Condition
SMP_07470,Danio rerio,19.6,103.45,Healthy,Drug_A
SMP_07471,Mus musculus,56.03,149.01,Diseased,Stress_Condition
SMP_07472,Mus musculus,53.73,68.76,Healthy,Drug_A
SMP_07473,Mus musculus,50.52,67.46,Healthy,Drug_A
SMP_07474,Homo sapiens,40.37,72.83,Diseased,Stress_Condition
SMP_07475,Mus musculus,49.48,104.0,Diseased,Drug_B
SMP_07476,Danio rerio,42.33,146.24,Diseased,Drug_B
SMP_07477,Danio rerio,45.46,147.79,Diseased,Stress_Condition
SMP_07478,Danio rerio,62.62,30.7,Healthy,Control
SMP_07479,Mus musculus,52.76,107.49,Diseased,Control
SMP_07480,Rattus norvegicus,59.15,3.61,Healthy,Drug_A
SMP_07481,Rattus norvegicus,46.52,123.85,Diseased,Control
SMP_07482,Danio rerio,44.87,133.55,Healthy,Stress_Condition
SMP_07483,Homo sapiens,32.7,98.79,Healthy,Stress_Condition
SMP_07484,Rattus norvegicus,44.45,102.52,Healthy,Drug_B
SMP_07485,Mus musculus,0.18,102.21,Healthy,Control
SMP_07486,Rattus norvegicus,41.15,76.47,Healthy,Control
SMP_07487,Danio rerio,48.77,112.95,Healthy,Drug_A
SMP_07488,Homo sapiens,58.46,93.06,Diseased,Stress_Condition
SMP_07489,Rattus norvegicus,45.97,127.91,Healthy,Stress_Condition
SMP_07490,Rattus norvegicus,55.22,96.59,Healthy,Stress_Condition
SMP_07491,Danio rerio,17.3,74.17,Diseased,Drug_B
SMP_07492,Homo sapiens,49.15,53.92,Diseased,Drug_B
SMP_07493,Homo sapiens,24.81,44.08,Healthy,Drug_B
SMP_07494,Danio rerio,31.88,139.38,Healthy,Stress_Condition
SMP_07495,Mus musculus,47.19,86.27,Diseased,Stress_Condition
SMP_07496,Rattus norvegicus,69.14,110.16,Healthy,Control
SMP_07497,Mus musculus,55.57,153.5,Healthy,Stress_Condition
SMP_07498,Rattus norvegicus,50.27,83.12,Healthy,Stress_Condition
SMP_07499,Rattus norvegicus,49.71,81.18,Diseased,Drug_B
SMP_07500,Mus musculus,39.3,96.04,Healthy,Control
SMP_07501,Danio rerio,41.84,100.88,Healthy,Stress_Condition
SMP_07502,Danio rerio,56.41,156.63,Diseased,Drug_A
SMP_07503,Rattus norvegicus,29.22,146.97,Healthy,Drug_B
SMP_07504,Danio rerio,58.9,118.63,Healthy,Drug_A
SMP_07505,Rattus norvegicus,44.17,143.48,Healthy,Control
SMP_07506,Danio rerio,62.38,94.65,Diseased,Drug_B
SMP_07507,Rattus norvegicus,64.42,108.97,Diseased,Control
SMP_07508,Danio rerio,24.9,90.95,Diseased,Stress_Condition
SMP_07509,Homo sapiens,41.28,61.29,Healthy,Drug_B
SMP_07510,Mus musculus,37.17,136.12,Healthy,Control
SMP_07511,Homo sapiens,22.81,115.95,Healthy,Control
SMP_07512,Mus musculus,34.51,100.54,Healthy,Control
SMP_07513,Mus musculus,86.62,99.93,Diseased,Drug_A
SMP_07514,Rattus norvegicus,59.14,54.81,Healthy,Drug_B
SMP_07515,Mus musculus,78.76,70.68,Diseased,Control
SMP_07516,Homo sapiens,62.44,110.08,Healthy,Drug_B
SMP_07517,Homo sapiens,38.87,84.13,Healthy,Stress_Condition
SMP_07518,Danio rerio,44.27,93.47,Diseased,Stress_Condition
SMP_07519,Homo sapiens,58.83,96.86,Healthy,Control
SMP_07520,Danio rerio,56.56,79.53,Diseased,Drug_B
SMP_07521,Mus musculus,41.34,70.96,Healthy,Control
SMP_07522,Homo sapiens,27.35,51.63,Diseased,Control
SMP_07523,Mus musculus,99.32,95.6,Diseased,Drug_A
SMP_07524,Homo sapiens,47.88,118.56,Healthy,Drug_B
SMP_07525,Homo sapiens,45.11,50.69,Healthy,Drug_A
SMP_07526,Danio rerio,51.7,99.28,Healthy,Control
SMP_07527,Mus musculus,46.36,108.43,Diseased,Drug_A
SMP_07528,Homo sapiens,51.84,70.31,Healthy,Drug_A
SMP_07529,Rattus norvegicus,69.3,142.66,Healthy,Drug_A
SMP_07530,Mus musculus,48.13,88.43,Diseased,Stress_Condition
SMP_07531,Mus musculus,32.56,96.96,Diseased,Stress_Condition
SMP_07532,Mus musculus,47.58,95.16,Diseased,Drug_A
SMP_07533,Danio rerio,43.03,46.88,Healthy,Drug_B
SMP_07534,Rattus norvegicus,71.36,130.26,Healthy,Stress_Condition
SMP_07535,Mus musculus,67.57,71.33,Diseased,Drug_A
SMP_07536,Homo sapiens,51.61,92.9,Healthy,Control
SMP_07537,Homo sapiens,30.82,117.93,Diseased,Stress_Condition
SMP_07538,Danio rerio,31.61,143.83,Diseased,Control
SMP_07539,Homo sapiens,50.23,67.6,Healthy,Drug_A
SMP_07540,Mus musculus,55.04,86.61,Healthy,Drug_A
SMP_07541,Homo sapiens,44.38,141.47,Healthy,Drug_A
SMP_07542,Mus musculus,42.8,113.91,Healthy,Control
SMP_07543,Homo sapiens,41.11,120.14,Healthy,Stress_Condition
SMP_07544,Rattus norvegicus,49.65,68.47,Diseased,Drug_A
SMP_07545,Danio rerio,14.26,88.62,Healthy,Drug_B
SMP_07546,Danio rerio,33.48,94.96,Healthy,Drug_A
SMP_07547,Rattus norvegicus,40.59,74.26,Healthy,Stress_Condition
SMP_07548,Rattus norvegicus,68.11,49.76,Healthy,Stress_Condition
SMP_07549,Danio rerio,37.79,84.69,Healthy,Drug_B
SMP_07550,Rattus norvegicus,52.71,140.63,Healthy,Drug_A
SMP_07551,Mus musculus,53.4,101.78,Healthy,Stress_Condition
SMP_07552,Homo sapiens,69.47,141.23,Healthy,Stress_Condition
SMP_07553,Danio rerio,68.94,105.37,Healthy,Stress_Condition
SMP_07554,Rattus norvegicus,49.14,77.06,Diseased,Control
SMP_07555,Mus musculus,42.87,138.33,Healthy,Stress_Condition
SMP_07556,Danio rerio,40.04,106.37,Healthy,Stress_Condition
SMP_07557,Rattus norvegicus,46.38,128.86,Diseased,Control
SMP_07558,Danio rerio,43.49,67.95,Diseased,Drug_A
SMP_07559,Rattus norvegicus,58.3,131.16,Healthy,Drug_B
SMP_07560,Danio rerio,56.3,132.07,Healthy,Control
SMP_07561,Mus musculus,58.88,108.69,Diseased,Control
SMP_07562,Mus musculus,68.89,75.79,Healthy,Control
SMP_07563,Homo sapiens,77.94,98.62,Healthy,Stress_Condition
SMP_07564,Danio rerio,51.87,118.34,Healthy,Drug_A
SMP_07565,Homo sapiens,66.49,107.04,Diseased,Drug_A
SMP_07566,Danio rerio,44.73,118.03,Healthy,Drug_A
SMP_07567,Rattus norvegicus,67.78,130.37,Healthy,Drug_B
SMP_07568,Rattus norvegicus,65.92,80.55,Healthy,Drug_A
SMP_07569,Homo sapiens,65.13,65.35,Healthy,Drug_B
SMP_07570,Danio rerio,51.41,98.87,Healthy,Stress_Condition
SMP_07571,Homo sapiens,39.97,90.11,Diseased,Drug_A
SMP_07572,Mus musculus,29.08,123.58,Healthy,Drug_B
SMP_07573,Homo sapiens,49.4,67.77,Diseased,Stress_Condition
SMP_07574,Homo sapiens,73.0,130.61,Healthy,Stress_Condition
SMP_07575,Rattus norvegicus,45.35,140.61,Healthy,Drug_B
SMP_07576,Homo sapiens,61.78,100.01,Healthy,Stress_Condition
SMP_07577,Danio rerio,62.66,101.82,Healthy,Stress_Condition
SMP_07578,Rattus norvegicus,45.74,76.97,Healthy,Drug_A
SMP_07579,Homo sapiens,69.75,83.72,Diseased,Drug_B
SMP_07580,Mus musculus,6.37,87.75,Healthy,Stress_Condition
SMP_07581,Homo sapiens,31.66,143.29,Healthy,Control
SMP_07582,Homo sapiens,36.27,97.84,Diseased,Control
SMP_07583,Homo sapiens,37.7,60.33,Healthy,Stress_Condition
SMP_07584,Rattus norvegicus,55.04,107.66,Healthy,Drug_A
SMP_07585,Danio rerio,54.35,124.79,Healthy,Control
SMP_07586,Mus musculus,55.91,99.24,Healthy,Drug_A
SMP_07587,Homo sapiens,58.94,144.08,Diseased,Stress_Condition
SMP_07588,Danio rerio,35.75,123.33,Healthy,Drug_B
SMP_07589,Danio rerio,31.73,68.53,Diseased,Stress_Condition
SMP_07590,Rattus norvegicus,55.94,83.46,Diseased,Stress_Condition
SMP_07591,Mus musculus,40.55,106.79,Healthy,Control
SMP_07592,Rattus norvegicus,26.44,50.01,Healthy,Drug_B
SMP_07593,Danio rerio,64.57,110.09,Diseased,Drug_A
SMP_07594,Danio rerio,70.93,47.15,Diseased,Drug_A
SMP_07595,Danio rerio,73.36,130.7,Healthy,Drug_B
SMP_07596,Rattus norvegicus,52.81,127.22,Diseased,Drug_A
SMP_07597,Mus musculus,59.39,115.14,Diseased,Control
SMP_07598,Homo sapiens,70.55,79.72,Healthy,Stress_Condition
SMP_07599,Rattus norvegicus,40.38,105.11,Diseased,Drug_A
SMP_07600,Danio rerio,66.66,84.6,Healthy,Control
SMP_07601,Rattus norvegicus,54.13,69.08,Healthy,Drug_A
SMP_07602,Danio rerio,63.71,89.84,Healthy,Control
SMP_07603,Homo sapiens,52.79,120.95,Healthy,Drug_A
SMP_07604,Homo sapiens,69.44,101.31,Diseased,Drug_A
SMP_07605,Mus musculus,53.35,143.52,Healthy,Drug_B
SMP_07606,Danio rerio,27.74,122.97,Healthy,Drug_B
SMP_07607,Mus musculus,71.78,119.76,Diseased,Control
SMP_07608,Mus musculus,35.79,51.73,Healthy,Drug_B
SMP_07609,Homo sapiens,68.8,91.45,Healthy,Stress_Condition
SMP_07610,Rattus norvegicus,48.65,68.07,Healthy,Drug_B
SMP_07611,Rattus norvegicus,67.64,94.51,Healthy,Control
SMP_07612,Mus musculus,67.02,79.2,Diseased,Drug_B
SMP_07613,Homo sapiens,56.45,88.67,Healthy,Control
SMP_07614,Danio rerio,57.63,131.83,Healthy,Stress_Condition
SMP_07615,Rattus norvegicus,56.34,114.26,Healthy,Control
SMP_07616,Mus musculus,19.79,130.21,Healthy,Control
SMP_07617,Rattus norvegicus,51.77,51.98,Healthy,Stress_Condition
SMP_07618,Rattus norvegicus,33.26,101.74,Healthy,Stress_Condition
SMP_07619,Danio rerio,52.57,129.0,Healthy,Control
SMP_07620,Homo sapiens,32.86,145.19,Healthy,Drug_A
SMP_07621,Danio rerio,32.23,53.56,Healthy,Drug_A
SMP_07622,Homo sapiens,74.07,89.46,Healthy,Control
SMP_07623,Rattus norvegicus,66.04,131.03,Healthy,Drug_B
SMP_07624,Mus musculus,49.94,94.23,Diseased,Control
SMP_07625,Danio rerio,52.77,72.69,Diseased,Control
SMP_07626,Homo sapiens,46.28,53.5,Healthy,Drug_B
SMP_07627,Rattus norvegicus,58.55,71.54,Diseased,Stress_Condition
SMP_07628,Homo sapiens,39.86,49.33,Diseased,Control
SMP_07629,Homo sapiens,64.91,101.75,Healthy,Drug_A
SMP_07630,Homo sapiens,46.2,126.89,Diseased,Stress_Condition
SMP_07631,Rattus norvegicus,43.7,62.17,Healthy,Stress_Condition
SMP_07632,Mus musculus,50.33,107.73,Diseased,Control
SMP_07633,Mus musculus,41.13,125.36,Healthy,Drug_A
SMP_07634,Mus musculus,54.93,99.92,Diseased,Drug_B
SMP_07635,Homo sapiens,41.94,51.68,Healthy,Drug_B
SMP_07636,Rattus norvegicus,57.03,111.59,Healthy,Drug_B
SMP_07637,Homo sapiens,68.24,98.36,Diseased,Drug_A
SMP_07638,Mus musculus,39.21,95.3,Diseased,Stress_Condition
SMP_07639,Mus musculus,48.04,83.59,Diseased,Stress_Condition
SMP_07640,Rattus norvegicus,56.92,102.6,Diseased,Control
SMP_07641,Homo sapiens,43.46,115.29,Diseased,Stress_Condition
SMP_07642,Danio rerio,56.96,171.72,Diseased,Stress_Condition
SMP_07643,Danio rerio,58.33,103.37,Healthy,Drug_B
SMP_07644,Mus musculus,66.25,145.33,Healthy,Drug_B
SMP_07645,Rattus norvegicus,40.91,110.73,Healthy,Drug_B
SMP_07646,Homo sapiens,35.86,97.01,Diseased,Stress_Condition
SMP_07647,Homo sapiens,45.39,104.46,Healthy,Control
SMP_07648,Mus musculus,35.48,63.35,Healthy,Stress_Condition
SMP_07649,Mus musculus,58.47,109.18,Healthy,Control
SMP_07650,Homo sapiens,32.57,40.24,Diseased,Stress_Condition
SMP_07651,Homo sapiens,85.0,74.12,Healthy,Drug_A
SMP_07652,Mus musculus,69.44,103.3,Healthy,Stress_Condition
SMP_07653,Homo sapiens,50.19,135.82,Healthy,Drug_A
SMP_07654,Danio rerio,63.01,142.92,Healthy,Control
SMP_07655,Mus musculus,25.45,92.9,Healthy,Stress_Condition
SMP_07656,Homo sapiens,87.85,104.67,Healthy,Stress_Condition
SMP_07657,Mus musculus,41.15,129.53,Healthy,Control
SMP_07658,Rattus norvegicus,48.19,60.12,Diseased,Drug_B
SMP_07659,Mus musculus,22.16,112.14,Diseased,Drug_B
SMP_07660,Mus musculus,57.29,75.16,Healthy,Drug_A
SMP_07661,Rattus norvegicus,33.4,94.85,Diseased,Stress_Condition
SMP_07662,Danio rerio,51.52,86.23,Diseased,Drug_B
SMP_07663,Homo sapiens,41.84,113.06,Diseased,Control
SMP_07664,Rattus norvegicus,33.83,116.51,Healthy,Control
SMP_07665,Mus musculus,37.93,126.73,Healthy,Stress_Condition
SMP_07666,Homo sapiens,53.39,110.45,Diseased,Drug_A
SMP_07667,Rattus norvegicus,30.78,105.15,Healthy,Control
SMP_07668,Homo sapiens,38.77,155.62,Healthy,Stress_Condition
SMP_07669,Homo sapiens,59.95,54.27,Healthy,Drug_A
SMP_07670,Rattus norvegicus,89.04,150.87,Diseased,Drug_B
SMP_07671,Homo sapiens,57.16,91.31,Healthy,Stress_Condition
SMP_07672,Danio rerio,36.24,117.13,Healthy,Drug_A
SMP_07673,Rattus norvegicus,44.49,90.23,Diseased,Control
SMP_07674,Danio rerio,50.47,78.92,Diseased,Drug_B
SMP_07675,Mus musculus,44.76,114.54,Healthy,Control
SMP_07676,Homo sapiens,63.55,131.26,Healthy,Control
SMP_07677,Mus musculus,53.26,114.19,Diseased,Drug_B
SMP_07678,Mus musculus,63.62,83.74,Healthy,Stress_Condition
SMP_07679,Homo sapiens,45.28,208.34,Diseased,Stress_Condition
SMP_07680,Rattus norvegicus,69.88,135.96,Diseased,Stress_Condition
SMP_07681,Homo sapiens,47.5,128.0,Healthy,Control
SMP_07682,Mus musculus,35.43,89.41,Healthy,Control
SMP_07683,Mus musculus,82.66,81.25,Healthy,Stress_Condition
SMP_07684,Rattus norvegicus,22.63,91.6,Diseased,Stress_Condition
SMP_07685,Homo sapiens,38.92,132.44,Healthy,Drug_B
SMP_07686,Mus musculus,40.59,70.28,Healthy,Control
SMP_07687,Danio rerio,87.62,67.95,Healthy,Drug_A
SMP_07688,Mus musculus,77.1,116.19,Healthy,Stress_Condition
SMP_07689,Mus musculus,72.41,109.58,Healthy,Stress_Condition
SMP_07690,Rattus norvegicus,45.04,76.89,Healthy,Control
SMP_07691,Danio rerio,86.39,67.26,Diseased,Stress_Condition
SMP_07692,Mus musculus,55.53,143.14,Healthy,Stress_Condition
SMP_07693,Mus musculus,64.66,110.71,Healthy,Control
SMP_07694,Danio rerio,52.7,59.09,Diseased,Stress_Condition
SMP_07695,Homo sapiens,49.26,61.19,Diseased,Drug_B
SMP_07696,Homo sapiens,46.22,89.15,Diseased,Drug_A
SMP_07697,Mus musculus,46.86,121.99,Healthy,Control
SMP_07698,Mus musculus,59.13,117.85,Healthy,Drug_B
SMP_07699,Homo sapiens,55.51,133.95,Healthy,Control
SMP_07700,Rattus norvegicus,49.53,55.29,Diseased,Control
SMP_07701,Danio rerio,72.64,106.72,Diseased,Control
SMP_07702,Danio rerio,5.5,142.78,Diseased,Drug_A
SMP_07703,Rattus norvegicus,57.65,139.98,Healthy,Drug_B
SMP_07704,Rattus norvegicus,60.77,110.77,Diseased,Drug_A
SMP_07705,Rattus norvegicus,67.2,170.44,Diseased,Control
SMP_07706,Rattus norvegicus,49.03,118.28,Healthy,Stress_Condition
SMP_07707,Rattus norvegicus,53.12,131.28,Healthy,Drug_A
SMP_07708,Rattus norvegicus,64.79,101.33,Healthy,Stress_Condition
SMP_07709,Danio rerio,72.37,76.57,Healthy,Control
SMP_07710,Rattus norvegicus,45.49,73.74,Healthy,Stress_Condition
SMP_07711,Homo sapiens,54.0,105.45,Diseased,Drug_A
SMP_07712,Rattus norvegicus,75.18,93.65,Diseased,Drug_B
SMP_07713,Rattus norvegicus,18.14,46.94,Diseased,Stress_Condition
SMP_07714,Danio rerio,39.65,69.23,Healthy,Drug_A
SMP_07715,Danio rerio,71.99,90.45,Healthy,Drug_B
SMP_07716,Rattus norvegicus,66.39,121.82,Diseased,Control
SMP_07717,Danio rerio,57.84,99.52,Healthy,Drug_B
SMP_07718,Mus musculus,43.27,97.84,Healthy,Control
SMP_07719,Danio rerio,36.77,70.39,Diseased,Drug_A
SMP_07720,Danio rerio,41.13,100.69,Healthy,Drug_A
SMP_07721,Danio rerio,73.22,139.57,Healthy,Drug_B
SMP_07722,Danio rerio,40.57,104.67,Healthy,Drug_A
SMP_07723,Homo sapiens,51.52,54.78,Diseased,Drug_A
SMP_07724,Homo sapiens,38.69,62.45,Healthy,Control
SMP_07725,Homo sapiens,62.64,117.66,Healthy,Drug_A
SMP_07726,Rattus norvegicus,41.92,93.27,Diseased,Stress_Condition
SMP_07727,Rattus norvegicus,48.54,97.76,Healthy,Control
SMP_07728,Mus musculus,24.75,81.62,Healthy,Stress_Condition
SMP_07729,Homo sapiens,25.8,115.1,Healthy,Drug_B
SMP_07730,Rattus norvegicus,50.12,90.97,Healthy,Stress_Condition
SMP_07731,Danio rerio,30.12,94.4,Healthy,Drug_A
SMP_07732,Danio rerio,81.58,74.46,Diseased,Drug_B
SMP_07733,Homo sapiens,19.08,127.65,Healthy,Drug_A
SMP_07734,Mus musculus,38.0,93.37,Diseased,Drug_B
SMP_07735,Mus musculus,50.25,118.24,Healthy,Drug_B
SMP_07736,Danio rerio,44.52,64.19,Healthy,Control
SMP_07737,Mus musculus,33.44,152.02,Healthy,Stress_Condition
SMP_07738,Homo sapiens,35.63,138.32,Healthy,Drug_A
SMP_07739,Danio rerio,35.14,42.71,Healthy,Drug_B
SMP_07740,Rattus norvegicus,45.7,75.94,Healthy,Control
SMP_07741,Rattus norvegicus,79.28,114.33,Healthy,Drug_B
SMP_07742,Mus musculus,51.17,60.41,Diseased,Stress_Condition
SMP_07743,Danio rerio,67.74,96.05,Healthy,Drug_B
SMP_07744,Danio rerio,57.6,112.8,Healthy,Stress_Condition
SMP_07745,Rattus norvegicus,66.71,94.46,Diseased,Drug_B
SMP_07746,Danio rerio,8.0,116.17,Healthy,Stress_Condition
SMP_07747,Danio rerio,45.43,79.2,Diseased,Drug_A
SMP_07748,Danio rerio,69.61,32.67,Diseased,Stress_Condition
SMP_07749,Mus musculus,41.42,129.46,Diseased,Stress_Condition
SMP_07750,Danio rerio,76.44,129.27,Healthy,Drug_A
SMP_07751,Homo sapiens,72.26,175.11,Diseased,Stress_Condition
SMP_07752,Mus musculus,42.96,33.78,Diseased,Drug_B
SMP_07753,Danio rerio,42.45,122.52,Diseased,Drug_B
SMP_07754,Danio rerio,34.8,40.94,Diseased,Drug_B
SMP_07755,Homo sapiens,40.56,152.69,Healthy,Drug_A
SMP_07756,Mus musculus,31.51,114.64,Diseased,Stress_Condition
SMP_07757,Rattus norvegicus,56.43,71.44,Healthy,Stress_Condition
SMP_07758,Rattus norvegicus,28.16,123.41,Healthy,Drug_B
SMP_07759,Mus musculus,59.06,83.41,Healthy,Stress_Condition
SMP_07760,Danio rerio,59.42,109.01,Healthy,Drug_B
SMP_07761,Danio rerio,25.08,106.18,Healthy,Drug_B
SMP_07762,Rattus norvegicus,73.25,152.33,Diseased,Drug_B
SMP_07763,Rattus norvegicus,57.7,154.45,Diseased,Drug_A
SMP_07764,Rattus norvegicus,61.25,82.08,Diseased,Control
SMP_07765,Homo sapiens,38.62,131.74,Diseased,Control
SMP_07766,Rattus norvegicus,59.34,110.65,Healthy,Stress_Condition
SMP_07767,Homo sapiens,66.9,57.62,Healthy,Drug_B
SMP_07768,Mus musculus,48.52,79.11,Healthy,Control
SMP_07769,Danio rerio,80.03,170.08,Healthy,Control
SMP_07770,Rattus norvegicus,50.66,110.74,Diseased,Stress_Condition
SMP_07771,Danio rerio,67.11,129.99,Diseased,Drug_A
SMP_07772,Danio rerio,54.4,93.64,Healthy,Stress_Condition
SMP_07773,Rattus norvegicus,58.78,83.8,Healthy,Stress_Condition
SMP_07774,Rattus norvegicus,24.93,100.82,Healthy,Drug_B
SMP_07775,Mus musculus,55.57,92.02,Healthy,Drug_A
SMP_07776,Homo sapiens,38.98,55.2,Healthy,Stress_Condition
SMP_07777,Homo sapiens,37.3,69.9,Healthy,Control
SMP_07778,Danio rerio,76.16,121.24,Healthy,Control
SMP_07779,Rattus norvegicus,46.79,88.58,Diseased,Stress_Condition
SMP_07780,Mus musculus,34.95,100.77,Healthy,Drug_B
SMP_07781,Mus musculus,44.61,107.05,Diseased,Drug_B
SMP_07782,Mus musculus,30.49,109.39,Diseased,Stress_Condition
SMP_07783,Mus musculus,71.51,134.4,Healthy,Drug_A
SMP_07784,Mus musculus,39.56,67.04,Diseased,Drug_B
SMP_07785,Homo sapiens,57.94,117.11,Healthy,Control
SMP_07786,Homo sapiens,70.34,122.65,Healthy,Drug_A
SMP_07787,Homo sapiens,42.5,129.58,Healthy,Stress_Condition
SMP_07788,Rattus norvegicus,57.98,57.61,Diseased,Drug_A
SMP_07789,Danio rerio,34.55,107.64,Healthy,Drug_B
SMP_07790,Mus musculus,86.69,151.48,Healthy,Drug_B
SMP_07791,Rattus norvegicus,64.05,97.03,Healthy,Control
SMP_07792,Mus musculus,47.11,114.5,Healthy,Stress_Condition
SMP_07793,Homo sapiens,38.41,123.41,Diseased,Drug_A
SMP_07794,Rattus norvegicus,48.29,69.24,Diseased,Drug_A
SMP_07795,Homo sapiens,44.9,155.01,Healthy,Drug_A
SMP_07796,Mus musculus,79.29,114.99,Healthy,Drug_A
SMP_07797,Mus musculus,31.62,115.59,Diseased,Control
SMP_07798,Danio rerio,52.02,50.14,Diseased,Control
SMP_07799,Mus musculus,49.72,123.84,Diseased,Control
SMP_07800,Homo sapiens,48.24,115.19,Healthy,Drug_B
SMP_07801,Mus musculus,48.37,148.73,Healthy,Control
SMP_07802,Danio rerio,48.26,90.66,Diseased,Control
SMP_07803,Danio rerio,63.1,70.37,Healthy,Stress_Condition
SMP_07804,Homo sapiens,59.13,79.53,Diseased,Stress_Condition
SMP_07805,Rattus norvegicus,56.28,84.85,Diseased,Stress_Condition
SMP_07806,Mus musculus,4.49,66.43,Healthy,Stress_Condition
SMP_07807,Danio rerio,54.5,138.7,Diseased,Control
SMP_07808,Mus musculus,25.17,139.83,Healthy,Control
SMP_07809,Mus musculus,59.69,94.13,Diseased,Drug_B
SMP_07810,Rattus norvegicus,72.12,88.22,Diseased,Drug_A
SMP_07811,Danio rerio,36.11,45.54,Diseased,Drug_A
SMP_07812,Mus musculus,46.07,120.88,Diseased,Stress_Condition
SMP_07813,Danio rerio,41.01,149.6,Healthy,Drug_B
SMP_07814,Homo sapiens,68.53,80.88,Diseased,Control
SMP_07815,Homo sapiens,51.43,96.5,Diseased,Drug_A
SMP_07816,Mus musculus,75.92,113.03,Healthy,Stress_Condition
SMP_07817,Danio rerio,56.21,151.73,Healthy,Stress_Condition
SMP_07818,Mus musculus,53.64,105.99,Healthy,Drug_A
SMP_07819,Danio rerio,51.02,105.86,Healthy,Drug_A
SMP_07820,Danio rerio,62.27,105.38,Diseased,Drug_A
SMP_07821,Rattus norvegicus,23.93,57.25,Healthy,Control
SMP_07822,Rattus norvegicus,51.28,56.6,Healthy,Drug_A
SMP_07823,Rattus norvegicus,48.95,75.76,Healthy,Drug_B
SMP_07824,Mus musculus,60.88,130.39,Diseased,Drug_B
SMP_07825,Rattus norvegicus,47.18,89.94,Diseased,Drug_A
SMP_07826,Rattus norvegicus,34.42,84.11,Healthy,Control
SMP_07827,Homo sapiens,50.11,83.58,Diseased,Stress_Condition
SMP_07828,Danio rerio,33.76,95.87,Healthy,Drug_A
SMP_07829,Danio rerio,21.12,151.06,Healthy,Drug_A
SMP_07830,Rattus norvegicus,60.91,95.46,Diseased,Drug_A
SMP_07831,Danio rerio,58.69,76.41,Healthy,Drug_B
SMP_07832,Homo sapiens,57.01,100.76,Healthy,Drug_B
SMP_07833,Homo sapiens,69.54,152.65,Healthy,Stress_Condition
SMP_07834,Rattus norvegicus,40.02,84.92,Healthy,Control
SMP_07835,Homo sapiens,28.53,64.57,Healthy,Drug_A
SMP_07836,Danio rerio,48.95,84.97,Healthy,Drug_A
SMP_07837,Mus musculus,44.79,103.86,Diseased,Drug_A
SMP_07838,Danio rerio,37.37,120.65,Healthy,Stress_Condition
SMP_07839,Mus musculus,48.8,130.21,Healthy,Drug_A
SMP_07840,Rattus norvegicus,40.83,68.63,Healthy,Drug_B
SMP_07841,Mus musculus,22.46,71.47,Diseased,Control
SMP_07842,Homo sapiens,43.38,90.3,Diseased,Drug_B
SMP_07843,Danio rerio,32.95,120.53,Diseased,Drug_A
SMP_07844,Mus musculus,53.47,62.2,Healthy,Stress_Condition
SMP_07845,Danio rerio,40.16,81.78,Diseased,Drug_B
SMP_07846,Rattus norvegicus,66.67,82.22,Healthy,Control
SMP_07847,Rattus norvegicus,74.06,128.25,Diseased,Stress_Condition
SMP_07848,Homo sapiens,60.19,115.85,Healthy,Drug_A
SMP_07849,Rattus norvegicus,26.73,127.11,Diseased,Drug_A
SMP_07850,Mus musculus,72.58,140.16,Healthy,Stress_Condition
SMP_07851,Rattus norvegicus,73.64,90.83,Healthy,Drug_B
SMP_07852,Homo sapiens,50.28,64.38,Diseased,Drug_B
SMP_07853,Danio rerio,69.84,64.57,Diseased,Stress_Condition
SMP_07854,Danio rerio,41.72,44.86,Healthy,Drug_B
SMP_07855,Rattus norvegicus,22.01,86.24,Diseased,Control
SMP_07856,Mus musculus,38.6,88.47,Healthy,Stress_Condition
SMP_07857,Homo sapiens,75.94,123.63,Diseased,Control
SMP_07858,Mus musculus,27.63,100.51,Diseased,Stress_Condition
SMP_07859,Homo sapiens,49.99,85.29,Healthy,Control
SMP_07860,Rattus norvegicus,50.51,96.52,Healthy,Drug_A
SMP_07861,Homo sapiens,42.31,68.83,Healthy,Drug_A
SMP_07862,Homo sapiens,43.35,130.76,Healthy,Drug_B
SMP_07863,Rattus norvegicus,51.08,76.42,Diseased,Stress_Condition
SMP_07864,Mus musculus,41.57,65.8,Diseased,Drug_A
SMP_07865,Rattus norvegicus,28.67,124.54,Diseased,Stress_Condition
SMP_07866,Homo sapiens,53.23,117.22,Healthy,Stress_Condition
SMP_07867,Rattus norvegicus,66.1,48.29,Healthy,Control
SMP_07868,Homo sapiens,63.04,125.65,Healthy,Drug_A
SMP_07869,Rattus norvegicus,37.85,77.75,Diseased,Drug_B
SMP_07870,Danio rerio,31.23,88.78,Healthy,Drug_B
SMP_07871,Danio rerio,45.74,105.61,Diseased,Drug_B
SMP_07872,Rattus norvegicus,73.52,117.6,Healthy,Stress_Condition
SMP_07873,Mus musculus,59.68,113.36,Diseased,Drug_B
SMP_07874,Homo sapiens,60.56,98.51,Healthy,Stress_Condition
SMP_07875,Danio rerio,63.35,87.26,Diseased,Drug_A
SMP_07876,Mus musculus,56.31,112.37,Healthy,Stress_Condition
SMP_07877,Homo sapiens,51.81,96.45,Diseased,Drug_B
SMP_07878,Danio rerio,59.93,154.16,Diseased,Drug_A
SMP_07879,Danio rerio,41.81,117.59,Healthy,Drug_B
SMP_07880,Rattus norvegicus,28.78,72.3,Healthy,Stress_Condition
SMP_07881,Homo sapiens,60.84,85.67,Diseased,Stress_Condition
SMP_07882,Mus musculus,68.57,101.45,Healthy,Drug_B
SMP_07883,Mus musculus,33.23,138.98,Diseased,Drug_A
SMP_07884,Mus musculus,62.33,142.33,Diseased,Stress_Condition
SMP_07885,Homo sapiens,75.21,88.12,Healthy,Control
SMP_07886,Mus musculus,49.97,71.99,Healthy,Control
SMP_07887,Mus musculus,37.73,68.16,Diseased,Control
SMP_07888,Mus musculus,51.85,107.57,Diseased,Control
SMP_07889,Rattus norvegicus,41.74,169.11,Diseased,Drug_B
SMP_07890,Rattus norvegicus,40.75,116.17,Healthy,Stress_Condition
SMP_07891,Homo sapiens,56.5,52.18,Diseased,Drug_A
SMP_07892,Homo sapiens,25.94,78.22,Healthy,Control
SMP_07893,Mus musculus,28.34,81.28,Diseased,Drug_B
SMP_07894,Rattus norvegicus,50.29,75.34,Healthy,Drug_A
SMP_07895,Danio rerio,49.67,88.36,Healthy,Drug_B
SMP_07896,Danio rerio,55.15,111.08,Healthy,Stress_Condition
SMP_07897,Mus musculus,78.13,120.46,Healthy,Control
SMP_07898,Mus musculus,51.57,132.75,Diseased,Drug_A
SMP_07899,Rattus norvegicus,58.97,115.73,Healthy,Drug_A
SMP_07900,Rattus norvegicus,35.37,41.38,Healthy,Drug_B
SMP_07901,Rattus norvegicus,61.52,68.28,Healthy,Drug_B
SMP_07902,Homo sapiens,42.1,95.26,Healthy,Stress_Condition
SMP_07903,Homo sapiens,51.07,104.42,Healthy,Drug_A
SMP_07904,Mus musculus,48.37,125.84,Healthy,Control
SMP_07905,Homo sapiens,65.49,101.3,Healthy,Control
SMP_07906,Rattus norvegicus,30.35,101.52,Healthy,Drug_A
SMP_07907,Rattus norvegicus,15.75,107.13,Healthy,Drug_A
SMP_07908,Homo sapiens,46.8,92.35,Healthy,Stress_Condition
SMP_07909,Danio rerio,57.03,102.61,Diseased,Control
SMP_07910,Mus musculus,52.28,133.77,Diseased,Control
SMP_07911,Danio rerio,68.48,97.48,Diseased,Drug_B
SMP_07912,Mus musculus,56.56,99.09,Diseased,Drug_B
SMP_07913,Danio rerio,41.54,98.99,Diseased,Control
SMP_07914,Homo sapiens,15.12,138.93,Healthy,Drug_A
SMP_07915,Mus musculus,46.44,66.76,Healthy,Drug_A
SMP_07916,Mus musculus,65.42,153.28,Diseased,Drug_B
SMP_07917,Mus musculus,44.12,64.71,Diseased,Drug_A
SMP_07918,Rattus norvegicus,50.42,80.37,Healthy,Stress_Condition
SMP_07919,Rattus norvegicus,56.32,122.34,Healthy,Drug_A
SMP_07920,Danio rerio,34.77,130.91,Diseased,Drug_A
SMP_07921,Homo sapiens,59.35,57.9,Diseased,Drug_A
SMP_07922,Rattus norvegicus,74.56,67.22,Healthy,Drug_B
SMP_07923,Mus musculus,47.41,108.34,Diseased,Drug_A
SMP_07924,Rattus norvegicus,33.06,170.33,Diseased,Control
SMP_07925,Homo sapiens,49.0,137.39,Healthy,Drug_B
SMP_07926,Rattus norvegicus,16.63,92.56,Diseased,Drug_A
SMP_07927,Mus musculus,55.05,27.43,Diseased,Drug_A
SMP_07928,Danio rerio,56.78,102.45,Healthy,Stress_Condition
SMP_07929,Mus musculus,75.13,110.87,Diseased,Drug_A
SMP_07930,Homo sapiens,47.09,88.52,Healthy,Drug_B
SMP_07931,Danio rerio,56.13,74.48,Diseased,Drug_A
SMP_07932,Rattus norvegicus,37.08,104.77,Diseased,Drug_B
SMP_07933,Rattus norvegicus,44.65,71.73,Healthy,Control
SMP_07934,Rattus norvegicus,27.12,156.17,Healthy,Drug_A
SMP_07935,Danio rerio,47.08,145.5,Diseased,Drug_B
SMP_07936,Mus musculus,45.42,119.74,Diseased,Control
SMP_07937,Danio rerio,54.49,102.69,Healthy,Drug_B
SMP_07938,Danio rerio,40.65,80.2,Diseased,Drug_A
SMP_07939,Homo sapiens,51.25,99.38,Healthy,Drug_B
SMP_07940,Danio rerio,45.0,149.18,Healthy,Drug_A
SMP_07941,Rattus norvegicus,45.03,126.06,Diseased,Drug_B
SMP_07942,Mus musculus,51.21,106.11,Diseased,Control
SMP_07943,Mus musculus,50.61,127.72,Diseased,Drug_A
SMP_07944,Mus musculus,61.42,116.37,Healthy,Control
SMP_07945,Rattus norvegicus,48.19,111.89,Healthy,Drug_A
SMP_07946,Rattus norvegicus,44.75,129.42,Diseased,Drug_B
SMP_07947,Rattus norvegicus,47.29,115.51,Healthy,Control
SMP_07948,Rattus norvegicus,39.28,125.76,Healthy,Drug_A
SMP_07949,Rattus norvegicus,44.6,104.84,Diseased,Control
SMP_07950,Danio rerio,80.47,92.38,Diseased,Stress_Condition
SMP_07951,Rattus norvegicus,36.31,83.56,Healthy,Control
SMP_07952,Rattus norvegicus,45.82,79.98,Healthy,Drug_A
SMP_07953,Rattus norvegicus,44.19,51.84,Diseased,Drug_B
SMP_07954,Rattus norvegicus,46.29,72.64,Diseased,Stress_Condition
SMP_07955,Mus musculus,45.03,71.77,Healthy,Stress_Condition
SMP_07956,Rattus norvegicus,54.19,84.78,Healthy,Stress_Condition
SMP_07957,Danio rerio,24.35,146.87,Healthy,Control
SMP_07958,Danio rerio,65.56,95.27,Diseased,Drug_A
SMP_07959,Danio rerio,59.49,107.25,Healthy,Control
SMP_07960,Homo sapiens,31.36,108.2,Diseased,Stress_Condition
SMP_07961,Mus musculus,15.96,147.63,Healthy,Stress_Condition
SMP_07962,Rattus norvegicus,35.34,82.73,Healthy,Stress_Condition
SMP_07963,Homo sapiens,46.36,93.32,Diseased,Control
SMP_07964,Rattus norvegicus,88.7,96.81,Healthy,Stress_Condition
SMP_07965,Homo sapiens,58.15,134.1,Diseased,Drug_B
SMP_07966,Homo sapiens,22.89,140.32,Healthy,Drug_A
SMP_07967,Danio rerio,39.66,114.24,Healthy,Stress_Condition
SMP_07968,Danio rerio,49.2,136.99,Healthy,Drug_A
SMP_07969,Homo sapiens,53.81,105.33,Healthy,Control
SMP_07970,Danio rerio,30.28,94.82,Healthy,Stress_Condition
SMP_07971,Homo sapiens,47.98,135.36,Diseased,Drug_B
SMP_07972,Mus musculus,39.24,114.63,Healthy,Stress_Condition
SMP_07973,Danio rerio,33.44,77.93,Diseased,Drug_B
SMP_07974,Danio rerio,53.89,129.92,Healthy,Drug_B
SMP_07975,Danio rerio,61.61,93.75,Healthy,Drug_A
SMP_07976,Mus musculus,62.62,90.08,Healthy,Drug_A
SMP_07977,Homo sapiens,58.62,126.79,Diseased,Control
SMP_07978,Rattus norvegicus,42.54,97.34,Healthy,Drug_B
SMP_07979,Danio rerio,60.72,111.67,Healthy,Drug_B
SMP_07980,Homo sapiens,54.64,119.86,Healthy,Drug_A
SMP_07981,Mus musculus,52.01,76.51,Healthy,Control
SMP_07982,Rattus norvegicus,40.82,111.55,Healthy,Drug_A
SMP_07983,Danio rerio,42.55,140.48,Healthy,Drug_A
SMP_07984,Mus musculus,51.11,71.31,Healthy,Control
SMP_07985,Mus musculus,86.6,113.5,Healthy,Drug_B
SMP_07986,Rattus norvegicus,54.52,75.12,Diseased,Drug_B
SMP_07987,Homo sapiens,40.83,130.64,Diseased,Control
SMP_07988,Danio rerio,37.51,130.36,Diseased,Drug_B
SMP_07989,Danio rerio,42.62,89.37,Healthy,Control
SMP_07990,Homo sapiens,82.66,166.29,Healthy,Control
SMP_07991,Homo sapiens,44.01,133.2,Diseased,Drug_A
SMP_07992,Homo sapiens,63.6,121.21,Healthy,Drug_B
SMP_07993,Rattus norvegicus,44.36,119.52,Healthy,Drug_B
SMP_07994,Rattus norvegicus,53.92,129.52,Diseased,Control
SMP_07995,Danio rerio,61.88,70.13,Diseased,Drug_A
SMP_07996,Rattus norvegicus,41.42,105.84,Diseased,Drug_A
SMP_07997,Mus musculus,40.38,111.5,Diseased,Drug_B
SMP_07998,Danio rerio,74.88,88.0,Diseased,Stress_Condition
SMP_07999,Rattus norvegicus,64.77,113.94,Diseased,Control
SMP_08000,Homo sapiens,61.86,136.95,Healthy,Drug_B
SMP_08001,Mus musculus,61.81,87.35,Diseased,Drug_B
SMP_08002,Homo sapiens,56.89,98.37,Diseased,Stress_Condition
SMP_08003,Danio rerio,80.27,75.38,Healthy,Stress_Condition
SMP_08004,Homo sapiens,50.66,46.39,Healthy,Drug_A
SMP_08005,Rattus norvegicus,58.66,123.37,Healthy,Drug_A
SMP_08006,Rattus norvegicus,28.24,99.23,Diseased,Drug_A
SMP_08007,Danio rerio,37.63,101.43,Healthy,Drug_A
SMP_08008,Homo sapiens,31.99,70.4,Healthy,Control
SMP_08009,Danio rerio,69.11,94.43,Healthy,Stress_Condition
SMP_08010,Homo sapiens,11.71,132.9,Diseased,Drug_B
SMP_08011,Mus musculus,43.97,100.02,Diseased,Drug_A
SMP_08012,Rattus norvegicus,5.09,100.88,Healthy,Drug_B
SMP_08013,Danio rerio,37.53,106.23,Healthy,Control
SMP_08014,Mus musculus,42.64,62.91,Healthy,Drug_A
SMP_08015,Mus musculus,70.77,118.75,Healthy,Control
SMP_08016,Danio rerio,55.95,62.34,Healthy,Drug_A
SMP_08017,Danio rerio,37.5,71.81,Healthy,Drug_B
SMP_08018,Mus musculus,65.99,68.52,Healthy,Control
SMP_08019,Homo sapiens,50.27,94.74,Healthy,Drug_A
SMP_08020,Mus musculus,50.56,89.43,Healthy,Drug_B
SMP_08021,Danio rerio,31.96,99.96,Diseased,Drug_B
SMP_08022,Mus musculus,35.15,72.84,Healthy,Drug_B
SMP_08023,Homo sapiens,37.62,130.16,Healthy,Drug_A
SMP_08024,Rattus norvegicus,50.7,125.02,Healthy,Drug_B
SMP_08025,Rattus norvegicus,51.17,94.79,Healthy,Drug_B
SMP_08026,Mus musculus,73.16,85.65,Healthy,Drug_A
SMP_08027,Homo sapiens,55.78,82.62,Healthy,Control
SMP_08028,Rattus norvegicus,9.39,90.7,Diseased,Drug_B
SMP_08029,Mus musculus,53.94,57.99,Healthy,Drug_A
SMP_08030,Mus musculus,28.25,71.21,Healthy,Control
SMP_08031,Homo sapiens,35.51,125.8,Diseased,Drug_B
SMP_08032,Danio rerio,37.82,109.05,Healthy,Drug_A
SMP_08033,Mus musculus,40.05,149.03,Diseased,Stress_Condition
SMP_08034,Danio rerio,29.37,91.02,Healthy,Drug_A
SMP_08035,Danio rerio,53.05,89.15,Healthy,Drug_B
SMP_08036,Rattus norvegicus,28.84,87.76,Healthy,Control
SMP_08037,Danio rerio,55.35,90.43,Healthy,Control
SMP_08038,Homo sapiens,83.55,80.2,Diseased,Control
SMP_08039,Rattus norvegicus,30.06,108.13,Healthy,Drug_B
SMP_08040,Rattus norvegicus,45.73,100.87,Healthy,Drug_B
SMP_08041,Rattus norvegicus,12.15,84.7,Diseased,Control
SMP_08042,Mus musculus,45.49,137.53,Healthy,Control
SMP_08043,Mus musculus,59.64,156.9,Diseased,Control
SMP_08044,Danio rerio,60.81,135.0,Healthy,Control
SMP_08045,Rattus norvegicus,51.16,116.74,Diseased,Drug_A
SMP_08046,Rattus norvegicus,63.34,122.85,Diseased,Drug_B
SMP_08047,Homo sapiens,88.19,155.69,Healthy,Stress_Condition
SMP_08048,Danio rerio,75.68,122.81,Healthy,Control
SMP_08049,Homo sapiens,42.16,82.44,Healthy,Drug_A
SMP_08050,Danio rerio,28.23,111.77,Healthy,Stress_Condition
SMP_08051,Danio rerio,43.91,118.79,Healthy,Stress_Condition
SMP_08052,Mus musculus,35.8,70.16,Diseased,Control
SMP_08053,Mus musculus,56.77,91.45,Healthy,Control
SMP_08054,Homo sapiens,32.28,133.01,Healthy,Drug_A
SMP_08055,Danio rerio,48.91,45.3,Healthy,Control
SMP_08056,Rattus norvegicus,62.57,62.49,Healthy,Stress_Condition
SMP_08057,Mus musculus,48.49,94.71,Healthy,Control
SMP_08058,Rattus norvegicus,35.81,110.61,Healthy,Drug_A
SMP_08059,Homo sapiens,67.62,59.27,Healthy,Drug_A
SMP_08060,Mus musculus,21.82,96.2,Healthy,Drug_A
SMP_08061,Mus musculus,45.08,134.61,Diseased,Drug_A
SMP_08062,Danio rerio,49.38,102.06,Diseased,Drug_A
SMP_08063,Homo sapiens,50.24,128.17,Healthy,Control
SMP_08064,Danio rerio,52.71,82.24,Diseased,Drug_B
SMP_08065,Mus musculus,59.16,75.7,Healthy,Drug_A
SMP_08066,Homo sapiens,49.47,125.47,Diseased,Drug_B
SMP_08067,Mus musculus,44.48,111.08,Healthy,Control
SMP_08068,Homo sapiens,43.89,64.43,Diseased,Drug_A
SMP_08069,Mus musculus,40.83,75.97,Diseased,Drug_B
SMP_08070,Rattus norvegicus,61.81,146.94,Diseased,Drug_B
SMP_08071,Rattus norvegicus,40.3,72.26,Diseased,Stress_Condition
SMP_08072,Danio rerio,62.7,128.03,Healthy,Drug_B
SMP_08073,Rattus norvegicus,50.28,85.65,Healthy,Stress_Condition
SMP_08074,Mus musculus,42.18,99.9,Diseased,Stress_Condition
SMP_08075,Mus musculus,59.28,108.84,Healthy,Drug_B
SMP_08076,Rattus norvegicus,39.09,36.97,Healthy,Stress_Condition
SMP_08077,Danio rerio,59.57,56.12,Healthy,Drug_B
SMP_08078,Rattus norvegicus,53.19,102.59,Diseased,Stress_Condition
SMP_08079,Homo sapiens,41.06,78.27,Healthy,Drug_A
SMP_08080,Homo sapiens,57.93,129.9,Diseased,Drug_A
SMP_08081,Homo sapiens,58.2,51.82,Diseased,Drug_A
SMP_08082,Rattus norvegicus,67.36,116.96,Healthy,Drug_B
SMP_08083,Rattus norvegicus,64.49,58.71,Healthy,Drug_B
SMP_08084,Rattus norvegicus,57.37,89.44,Diseased,Control
SMP_08085,Homo sapiens,33.09,68.07,Diseased,Drug_B
SMP_08086,Danio rerio,86.73,157.07,Healthy,Control
SMP_08087,Mus musculus,28.95,59.82,Healthy,Control
SMP_08088,Rattus norvegicus,64.24,96.34,Healthy,Drug_A
SMP_08089,Danio rerio,56.47,48.19,Healthy,Drug_B
SMP_08090,Mus musculus,32.39,147.99,Healthy,Drug_B
SMP_08091,Mus musculus,48.14,112.04,Diseased,Control
SMP_08092,Mus musculus,48.82,104.11,Diseased,Control
SMP_08093,Danio rerio,69.58,144.23,Diseased,Drug_B
SMP_08094,Danio rerio,39.3,104.42,Healthy,Control
SMP_08095,Homo sapiens,46.07,106.59,Healthy,Drug_B
SMP_08096,Danio rerio,14.96,103.95,Healthy,Drug_B
SMP_08097,Danio rerio,76.02,116.91,Diseased,Stress_Condition
SMP_08098,Danio rerio,33.94,85.23,Healthy,Control
SMP_08099,Mus musculus,54.9,93.57,Diseased,Drug_A
SMP_08100,Rattus norvegicus,48.48,124.31,Diseased,Drug_B
SMP_08101,Homo sapiens,48.53,108.32,Diseased,Control
SMP_08102,Rattus norvegicus,62.15,96.57,Healthy,Control
SMP_08103,Rattus norvegicus,75.07,57.98,Diseased,Control
SMP_08104,Danio rerio,53.77,144.94,Healthy,Drug_B
SMP_08105,Homo sapiens,59.83,80.16,Diseased,Drug_B
SMP_08106,Rattus norvegicus,54.93,129.62,Healthy,Drug_B
SMP_08107,Rattus norvegicus,65.26,105.27,Healthy,Control
SMP_08108,Homo sapiens,43.06,61.2,Healthy,Drug_A
SMP_08109,Danio rerio,66.13,137.57,Healthy,Stress_Condition
SMP_08110,Rattus norvegicus,66.66,107.64,Diseased,Drug_A
SMP_08111,Mus musculus,66.24,140.06,Healthy,Drug_B
SMP_08112,Rattus norvegicus,40.1,94.53,Diseased,Drug_B
SMP_08113,Mus musculus,47.47,121.12,Healthy,Drug_B
SMP_08114,Danio rerio,53.59,47.12,Healthy,Drug_A
SMP_08115,Rattus norvegicus,29.44,84.99,Healthy,Drug_A
SMP_08116,Homo sapiens,73.92,61.81,Healthy,Drug_B
SMP_08117,Homo sapiens,49.82,88.76,Diseased,Stress_Condition
SMP_08118,Rattus norvegicus,54.26,114.15,Healthy,Stress_Condition
SMP_08119,Danio rerio,41.34,81.86,Diseased,Control
SMP_08120,Danio rerio,30.1,125.92,Healthy,Drug_A
SMP_08121,Homo sapiens,40.94,74.3,Healthy,Stress_Condition
SMP_08122,Rattus norvegicus,53.29,126.56,Healthy,Drug_B
SMP_08123,Danio rerio,60.1,139.29,Diseased,Drug_A
SMP_08124,Homo sapiens,52.43,130.41,Diseased,Control
SMP_08125,Mus musculus,55.2,89.67,Healthy,Control
SMP_08126,Rattus norvegicus,44.94,36.24,Healthy,Drug_A
SMP_08127,Mus musculus,57.44,117.47,Diseased,Drug_B
SMP_08128,Mus musculus,72.24,96.24,Diseased,Stress_Condition
SMP_08129,Danio rerio,60.57,70.65,Healthy,Drug_A
SMP_08130,Danio rerio,62.14,83.31,Diseased,Drug_B
SMP_08131,Danio rerio,54.41,143.03,Healthy,Drug_A
SMP_08132,Rattus norvegicus,27.45,65.88,Healthy,Control
SMP_08133,Mus musculus,34.33,114.05,Diseased,Drug_A
SMP_08134,Rattus norvegicus,56.82,106.54,Diseased,Drug_B
SMP_08135,Danio rerio,49.84,89.28,Diseased,Drug_B
SMP_08136,Mus musculus,56.6,119.34,Healthy,Control
SMP_08137,Rattus norvegicus,75.15,148.97,Healthy,Drug_B
SMP_08138,Rattus norvegicus,60.89,91.12,Diseased,Drug_B
SMP_08139,Homo sapiens,68.88,92.7,Diseased,Control
SMP_08140,Rattus norvegicus,51.42,118.66,Diseased,Drug_B
SMP_08141,Danio rerio,37.89,127.55,Healthy,Drug_B
SMP_08142,Rattus norvegicus,49.13,96.17,Healthy,Drug_A
SMP_08143,Mus musculus,37.93,90.84,Healthy,Drug_A
SMP_08144,Rattus norvegicus,73.37,33.47,Healthy,Drug_A
SMP_08145,Homo sapiens,61.86,76.66,Healthy,Drug_A
SMP_08146,Mus musculus,57.81,65.82,Healthy,Stress_Condition
SMP_08147,Mus musculus,68.54,120.54,Diseased,Drug_A
SMP_08148,Homo sapiens,19.7,92.68,Diseased,Drug_A
SMP_08149,Danio rerio,58.82,91.51,Diseased,Drug_A
SMP_08150,Mus musculus,30.34,99.73,Diseased,Control
SMP_08151,Danio rerio,49.89,73.89,Healthy,Drug_A
SMP_08152,Mus musculus,45.32,146.6,Diseased,Stress_Condition
SMP_08153,Mus musculus,59.93,138.95,Diseased,Stress_Condition
SMP_08154,Danio rerio,53.42,148.54,Diseased,Stress_Condition
SMP_08155,Mus musculus,70.18,120.5,Healthy,Drug_B
SMP_08156,Danio rerio,40.97,99.12,Healthy,Control
SMP_08157,Homo sapiens,60.64,148.44,Diseased,Drug_A
SMP_08158,Danio rerio,52.43,79.57,Diseased,Drug_A
SMP_08159,Homo sapiens,25.47,73.86,Diseased,Drug_B
SMP_08160,Mus musculus,36.22,81.95,Diseased,Control
SMP_08161,Danio rerio,47.75,115.69,Healthy,Drug_B
SMP_08162,Mus musculus,66.68,77.14,Diseased,Stress_Condition
SMP_08163,Danio rerio,56.96,95.34,Diseased,Drug_B
SMP_08164,Homo sapiens,32.49,51.94,Diseased,Control
SMP_08165,Homo sapiens,47.9,114.43,Diseased,Drug_B
SMP_08166,Danio rerio,80.27,54.49,Healthy,Control
SMP_08167,Homo sapiens,51.67,72.04,Diseased,Drug_B
SMP_08168,Mus musculus,45.09,136.52,Healthy,Control
SMP_08169,Mus musculus,57.38,135.41,Diseased,Drug_A
SMP_08170,Rattus norvegicus,61.45,111.23,Diseased,Stress_Condition
SMP_08171,Homo sapiens,43.16,108.27,Diseased,Control
SMP_08172,Mus musculus,57.54,84.07,Diseased,Drug_B
SMP_08173,Danio rerio,45.07,76.81,Healthy,Drug_B
SMP_08174,Homo sapiens,60.79,89.13,Healthy,Stress_Condition
SMP_08175,Mus musculus,52.55,54.59,Diseased,Drug_A
SMP_08176,Homo sapiens,57.23,107.57,Healthy,Drug_A
SMP_08177,Danio rerio,38.61,101.46,Healthy,Drug_A
SMP_08178,Mus musculus,37.68,72.0,Diseased,Control
SMP_08179,Rattus norvegicus,64.18,147.06,Healthy,Stress_Condition
SMP_08180,Rattus norvegicus,48.81,118.21,Healthy,Control
SMP_08181,Homo sapiens,54.28,120.76,Healthy,Control
SMP_08182,Danio rerio,45.4,85.38,Healthy,Control
SMP_08183,Mus musculus,63.48,99.96,Healthy,Control
SMP_08184,Danio rerio,40.88,118.82,Healthy,Drug_B
SMP_08185,Mus musculus,47.97,104.58,Diseased,Drug_B
SMP_08186,Homo sapiens,61.79,148.06,Healthy,Drug_B
SMP_08187,Mus musculus,67.59,93.89,Healthy,Control
SMP_08188,Danio rerio,42.14,84.86,Healthy,Drug_A
SMP_08189,Danio rerio,79.4,119.03,Diseased,Drug_B
SMP_08190,Homo sapiens,54.7,62.06,Healthy,Stress_Condition
SMP_08191,Danio rerio,34.36,127.73,Healthy,Drug_B
SMP_08192,Mus musculus,55.54,60.98,Diseased,Control
SMP_08193,Homo sapiens,44.26,119.16,Healthy,Control
SMP_08194,Mus musculus,56.51,80.55,Healthy,Control
SMP_08195,Danio rerio,49.36,114.3,Diseased,Drug_B
SMP_08196,Homo sapiens,51.11,127.22,Healthy,Drug_A
SMP_08197,Mus musculus,36.33,104.6,Healthy,Control
SMP_08198,Danio rerio,64.85,64.01,Healthy,Stress_Condition
SMP_08199,Danio rerio,32.66,73.1,Diseased,Control
SMP_08200,Rattus norvegicus,33.37,78.14,Diseased,Drug_A
SMP_08201,Danio rerio,55.51,43.15,Healthy,Drug_A
SMP_08202,Mus musculus,74.04,133.82,Healthy,Drug_A
SMP_08203,Homo sapiens,44.71,103.3,Healthy,Control
SMP_08204,Rattus norvegicus,60.51,65.93,Diseased,Stress_Condition
SMP_08205,Danio rerio,66.1,143.67,Healthy,Stress_Condition
SMP_08206,Danio rerio,62.22,78.96,Healthy,Control
SMP_08207,Danio rerio,45.33,107.52,Diseased,Drug_B
SMP_08208,Mus musculus,33.63,75.24,Healthy,Drug_B
SMP_08209,Rattus norvegicus,16.89,39.45,Healthy,Stress_Condition
SMP_08210,Mus musculus,46.06,59.07,Diseased,Drug_B
SMP_08211,Rattus norvegicus,67.67,86.55,Diseased,Drug_B
SMP_08212,Homo sapiens,33.14,126.95,Diseased,Stress_Condition
SMP_08213,Mus musculus,60.5,110.4,Diseased,Drug_B
SMP_08214,Mus musculus,35.75,104.21,Healthy,Drug_B
SMP_08215,Homo sapiens,51.59,39.7,Healthy,Control
SMP_08216,Rattus norvegicus,60.62,138.1,Healthy,Drug_B
SMP_08217,Danio rerio,40.11,106.71,Healthy,Stress_Condition
SMP_08218,Homo sapiens,52.56,96.42,Healthy,Control
SMP_08219,Danio rerio,43.77,133.97,Healthy,Stress_Condition
SMP_08220,Danio rerio,60.58,137.42,Healthy,Control
SMP_08221,Homo sapiens,53.53,134.64,Healthy,Stress_Condition
SMP_08222,Rattus norvegicus,50.85,92.59,Healthy,Drug_A
SMP_08223,Danio rerio,73.38,69.9,Healthy,Control
SMP_08224,Homo sapiens,59.93,129.67,Diseased,Control
SMP_08225,Mus musculus,39.64,59.05,Healthy,Control
SMP_08226,Mus musculus,48.71,158.42,Healthy,Stress_Condition
SMP_08227,Mus musculus,48.86,100.84,Diseased,Drug_A
SMP_08228,Homo sapiens,51.2,68.17,Diseased,Control
SMP_08229,Mus musculus,87.87,63.04,Healthy,Drug_A
SMP_08230,Danio rerio,55.56,61.67,Healthy,Drug_B
SMP_08231,Mus musculus,19.46,104.21,Diseased,Control
SMP_08232,Mus musculus,41.86,99.81,Healthy,Drug_B
SMP_08233,Danio rerio,21.01,62.92,Healthy,Control
SMP_08234,Mus musculus,45.05,89.31,Diseased,Drug_A
SMP_08235,Danio rerio,20.19,58.96,Healthy,Drug_B
SMP_08236,Mus musculus,36.93,117.68,Healthy,Stress_Condition
SMP_08237,Danio rerio,27.19,98.36,Healthy,Control
SMP_08238,Mus musculus,55.76,88.65,Healthy,Control
SMP_08239,Danio rerio,50.01,61.36,Diseased,Drug_A
SMP_08240,Homo sapiens,54.54,91.0,Healthy,Stress_Condition
SMP_08241,Danio rerio,48.43,87.56,Healthy,Control
SMP_08242,Mus musculus,29.09,109.53,Diseased,Drug_B
SMP_08243,Mus musculus,57.7,105.01,Healthy,Stress_Condition
SMP_08244,Rattus norvegicus,78.83,123.76,Healthy,Stress_Condition
SMP_08245,Danio rerio,56.14,85.46,Healthy,Drug_A
SMP_08246,Homo sapiens,43.61,44.19,Healthy,Drug_B
SMP_08247,Danio rerio,28.58,129.73,Diseased,Drug_B
SMP_08248,Danio rerio,36.38,71.92,Healthy,Control
SMP_08249,Homo sapiens,56.8,66.79,Healthy,Control
SMP_08250,Danio rerio,66.1,98.71,Diseased,Stress_Condition
SMP_08251,Homo sapiens,53.91,109.07,Healthy,Stress_Condition
SMP_08252,Homo sapiens,62.0,84.07,Healthy,Drug_A
SMP_08253,Danio rerio,60.62,83.84,Healthy,Stress_Condition
SMP_08254,Danio rerio,57.6,88.27,Healthy,Drug_A
SMP_08255,Mus musculus,40.12,142.5,Healthy,Drug_A
SMP_08256,Mus musculus,52.61,99.92,Healthy,Drug_B
SMP_08257,Rattus norvegicus,37.27,70.96,Healthy,Drug_B
SMP_08258,Rattus norvegicus,50.26,71.27,Healthy,Stress_Condition
SMP_08259,Danio rerio,54.96,92.47,Healthy,Stress_Condition
SMP_08260,Homo sapiens,75.18,107.14,Diseased,Drug_B
SMP_08261,Rattus norvegicus,30.35,114.52,Diseased,Stress_Condition
SMP_08262,Danio rerio,57.22,103.72,Healthy,Drug_B
SMP_08263,Rattus norvegicus,72.22,74.74,Diseased,Control
SMP_08264,Homo sapiens,61.38,87.28,Diseased,Stress_Condition
SMP_08265,Danio rerio,62.49,122.02,Diseased,Drug_A
SMP_08266,Homo sapiens,58.82,65.62,Healthy,Control
SMP_08267,Danio rerio,69.48,86.03,Diseased,Control
SMP_08268,Rattus norvegicus,33.69,117.92,Diseased,Stress_Condition
SMP_08269,Mus musculus,29.21,126.26,Healthy,Drug_B
SMP_08270,Rattus norvegicus,49.9,94.21,Diseased,Drug_A
SMP_08271,Rattus norvegicus,17.58,87.66,Diseased,Drug_B
SMP_08272,Mus musculus,68.46,60.34,Healthy,Stress_Condition
SMP_08273,Mus musculus,68.31,115.77,Healthy,Drug_B
SMP_08274,Danio rerio,43.5,139.56,Healthy,Stress_Condition
SMP_08275,Danio rerio,44.44,176.95,Healthy,Stress_Condition
SMP_08276,Homo sapiens,48.91,111.59,Healthy,Drug_A
SMP_08277,Homo sapiens,50.78,98.47,Healthy,Stress_Condition
SMP_08278,Rattus norvegicus,51.91,72.41,Diseased,Drug_A
SMP_08279,Mus musculus,58.37,43.63,Diseased,Control
SMP_08280,Homo sapiens,47.41,105.31,Healthy,Drug_B
SMP_08281,Rattus norvegicus,64.15,170.51,Healthy,Stress_Condition
SMP_08282,Mus musculus,56.69,138.12,Healthy,Drug_B
SMP_08283,Danio rerio,40.9,133.5,Diseased,Drug_B
SMP_08284,Rattus norvegicus,70.03,107.37,Healthy,Drug_A
SMP_08285,Danio rerio,29.63,110.79,Diseased,Drug_B
SMP_08286,Homo sapiens,48.62,27.29,Healthy,Drug_B
SMP_08287,Homo sapiens,64.5,122.88,Healthy,Drug_B
SMP_08288,Mus musculus,39.15,82.62,Healthy,Stress_Condition
SMP_08289,Rattus norvegicus,54.64,78.95,Healthy,Drug_B
SMP_08290,Danio rerio,58.15,90.3,Diseased,Control
SMP_08291,Mus musculus,37.09,89.29,Healthy,Drug_A
SMP_08292,Homo sapiens,48.91,78.47,Healthy,Control
SMP_08293,Homo sapiens,47.65,100.42,Diseased,Drug_A
SMP_08294,Rattus norvegicus,41.72,83.25,Healthy,Drug_B
SMP_08295,Danio rerio,84.53,103.01,Healthy,Drug_A
SMP_08296,Rattus norvegicus,38.55,55.38,Diseased,Stress_Condition
SMP_08297,Danio rerio,65.07,93.58,Healthy,Stress_Condition
SMP_08298,Danio rerio,44.11,67.11,Diseased,Control
SMP_08299,Rattus norvegicus,33.7,80.76,Diseased,Stress_Condition
SMP_08300,Mus musculus,51.54,104.3,Healthy,Drug_B
SMP_08301,Rattus norvegicus,59.74,51.88,Healthy,Control
SMP_08302,Rattus norvegicus,63.81,75.33,Healthy,Control
SMP_08303,Homo sapiens,73.43,117.07,Healthy,Control
SMP_08304,Homo sapiens,94.18,57.6,Diseased,Stress_Condition
SMP_08305,Rattus norvegicus,53.76,153.34,Healthy,Drug_A
SMP_08306,Rattus norvegicus,40.05,136.13,Healthy,Stress_Condition
SMP_08307,Homo sapiens,56.79,85.16,Healthy,Control
SMP_08308,Danio rerio,46.01,76.38,Healthy,Drug_A
SMP_08309,Rattus norvegicus,63.89,106.06,Diseased,Control
SMP_08310,Mus musculus,30.54,56.58,Diseased,Control
SMP_08311,Mus musculus,85.53,39.94,Diseased,Drug_A
SMP_08312,Mus musculus,62.84,86.22,Diseased,Drug_A
SMP_08313,Rattus norvegicus,24.74,95.98,Healthy,Control
SMP_08314,Danio rerio,39.36,102.83,Healthy,Control
SMP_08315,Danio rerio,62.24,81.56,Healthy,Stress_Condition
SMP_08316,Homo sapiens,67.65,138.22,Diseased,Stress_Condition
SMP_08317,Rattus norvegicus,30.92,55.15,Healthy,Stress_Condition
SMP_08318,Danio rerio,60.7,65.85,Diseased,Drug_B
SMP_08319,Rattus norvegicus,20.79,114.6,Diseased,Control
SMP_08320,Homo sapiens,48.66,65.15,Diseased,Stress_Condition
SMP_08321,Homo sapiens,66.68,63.99,Healthy,Control
SMP_08322,Homo sapiens,41.73,103.7,Healthy,Drug_B
SMP_08323,Mus musculus,27.4,68.39,Healthy,Stress_Condition
SMP_08324,Rattus norvegicus,52.19,96.01,Healthy,Stress_Condition
SMP_08325,Homo sapiens,40.93,79.0,Diseased,Control
SMP_08326,Rattus norvegicus,59.44,74.15,Diseased,Control
SMP_08327,Mus musculus,36.72,36.93,Diseased,Drug_A
SMP_08328,Mus musculus,38.41,104.19,Healthy,Drug_A
SMP_08329,Homo sapiens,19.68,62.58,Healthy,Stress_Condition
SMP_08330,Homo sapiens,52.55,94.95,Diseased,Drug_A
SMP_08331,Danio rerio,47.59,84.64,Healthy,Stress_Condition
SMP_08332,Rattus norvegicus,32.17,93.8,Diseased,Control
SMP_08333,Homo sapiens,52.91,95.51,Diseased,Drug_A
SMP_08334,Danio rerio,65.41,105.81,Healthy,Stress_Condition
SMP_08335,Rattus norvegicus,46.77,78.17,Diseased,Control
SMP_08336,Homo sapiens,54.02,137.28,Diseased,Stress_Condition
SMP_08337,Danio rerio,54.1,44.58,Healthy,Drug_B
SMP_08338,Danio rerio,31.94,93.2,Healthy,Drug_A
SMP_08339,Rattus norvegicus,80.85,125.09,Healthy,Drug_B
SMP_08340,Danio rerio,42.94,114.3,Healthy,Control
SMP_08341,Rattus norvegicus,59.84,70.75,Diseased,Stress_Condition
SMP_08342,Rattus norvegicus,61.54,75.75,Healthy,Stress_Condition
SMP_08343,Rattus norvegicus,47.91,69.8,Diseased,Control
SMP_08344,Mus musculus,59.1,117.98,Healthy,Drug_B
SMP_08345,Danio rerio,53.69,77.8,Diseased,Stress_Condition
SMP_08346,Rattus norvegicus,28.74,107.65,Diseased,Drug_B
SMP_08347,Homo sapiens,45.02,107.93,Diseased,Drug_B
SMP_08348,Mus musculus,40.81,171.05,Healthy,Drug_B
SMP_08349,Mus musculus,43.07,109.4,Healthy,Drug_A
SMP_08350,Danio rerio,30.44,75.67,Healthy,Drug_B
SMP_08351,Rattus norvegicus,66.9,56.2,Healthy,Drug_A
SMP_08352,Danio rerio,74.03,91.72,Healthy,Drug_B
SMP_08353,Mus musculus,64.67,96.43,Diseased,Drug_B
SMP_08354,Rattus norvegicus,69.06,33.68,Healthy,Drug_A
SMP_08355,Homo sapiens,44.83,78.58,Healthy,Stress_Condition
SMP_08356,Rattus norvegicus,40.46,108.92,Healthy,Stress_Condition
SMP_08357,Mus musculus,38.32,84.03,Diseased,Control
SMP_08358,Homo sapiens,59.66,129.06,Healthy,Control
SMP_08359,Rattus norvegicus,53.41,53.25,Healthy,Stress_Condition
SMP_08360,Homo sapiens,48.84,120.31,Diseased,Control
SMP_08361,Homo sapiens,69.43,127.42,Healthy,Stress_Condition
SMP_08362,Mus musculus,56.07,128.69,Diseased,Control
SMP_08363,Homo sapiens,37.42,53.02,Diseased,Stress_Condition
SMP_08364,Danio rerio,39.79,109.44,Healthy,Drug_A
SMP_08365,Mus musculus,60.23,79.94,Healthy,Control
SMP_08366,Danio rerio,65.63,57.82,Diseased,Drug_A
SMP_08367,Homo sapiens,58.28,87.58,Healthy,Drug_A
SMP_08368,Danio rerio,78.45,72.85,Healthy,Drug_A
SMP_08369,Rattus norvegicus,74.53,127.62,Healthy,Drug_A
SMP_08370,Homo sapiens,56.62,115.39,Healthy,Drug_A
SMP_08371,Rattus norvegicus,37.42,65.43,Healthy,Drug_B
SMP_08372,Danio rerio,30.35,78.27,Diseased,Drug_A
SMP_08373,Rattus norvegicus,44.19,88.58,Diseased,Control
SMP_08374,Homo sapiens,61.3,97.83,Healthy,Drug_A
SMP_08375,Rattus norvegicus,77.4,130.19,Healthy,Control
SMP_08376,Danio rerio,56.26,120.72,Healthy,Drug_A
SMP_08377,Danio rerio,67.53,101.54,Diseased,Control
SMP_08378,Danio rerio,46.32,92.18,Healthy,Drug_A
SMP_08379,Homo sapiens,59.34,46.8,Healthy,Stress_Condition
SMP_08380,Danio rerio,62.35,138.76,Diseased,Drug_B
SMP_08381,Homo sapiens,20.31,86.59,Healthy,Control
SMP_08382,Rattus norvegicus,43.8,146.65,Healthy,Control
SMP_08383,Danio rerio,64.25,105.88,Healthy,Drug_A
SMP_08384,Rattus norvegicus,54.12,160.76,Diseased,Control
SMP_08385,Mus musculus,32.05,118.19,Diseased,Drug_A
SMP_08386,Rattus norvegicus,13.55,57.04,Diseased,Drug_B
SMP_08387,Mus musculus,44.51,81.57,Healthy,Stress_Condition
SMP_08388,Rattus norvegicus,48.93,94.93,Healthy,Stress_Condition
SMP_08389,Homo sapiens,36.74,73.79,Diseased,Drug_B
SMP_08390,Rattus norvegicus,52.15,88.69,Diseased,Drug_A
SMP_08391,Homo sapiens,57.6,58.99,Healthy,Drug_A
SMP_08392,Homo sapiens,60.06,100.17,Healthy,Drug_B
SMP_08393,Danio rerio,14.66,107.12,Diseased,Control
SMP_08394,Homo sapiens,30.29,69.88,Healthy,Control
SMP_08395,Mus musculus,45.43,158.21,Healthy,Control
SMP_08396,Danio rerio,58.58,101.91,Healthy,Drug_B
SMP_08397,Danio rerio,57.34,75.5,Diseased,Stress_Condition
SMP_08398,Rattus norvegicus,57.08,51.11,Diseased,Stress_Condition
SMP_08399,Homo sapiens,44.25,101.8,Healthy,Stress_Condition
SMP_08400,Homo sapiens,45.09,92.19,Diseased,Drug_A
SMP_08401,Mus musculus,39.08,123.49,Healthy,Drug_B
SMP_08402,Rattus norvegicus,61.52,95.7,Healthy,Control
SMP_08403,Rattus norvegicus,36.19,64.19,Healthy,Stress_Condition
SMP_08404,Danio rerio,62.75,150.12,Healthy,Stress_Condition
SMP_08405,Danio rerio,53.12,113.07,Diseased,Stress_Condition
SMP_08406,Danio rerio,49.32,92.38,Healthy,Drug_A
SMP_08407,Mus musculus,40.15,104.94,Healthy,Drug_A
SMP_08408,Mus musculus,29.67,114.22,Diseased,Control
SMP_08409,Danio rerio,40.29,57.13,Healthy,Stress_Condition
SMP_08410,Rattus norvegicus,45.05,104.73,Healthy,Stress_Condition
SMP_08411,Mus musculus,14.46,86.5,Healthy,Stress_Condition
SMP_08412,Rattus norvegicus,47.04,115.22,Diseased,Drug_A
SMP_08413,Rattus norvegicus,63.87,77.79,Healthy,Control
SMP_08414,Homo sapiens,58.51,81.86,Healthy,Drug_B
SMP_08415,Danio rerio,42.56,149.89,Healthy,Drug_A
SMP_08416,Homo sapiens,50.7,136.93,Diseased,Stress_Condition
SMP_08417,Danio rerio,41.66,1.13,Diseased,Control
SMP_08418,Danio rerio,52.23,134.7,Healthy,Control
SMP_08419,Rattus norvegicus,73.1,97.79,Diseased,Drug_B
SMP_08420,Danio rerio,64.53,78.75,Diseased,Stress_Condition
SMP_08421,Rattus norvegicus,57.81,69.78,Diseased,Drug_A
SMP_08422,Rattus norvegicus,42.61,71.53,Diseased,Drug_A
SMP_08423,Danio rerio,61.25,79.6,Healthy,Drug_A
SMP_08424,Rattus norvegicus,24.7,66.19,Diseased,Stress_Condition
SMP_08425,Rattus norvegicus,46.21,59.36,Diseased,Stress_Condition
SMP_08426,Rattus norvegicus,58.76,68.79,Healthy,Stress_Condition
SMP_08427,Mus musculus,61.11,109.7,Healthy,Drug_A
SMP_08428,Rattus norvegicus,60.05,101.5,Healthy,Stress_Condition
SMP_08429,Mus musculus,54.42,116.68,Diseased,Stress_Condition
SMP_08430,Mus musculus,47.06,98.01,Diseased,Stress_Condition
SMP_08431,Rattus norvegicus,58.07,60.8,Healthy,Drug_B
SMP_08432,Rattus norvegicus,35.71,114.83,Diseased,Drug_B
SMP_08433,Mus musculus,37.33,69.86,Diseased,Stress_Condition
SMP_08434,Mus musculus,50.93,119.4,Diseased,Stress_Condition
SMP_08435,Rattus norvegicus,52.6,65.02,Healthy,Drug_A
SMP_08436,Rattus norvegicus,22.62,79.38,Healthy,Control
SMP_08437,Danio rerio,56.83,89.16,Diseased,Stress_Condition
SMP_08438,Mus musculus,61.59,120.23,Healthy,Drug_A
SMP_08439,Mus musculus,48.84,105.28,Healthy,Drug_A
SMP_08440,Danio rerio,85.62,100.6,Healthy,Control
SMP_08441,Mus musculus,39.76,156.57,Diseased,Drug_A
SMP_08442,Homo sapiens,44.58,44.89,Healthy,Control
SMP_08443,Mus musculus,44.07,68.85,Healthy,Stress_Condition
SMP_08444,Danio rerio,48.86,67.56,Healthy,Drug_B
SMP_08445,Homo sapiens,45.07,46.88,Healthy,Control
SMP_08446,Rattus norvegicus,28.9,78.41,Diseased,Stress_Condition
SMP_08447,Danio rerio,41.8,120.63,Healthy,Stress_Condition
SMP_08448,Danio rerio,48.54,82.25,Healthy,Drug_B
SMP_08449,Rattus norvegicus,68.43,90.01,Healthy,Drug_A
SMP_08450,Danio rerio,83.03,48.32,Healthy,Control
SMP_08451,Mus musculus,70.03,76.1,Diseased,Control
SMP_08452,Rattus norvegicus,38.37,86.15,Diseased,Drug_A
SMP_08453,Danio rerio,39.56,119.27,Healthy,Drug_B
SMP_08454,Rattus norvegicus,47.61,49.75,Healthy,Control
SMP_08455,Rattus norvegicus,76.77,86.35,Healthy,Control
SMP_08456,Rattus norvegicus,47.52,132.6,Healthy,Drug_A
SMP_08457,Homo sapiens,30.09,86.65,Diseased,Stress_Condition
SMP_08458,Danio rerio,42.48,36.53,Healthy,Drug_B
SMP_08459,Homo sapiens,61.36,138.38,Diseased,Stress_Condition
SMP_08460,Danio rerio,60.35,122.05,Diseased,Stress_Condition
SMP_08461,Mus musculus,47.0,126.08,Healthy,Drug_A
SMP_08462,Mus musculus,60.25,47.69,Diseased,Control
SMP_08463,Mus musculus,15.9,145.37,Diseased,Drug_A
SMP_08464,Danio rerio,51.56,76.8,Healthy,Stress_Condition
SMP_08465,Rattus norvegicus,62.91,84.72,Diseased,Drug_A
SMP_08466,Rattus norvegicus,37.51,78.92,Diseased,Drug_B
SMP_08467,Homo sapiens,37.45,128.41,Healthy,Stress_Condition
SMP_08468,Homo sapiens,22.0,94.61,Diseased,Stress_Condition
SMP_08469,Mus musculus,73.85,114.45,Diseased,Drug_B
SMP_08470,Homo sapiens,39.2,102.28,Healthy,Drug_A
SMP_08471,Danio rerio,53.62,97.15,Healthy,Drug_A
SMP_08472,Danio rerio,59.06,71.6,Diseased,Drug_A
SMP_08473,Homo sapiens,72.68,154.36,Healthy,Control
SMP_08474,Homo sapiens,47.69,56.1,Healthy,Stress_Condition
SMP_08475,Homo sapiens,41.91,112.37,Healthy,Drug_B
SMP_08476,Homo sapiens,52.6,111.3,Healthy,Stress_Condition
SMP_08477,Mus musculus,69.26,134.63,Diseased,Control
SMP_08478,Mus musculus,47.45,141.64,Healthy,Stress_Condition
SMP_08479,Homo sapiens,35.68,95.88,Healthy,Drug_B
SMP_08480,Danio rerio,26.89,115.91,Diseased,Drug_B
SMP_08481,Mus musculus,31.68,152.95,Diseased,Stress_Condition
SMP_08482,Danio rerio,62.97,98.04,Diseased,Control
SMP_08483,Rattus norvegicus,45.19,68.01,Healthy,Stress_Condition
SMP_08484,Danio rerio,40.89,88.47,Diseased,Control
SMP_08485,Homo sapiens,39.26,60.86,Diseased,Drug_A
SMP_08486,Rattus norvegicus,51.28,111.15,Healthy,Drug_B
SMP_08487,Mus musculus,46.41,131.93,Diseased,Stress_Condition
SMP_08488,Mus musculus,45.9,96.37,Healthy,Drug_B
SMP_08489,Rattus norvegicus,70.24,51.37,Healthy,Drug_B
SMP_08490,Danio rerio,73.07,130.65,Diseased,Stress_Condition
SMP_08491,Mus musculus,25.85,46.71,Healthy,Drug_A
SMP_08492,Homo sapiens,54.91,53.62,Diseased,Drug_B
SMP_08493,Rattus norvegicus,38.35,94.65,Healthy,Drug_B
SMP_08494,Homo sapiens,46.28,107.55,Diseased,Control
SMP_08495,Rattus norvegicus,54.64,112.67,Healthy,Control
SMP_08496,Mus musculus,46.81,98.02,Healthy,Drug_A
SMP_08497,Danio rerio,53.46,152.8,Healthy,Stress_Condition
SMP_08498,Rattus norvegicus,60.09,101.96,Healthy,Drug_B
SMP_08499,Rattus norvegicus,54.42,131.04,Diseased,Drug_A
SMP_08500,Homo sapiens,40.3,123.61,Diseased,Stress_Condition
SMP_08501,Mus musculus,40.56,61.21,Healthy,Control
SMP_08502,Homo sapiens,28.4,94.91,Healthy,Drug_B
SMP_08503,Mus musculus,37.19,163.7,Healthy,Drug_B
SMP_08504,Homo sapiens,79.43,84.87,Diseased,Stress_Condition
SMP_08505,Rattus norvegicus,38.12,79.76,Healthy,Drug_A
SMP_08506,Homo sapiens,32.1,105.12,Healthy,Drug_B
SMP_08507,Danio rerio,54.8,85.94,Healthy,Drug_B
SMP_08508,Mus musculus,48.34,76.19,Healthy,Control
SMP_08509,Mus musculus,47.07,85.5,Healthy,Drug_A
SMP_08510,Rattus norvegicus,71.14,142.96,Healthy,Control
SMP_08511,Mus musculus,58.24,95.9,Healthy,Stress_Condition
SMP_08512,Danio rerio,42.05,60.16,Healthy,Stress_Condition
SMP_08513,Homo sapiens,43.63,54.65,Healthy,Drug_A
SMP_08514,Rattus norvegicus,42.46,166.2,Healthy,Control
SMP_08515,Danio rerio,63.12,93.3,Healthy,Stress_Condition
SMP_08516,Mus musculus,45.38,113.04,Healthy,Drug_A
SMP_08517,Mus musculus,23.1,76.86,Diseased,Stress_Condition
SMP_08518,Danio rerio,49.28,109.63,Diseased,Drug_B
SMP_08519,Homo sapiens,26.94,143.78,Diseased,Drug_B
SMP_08520,Homo sapiens,82.76,80.43,Healthy,Drug_A
SMP_08521,Rattus norvegicus,35.51,113.76,Diseased,Stress_Condition
SMP_08522,Mus musculus,47.57,57.83,Healthy,Drug_A
SMP_08523,Danio rerio,53.87,160.69,Healthy,Drug_A
SMP_08524,Homo sapiens,45.67,108.06,Healthy,Drug_A
SMP_08525,Rattus norvegicus,45.65,87.62,Healthy,Drug_B
SMP_08526,Mus musculus,56.33,91.06,Healthy,Drug_A
SMP_08527,Mus musculus,72.89,84.7,Healthy,Drug_B
SMP_08528,Rattus norvegicus,61.51,86.23,Healthy,Drug_B
SMP_08529,Rattus norvegicus,72.18,26.58,Diseased,Stress_Condition
SMP_08530,Homo sapiens,34.3,97.06,Diseased,Drug_A
SMP_08531,Danio rerio,54.76,95.8,Diseased,Stress_Condition
SMP_08532,Mus musculus,52.33,114.66,Healthy,Drug_B
SMP_08533,Danio rerio,55.27,84.31,Diseased,Drug_A
SMP_08534,Mus musculus,70.64,76.87,Diseased,Drug_B
SMP_08535,Mus musculus,46.69,99.77,Diseased,Drug_A
SMP_08536,Danio rerio,43.92,51.63,Healthy,Drug_A
SMP_08537,Rattus norvegicus,58.01,104.3,Diseased,Control
SMP_08538,Homo sapiens,23.33,44.15,Healthy,Stress_Condition
SMP_08539,Mus musculus,46.45,133.62,Healthy,Control
SMP_08540,Rattus norvegicus,47.99,120.53,Healthy,Drug_A
SMP_08541,Mus musculus,36.19,72.21,Diseased,Control
SMP_08542,Homo sapiens,65.86,119.83,Healthy,Drug_B
SMP_08543,Mus musculus,34.07,103.35,Healthy,Drug_A
SMP_08544,Homo sapiens,47.96,69.73,Diseased,Drug_A
SMP_08545,Homo sapiens,54.4,39.31,Healthy,Drug_A
SMP_08546,Mus musculus,70.3,109.49,Diseased,Control
SMP_08547,Mus musculus,49.84,76.17,Diseased,Stress_Condition
SMP_08548,Homo sapiens,64.04,132.85,Healthy,Stress_Condition
SMP_08549,Rattus norvegicus,60.51,100.42,Healthy,Stress_Condition
SMP_08550,Danio rerio,51.85,79.01,Healthy,Control
SMP_08551,Homo sapiens,33.66,153.94,Diseased,Drug_B
SMP_08552,Mus musculus,28.48,117.29,Diseased,Control
SMP_08553,Mus musculus,51.6,9.65,Healthy,Stress_Condition
SMP_08554,Rattus norvegicus,41.86,85.41,Healthy,Control
SMP_08555,Danio rerio,63.79,58.48,Healthy,Drug_B
SMP_08556,Homo sapiens,61.19,76.01,Diseased,Drug_A
SMP_08557,Homo sapiens,47.23,95.66,Healthy,Drug_A
SMP_08558,Danio rerio,32.63,110.62,Healthy,Stress_Condition
SMP_08559,Homo sapiens,57.66,107.84,Diseased,Stress_Condition
SMP_08560,Danio rerio,34.73,132.34,Healthy,Drug_B
SMP_08561,Mus musculus,38.62,119.1,Healthy,Control
SMP_08562,Danio rerio,35.31,117.24,Diseased,Drug_B
SMP_08563,Homo sapiens,47.92,106.04,Healthy,Drug_B
SMP_08564,Danio rerio,67.55,138.6,Healthy,Drug_A
SMP_08565,Rattus norvegicus,49.92,90.51,Diseased,Control
SMP_08566,Mus musculus,43.35,91.29,Healthy,Drug_A
SMP_08567,Mus musculus,27.12,42.83,Diseased,Drug_A
SMP_08568,Danio rerio,58.28,131.68,Diseased,Drug_B
SMP_08569,Homo sapiens,38.29,97.69,Diseased,Drug_A
SMP_08570,Rattus norvegicus,51.76,188.01,Diseased,Stress_Condition
SMP_08571,Mus musculus,44.69,87.83,Diseased,Stress_Condition
SMP_08572,Mus musculus,62.57,102.66,Healthy,Drug_A
SMP_08573,Homo sapiens,47.64,116.4,Healthy,Drug_A
SMP_08574,Homo sapiens,49.12,66.94,Healthy,Control
SMP_08575,Rattus norvegicus,57.29,110.76,Diseased,Stress_Condition
SMP_08576,Danio rerio,81.6,101.04,Healthy,Control
SMP_08577,Homo sapiens,63.33,90.89,Healthy,Drug_A
SMP_08578,Danio rerio,48.67,135.18,Diseased,Stress_Condition
SMP_08579,Rattus norvegicus,50.05,72.89,Healthy,Drug_B
SMP_08580,Danio rerio,42.13,108.25,Diseased,Drug_B
SMP_08581,Mus musculus,35.75,143.64,Healthy,Drug_A
SMP_08582,Danio rerio,41.71,78.8,Healthy,Control
SMP_08583,Rattus norvegicus,38.42,91.09,Healthy,Drug_B
SMP_08584,Rattus norvegicus,59.8,170.36,Healthy,Drug_B
SMP_08585,Rattus norvegicus,33.93,114.23,Healthy,Stress_Condition
SMP_08586,Danio rerio,70.0,84.81,Healthy,Control
SMP_08587,Mus musculus,61.28,124.08,Healthy,Control
SMP_08588,Homo sapiens,50.31,82.96,Diseased,Drug_B
SMP_08589,Mus musculus,50.0,53.05,Healthy,Drug_A
SMP_08590,Danio rerio,41.64,141.17,Diseased,Drug_B
SMP_08591,Danio rerio,54.05,66.91,Diseased,Control
SMP_08592,Homo sapiens,66.32,173.55,Healthy,Stress_Condition
SMP_08593,Danio rerio,39.45,85.32,Healthy,Control
SMP_08594,Rattus norvegicus,27.0,164.0,Healthy,Stress_Condition
SMP_08595,Rattus norvegicus,60.55,58.94,Diseased,Stress_Condition
SMP_08596,Rattus norvegicus,54.87,130.76,Diseased,Stress_Condition
SMP_08597,Rattus norvegicus,33.2,114.99,Healthy,Control
SMP_08598,Rattus norvegicus,39.0,125.13,Healthy,Control
SMP_08599,Danio rerio,37.11,129.04,Diseased,Drug_A
SMP_08600,Homo sapiens,39.13,85.07,Diseased,Drug_B
SMP_08601,Homo sapiens,45.14,60.73,Healthy,Control
SMP_08602,Rattus norvegicus,46.0,98.47,Healthy,Stress_Condition
SMP_08603,Danio rerio,40.24,106.69,Healthy,Control
SMP_08604,Mus musculus,38.63,85.84,Diseased,Control
SMP_08605,Mus musculus,46.57,108.33,Diseased,Drug_B
SMP_08606,Danio rerio,52.52,109.89,Healthy,Control
SMP_08607,Rattus norvegicus,45.26,72.7,Healthy,Stress_Condition
SMP_08608,Homo sapiens,67.38,111.85,Diseased,Drug_B
SMP_08609,Danio rerio,57.62,91.98,Diseased,Drug_A
SMP_08610,Mus musculus,26.14,79.0,Healthy,Stress_Condition
SMP_08611,Mus musculus,57.86,123.62,Healthy,Stress_Condition
SMP_08612,Mus musculus,59.08,76.69,Healthy,Control
SMP_08613,Rattus norvegicus,43.48,86.3,Healthy,Drug_A
SMP_08614,Mus musculus,27.57,102.16,Healthy,Drug_B
SMP_08615,Danio rerio,50.12,141.23,Healthy,Drug_A
SMP_08616,Danio rerio,49.88,105.78,Diseased,Control
SMP_08617,Mus musculus,33.18,115.85,Diseased,Drug_A
SMP_08618,Danio rerio,28.23,91.07,Healthy,Stress_Condition
SMP_08619,Mus musculus,48.69,97.65,Diseased,Stress_Condition
SMP_08620,Mus musculus,46.5,98.53,Diseased,Drug_A
SMP_08621,Homo sapiens,43.74,108.8,Healthy,Drug_A
SMP_08622,Rattus norvegicus,48.75,91.12,Diseased,Stress_Condition
SMP_08623,Rattus norvegicus,33.46,140.2,Healthy,Drug_A
SMP_08624,Homo sapiens,43.48,88.81,Diseased,Stress_Condition
SMP_08625,Homo sapiens,58.0,48.78,Healthy,Drug_A
SMP_08626,Rattus norvegicus,44.75,182.28,Healthy,Drug_B
SMP_08627,Mus musculus,24.92,90.18,Healthy,Drug_B
SMP_08628,Mus musculus,42.91,139.4,Healthy,Control
SMP_08629,Rattus norvegicus,33.95,142.14,Healthy,Stress_Condition
SMP_08630,Mus musculus,54.01,128.36,Diseased,Drug_B
SMP_08631,Homo sapiens,54.78,94.06,Diseased,Stress_Condition
SMP_08632,Mus musculus,25.12,108.6,Healthy,Drug_B
SMP_08633,Mus musculus,61.39,61.76,Healthy,Control
SMP_08634,Danio rerio,33.32,159.7,Diseased,Stress_Condition
SMP_08635,Danio rerio,73.39,74.45,Healthy,Drug_B
SMP_08636,Danio rerio,49.27,92.38,Healthy,Stress_Condition
SMP_08637,Mus musculus,31.3,102.97,Diseased,Control
SMP_08638,Rattus norvegicus,32.87,96.78,Diseased,Control
SMP_08639,Homo sapiens,55.22,80.29,Diseased,Drug_B
SMP_08640,Mus musculus,44.13,141.83,Healthy,Drug_A
SMP_08641,Rattus norvegicus,48.55,128.51,Healthy,Control
SMP_08642,Mus musculus,74.19,109.66,Diseased,Drug_A
SMP_08643,Homo sapiens,39.51,88.01,Diseased,Control
SMP_08644,Mus musculus,50.9,131.93,Diseased,Drug_B
SMP_08645,Homo sapiens,71.3,86.07,Healthy,Drug_A
SMP_08646,Mus musculus,54.06,147.11,Diseased,Stress_Condition
SMP_08647,Homo sapiens,25.9,103.34,Healthy,Control
SMP_08648,Mus musculus,57.58,136.89,Healthy,Drug_B
SMP_08649,Homo sapiens,32.55,96.59,Healthy,Stress_Condition
SMP_08650,Danio rerio,71.1,102.15,Diseased,Drug_A
SMP_08651,Mus musculus,37.66,136.76,Healthy,Drug_B
SMP_08652,Mus musculus,94.54,165.82,Healthy,Stress_Condition
SMP_08653,Rattus norvegicus,72.01,146.81,Diseased,Drug_B
SMP_08654,Rattus norvegicus,38.05,126.31,Healthy,Drug_A
SMP_08655,Homo sapiens,50.3,117.68,Healthy,Stress_Condition
SMP_08656,Mus musculus,61.3,84.79,Diseased,Control
SMP_08657,Homo sapiens,61.75,108.86,Diseased,Control
SMP_08658,Danio rerio,56.64,72.61,Healthy,Drug_B
SMP_08659,Rattus norvegicus,68.78,111.27,Diseased,Control
SMP_08660,Homo sapiens,48.16,113.2,Healthy,Drug_A
SMP_08661,Homo sapiens,44.5,41.17,Diseased,Drug_A
SMP_08662,Rattus norvegicus,44.8,101.16,Diseased,Stress_Condition
SMP_08663,Mus musculus,62.88,112.45,Healthy,Stress_Condition
SMP_08664,Homo sapiens,55.48,97.49,Diseased,Stress_Condition
SMP_08665,Rattus norvegicus,54.37,110.74,Healthy,Drug_B
SMP_08666,Mus musculus,61.93,59.75,Healthy,Drug_B
SMP_08667,Danio rerio,19.23,76.72,Diseased,Drug_A
SMP_08668,Rattus norvegicus,54.65,131.05,Healthy,Drug_A
SMP_08669,Homo sapiens,53.28,100.02,Healthy,Drug_B
SMP_08670,Danio rerio,75.03,110.2,Healthy,Stress_Condition
SMP_08671,Mus musculus,27.07,83.6,Healthy,Drug_B
SMP_08672,Mus musculus,73.36,100.58,Diseased,Stress_Condition
SMP_08673,Rattus norvegicus,51.13,30.94,Diseased,Drug_A
SMP_08674,Rattus norvegicus,57.33,125.38,Healthy,Stress_Condition
SMP_08675,Rattus norvegicus,75.14,154.24,Healthy,Drug_B
SMP_08676,Mus musculus,58.41,68.05,Healthy,Control
SMP_08677,Danio rerio,56.01,71.79,Healthy,Drug_A
SMP_08678,Mus musculus,53.63,113.23,Healthy,Drug_A
SMP_08679,Homo sapiens,42.75,144.22,Healthy,Drug_B
SMP_08680,Mus musculus,49.57,99.94,Healthy,Drug_B
SMP_08681,Homo sapiens,39.27,63.12,Diseased,Drug_A
SMP_08682,Danio rerio,49.33,93.74,Diseased,Drug_B
SMP_08683,Rattus norvegicus,14.96,69.1,Diseased,Stress_Condition
SMP_08684,Rattus norvegicus,56.44,79.93,Diseased,Stress_Condition
SMP_08685,Mus musculus,48.17,90.88,Healthy,Stress_Condition
SMP_08686,Rattus norvegicus,44.96,72.12,Diseased,Control
SMP_08687,Danio rerio,53.3,76.66,Diseased,Drug_B
SMP_08688,Rattus norvegicus,28.5,102.24,Diseased,Stress_Condition
SMP_08689,Mus musculus,78.94,106.45,Healthy,Drug_A
SMP_08690,Danio rerio,48.46,57.28,Diseased,Stress_Condition
SMP_08691,Homo sapiens,47.81,111.89,Diseased,Stress_Condition
SMP_08692,Mus musculus,35.52,88.54,Healthy,Drug_B
SMP_08693,Homo sapiens,50.36,121.61,Diseased,Drug_A
SMP_08694,Danio rerio,70.8,123.41,Healthy,Control
SMP_08695,Mus musculus,65.54,83.66,Healthy,Drug_A
SMP_08696,Mus musculus,62.82,118.42,Healthy,Stress_Condition
SMP_08697,Danio rerio,58.2,74.89,Healthy,Control
SMP_08698,Rattus norvegicus,44.62,139.71,Diseased,Control
SMP_08699,Mus musculus,28.25,76.03,Healthy,Control
SMP_08700,Mus musculus,46.98,110.58,Healthy,Control
SMP_08701,Homo sapiens,46.46,94.37,Diseased,Control
SMP_08702,Rattus norvegicus,65.73,69.49,Healthy,Drug_B
SMP_08703,Homo sapiens,54.64,127.03,Diseased,Stress_Condition
SMP_08704,Homo sapiens,74.18,81.58,Diseased,Control
SMP_08705,Rattus norvegicus,67.96,49.0,Healthy,Stress_Condition
SMP_08706,Rattus norvegicus,43.15,13.54,Diseased,Drug_B
SMP_08707,Danio rerio,23.07,73.75,Healthy,Drug_B
SMP_08708,Rattus norvegicus,70.78,141.28,Diseased,Drug_B
SMP_08709,Mus musculus,70.39,137.73,Diseased,Drug_A
SMP_08710,Rattus norvegicus,29.51,78.44,Diseased,Drug_A
SMP_08711,Danio rerio,72.64,88.77,Healthy,Control
SMP_08712,Danio rerio,55.73,86.05,Healthy,Drug_B
SMP_08713,Danio rerio,52.41,60.0,Diseased,Drug_A
SMP_08714,Rattus norvegicus,74.22,71.54,Diseased,Drug_B
SMP_08715,Rattus norvegicus,70.17,129.43,Healthy,Drug_A
SMP_08716,Homo sapiens,59.77,115.12,Healthy,Drug_B
SMP_08717,Homo sapiens,57.1,108.19,Healthy,Drug_A
SMP_08718,Mus musculus,59.25,59.95,Diseased,Stress_Condition
SMP_08719,Homo sapiens,44.0,103.02,Healthy,Control
SMP_08720,Mus musculus,49.17,30.88,Diseased,Control
SMP_08721,Danio rerio,36.47,125.28,Diseased,Stress_Condition
SMP_08722,Homo sapiens,45.0,107.76,Healthy,Control
SMP_08723,Rattus norvegicus,44.5,59.64,Healthy,Drug_B
SMP_08724,Homo sapiens,40.47,148.49,Diseased,Control
SMP_08725,Mus musculus,52.05,46.12,Healthy,Control
SMP_08726,Homo sapiens,45.14,115.91,Healthy,Drug_A
SMP_08727,Danio rerio,57.53,116.66,Healthy,Drug_A
SMP_08728,Rattus norvegicus,25.67,62.81,Healthy,Stress_Condition
SMP_08729,Mus musculus,48.3,98.86,Healthy,Drug_A
SMP_08730,Rattus norvegicus,51.97,50.9,Diseased,Stress_Condition
SMP_08731,Rattus norvegicus,45.34,14.61,Diseased,Control
SMP_08732,Mus musculus,47.41,67.96,Diseased,Drug_A
SMP_08733,Rattus norvegicus,26.22,81.5,Healthy,Drug_A
SMP_08734,Rattus norvegicus,55.35,119.33,Healthy,Control
SMP_08735,Homo sapiens,59.71,102.02,Healthy,Drug_A
SMP_08736,Rattus norvegicus,57.4,102.81,Healthy,Drug_B
SMP_08737,Rattus norvegicus,65.58,69.57,Healthy,Drug_A
SMP_08738,Rattus norvegicus,53.02,84.1,Healthy,Drug_B
SMP_08739,Rattus norvegicus,57.18,72.1,Healthy,Stress_Condition
SMP_08740,Mus musculus,52.34,63.25,Healthy,Drug_A
SMP_08741,Danio rerio,60.31,82.19,Healthy,Drug_A
SMP_08742,Homo sapiens,26.34,102.24,Healthy,Drug_B
SMP_08743,Rattus norvegicus,36.6,82.82,Healthy,Control
SMP_08744,Rattus norvegicus,73.8,90.29,Diseased,Stress_Condition
SMP_08745,Mus musculus,13.09,120.85,Healthy,Stress_Condition
SMP_08746,Danio rerio,47.9,84.98,Healthy,Drug_B
SMP_08747,Rattus norvegicus,67.58,59.98,Healthy,Control
SMP_08748,Mus musculus,48.6,116.9,Healthy,Drug_A
SMP_08749,Homo sapiens,43.92,107.98,Diseased,Control
SMP_08750,Homo sapiens,51.94,109.86,Healthy,Control
SMP_08751,Rattus norvegicus,44.7,118.78,Diseased,Drug_B
SMP_08752,Rattus norvegicus,50.46,113.7,Healthy,Control
SMP_08753,Danio rerio,39.75,100.86,Diseased,Control
SMP_08754,Danio rerio,66.63,171.74,Diseased,Drug_B
SMP_08755,Rattus norvegicus,71.35,61.45,Diseased,Control
SMP_08756,Mus musculus,48.0,82.41,Healthy,Control
SMP_08757,Danio rerio,29.2,129.02,Diseased,Stress_Condition
SMP_08758,Rattus norvegicus,42.14,104.28,Healthy,Drug_B
SMP_08759,Danio rerio,47.24,122.74,Healthy,Drug_B
SMP_08760,Rattus norvegicus,57.58,105.09,Diseased,Drug_B
SMP_08761,Homo sapiens,34.88,141.22,Diseased,Control
SMP_08762,Rattus norvegicus,38.46,69.77,Healthy,Stress_Condition
SMP_08763,Homo sapiens,57.66,140.27,Diseased,Stress_Condition
SMP_08764,Danio rerio,64.08,135.13,Healthy,Drug_A
SMP_08765,Rattus norvegicus,40.68,63.69,Healthy,Drug_B
SMP_08766,Danio rerio,30.0,118.92,Diseased,Stress_Condition
SMP_08767,Homo sapiens,99.26,98.71,Healthy,Stress_Condition
SMP_08768,Rattus norvegicus,61.75,81.8,Healthy,Stress_Condition
SMP_08769,Danio rerio,45.99,43.34,Healthy,Drug_B
SMP_08770,Homo sapiens,63.04,69.68,Diseased,Control
SMP_08771,Danio rerio,48.13,121.24,Healthy,Drug_A
SMP_08772,Mus musculus,63.01,124.42,Healthy,Drug_A
SMP_08773,Homo sapiens,52.39,93.68,Healthy,Control
SMP_08774,Homo sapiens,51.37,124.51,Diseased,Drug_B
SMP_08775,Homo sapiens,48.3,128.36,Diseased,Stress_Condition
SMP_08776,Rattus norvegicus,28.29,104.64,Diseased,Control
SMP_08777,Rattus norvegicus,79.07,78.33,Diseased,Drug_A
SMP_08778,Rattus norvegicus,35.88,113.23,Healthy,Drug_B
SMP_08779,Mus musculus,29.6,114.61,Healthy,Stress_Condition
SMP_08780,Mus musculus,46.81,120.22,Healthy,Drug_A
SMP_08781,Homo sapiens,35.58,125.96,Healthy,Drug_A
SMP_08782,Mus musculus,49.22,59.14,Healthy,Drug_A
SMP_08783,Danio rerio,60.32,84.7,Diseased,Stress_Condition
SMP_08784,Homo sapiens,64.93,43.04,Healthy,Drug_A
SMP_08785,Homo sapiens,62.22,122.41,Healthy,Drug_B
SMP_08786,Danio rerio,45.42,93.63,Healthy,Drug_B
SMP_08787,Homo sapiens,50.74,112.92,Healthy,Stress_Condition
SMP_08788,Mus musculus,56.12,55.73,Healthy,Drug_B
SMP_08789,Rattus norvegicus,23.63,142.03,Diseased,Control
SMP_08790,Danio rerio,58.56,64.17,Healthy,Drug_B
SMP_08791,Mus musculus,28.14,123.24,Healthy,Drug_A
SMP_08792,Danio rerio,80.61,103.54,Diseased,Drug_A
SMP_08793,Danio rerio,43.93,94.32,Healthy,Drug_B
SMP_08794,Homo sapiens,47.23,91.9,Diseased,Drug_B
SMP_08795,Homo sapiens,38.45,80.86,Healthy,Stress_Condition
SMP_08796,Mus musculus,40.55,138.86,Diseased,Stress_Condition
SMP_08797,Danio rerio,84.11,100.38,Healthy,Control
SMP_08798,Homo sapiens,64.11,61.92,Diseased,Drug_B
SMP_08799,Homo sapiens,26.76,88.48,Healthy,Control
SMP_08800,Danio rerio,72.56,103.85,Healthy,Drug_B
SMP_08801,Mus musculus,67.9,126.93,Diseased,Control
SMP_08802,Mus musculus,45.78,81.86,Healthy,Drug_B
SMP_08803,Danio rerio,54.6,83.87,Healthy,Drug_B
SMP_08804,Mus musculus,49.78,100.7,Healthy,Drug_B
SMP_08805,Homo sapiens,79.59,126.2,Healthy,Control
SMP_08806,Danio rerio,38.06,58.94,Diseased,Drug_A
SMP_08807,Homo sapiens,52.19,115.16,Diseased,Stress_Condition
SMP_08808,Rattus norvegicus,43.58,86.08,Healthy,Stress_Condition
SMP_08809,Rattus norvegicus,28.5,90.27,Healthy,Control
SMP_08810,Mus musculus,82.87,160.05,Diseased,Drug_B
SMP_08811,Rattus norvegicus,32.28,94.11,Healthy,Drug_A
SMP_08812,Homo sapiens,53.3,122.64,Diseased,Control
SMP_08813,Rattus norvegicus,23.89,121.57,Healthy,Control
SMP_08814,Homo sapiens,44.01,64.6,Diseased,Stress_Condition
SMP_08815,Mus musculus,56.33,44.64,Healthy,Stress_Condition
SMP_08816,Mus musculus,37.63,124.63,Healthy,Drug_A
SMP_08817,Homo sapiens,58.8,67.49,Healthy,Drug_B
SMP_08818,Rattus norvegicus,45.96,50.07,Diseased,Drug_A
SMP_08819,Mus musculus,67.4,130.78,Healthy,Stress_Condition
SMP_08820,Danio rerio,70.43,69.42,Diseased,Drug_B
SMP_08821,Mus musculus,41.2,76.82,Healthy,Drug_A
SMP_08822,Rattus norvegicus,51.15,159.23,Healthy,Control
SMP_08823,Danio rerio,52.75,50.21,Diseased,Control
SMP_08824,Rattus norvegicus,59.29,62.31,Healthy,Control
SMP_08825,Homo sapiens,50.22,86.21,Healthy,Drug_B
SMP_08826,Danio rerio,52.85,92.79,Healthy,Drug_B
SMP_08827,Rattus norvegicus,46.35,73.19,Diseased,Stress_Condition
SMP_08828,Danio rerio,51.73,65.24,Healthy,Drug_A
SMP_08829,Rattus norvegicus,69.47,145.3,Healthy,Drug_B
SMP_08830,Danio rerio,59.69,107.89,Healthy,Drug_B
SMP_08831,Rattus norvegicus,60.52,117.56,Healthy,Drug_A
SMP_08832,Homo sapiens,60.85,95.88,Healthy,Stress_Condition
SMP_08833,Danio rerio,47.69,108.68,Diseased,Drug_B
SMP_08834,Danio rerio,54.78,127.99,Healthy,Drug_A
SMP_08835,Danio rerio,33.72,70.11,Diseased,Drug_B
SMP_08836,Danio rerio,69.03,107.95,Healthy,Drug_B
SMP_08837,Homo sapiens,8.26,120.88,Diseased,Stress_Condition
SMP_08838,Danio rerio,48.69,146.34,Diseased,Control
SMP_08839,Mus musculus,67.11,158.44,Healthy,Drug_B
SMP_08840,Homo sapiens,29.54,102.1,Healthy,Stress_Condition
SMP_08841,Mus musculus,56.0,134.16,Diseased,Drug_A
SMP_08842,Danio rerio,39.79,19.89,Healthy,Drug_A
SMP_08843,Rattus norvegicus,44.47,146.57,Healthy,Control
SMP_08844,Mus musculus,64.19,78.22,Diseased,Drug_A
SMP_08845,Danio rerio,52.97,92.77,Healthy,Control
SMP_08846,Mus musculus,19.48,113.23,Healthy,Drug_B
SMP_08847,Danio rerio,35.35,95.4,Diseased,Control
SMP_08848,Danio rerio,64.63,105.89,Healthy,Drug_B
SMP_08849,Danio rerio,56.73,147.63,Healthy,Drug_A
SMP_08850,Rattus norvegicus,76.22,88.47,Healthy,Control
SMP_08851,Mus musculus,75.24,67.39,Healthy,Stress_Condition
SMP_08852,Homo sapiens,44.87,154.4,Diseased,Drug_A
SMP_08853,Homo sapiens,87.55,115.8,Diseased,Drug_A
SMP_08854,Homo sapiens,50.37,157.67,Healthy,Drug_A
SMP_08855,Homo sapiens,35.56,125.91,Diseased,Drug_A
SMP_08856,Danio rerio,40.5,60.29,Healthy,Drug_A
SMP_08857,Mus musculus,16.15,119.36,Diseased,Stress_Condition
SMP_08858,Mus musculus,74.11,70.48,Healthy,Stress_Condition
SMP_08859,Rattus norvegicus,73.92,100.22,Healthy,Stress_Condition
SMP_08860,Mus musculus,34.77,97.73,Healthy,Control
SMP_08861,Mus musculus,46.58,51.47,Healthy,Drug_A
SMP_08862,Mus musculus,51.43,75.62,Healthy,Control
SMP_08863,Rattus norvegicus,35.59,166.16,Healthy,Control
SMP_08864,Homo sapiens,23.67,107.15,Diseased,Control
SMP_08865,Mus musculus,46.84,94.73,Diseased,Drug_A
SMP_08866,Rattus norvegicus,45.18,154.39,Diseased,Drug_A
SMP_08867,Rattus norvegicus,44.17,88.11,Healthy,Control
SMP_08868,Danio rerio,53.34,97.26,Healthy,Drug_A
SMP_08869,Rattus norvegicus,71.44,129.72,Healthy,Control
SMP_08870,Homo sapiens,45.45,87.98,Healthy,Drug_A
SMP_08871,Mus musculus,52.56,77.6,Healthy,Drug_A
SMP_08872,Rattus norvegicus,60.9,32.39,Healthy,Control
SMP_08873,Homo sapiens,58.31,71.91,Healthy,Stress_Condition
SMP_08874,Rattus norvegicus,40.78,71.62,Diseased,Drug_A
SMP_08875,Rattus norvegicus,51.45,104.76,Diseased,Control
SMP_08876,Rattus norvegicus,58.21,81.69,Healthy,Control
SMP_08877,Rattus norvegicus,33.07,164.74,Diseased,Drug_A
SMP_08878,Rattus norvegicus,68.95,68.27,Healthy,Drug_A
SMP_08879,Homo sapiens,71.47,142.02,Healthy,Control
SMP_08880,Mus musculus,39.16,106.59,Healthy,Control
SMP_08881,Mus musculus,52.91,124.2,Diseased,Control
SMP_08882,Mus musculus,59.63,122.38,Healthy,Drug_B
SMP_08883,Mus musculus,41.82,33.45,Healthy,Drug_A
SMP_08884,Homo sapiens,57.22,99.65,Healthy,Drug_B
SMP_08885,Danio rerio,52.45,92.13,Healthy,Control
SMP_08886,Danio rerio,27.98,66.01,Healthy,Drug_B
SMP_08887,Homo sapiens,56.89,113.79,Diseased,Stress_Condition
SMP_08888,Homo sapiens,33.5,151.5,Healthy,Control
SMP_08889,Rattus norvegicus,64.09,19.81,Diseased,Stress_Condition
SMP_08890,Rattus norvegicus,39.93,83.97,Healthy,Drug_B
SMP_08891,Rattus norvegicus,47.58,62.63,Healthy,Stress_Condition
SMP_08892,Mus musculus,70.58,102.15,Diseased,Drug_B
SMP_08893,Rattus norvegicus,57.45,90.23,Healthy,Drug_A
SMP_08894,Danio rerio,33.81,81.83,Healthy,Drug_A
SMP_08895,Mus musculus,34.78,120.69,Healthy,Drug_B
SMP_08896,Rattus norvegicus,41.01,149.09,Diseased,Control
SMP_08897,Mus musculus,55.92,179.84,Diseased,Drug_A
SMP_08898,Danio rerio,55.37,77.81,Healthy,Drug_B
SMP_08899,Rattus norvegicus,37.35,45.37,Healthy,Control
SMP_08900,Danio rerio,32.49,116.78,Diseased,Drug_A
SMP_08901,Danio rerio,54.22,148.31,Healthy,Drug_B
SMP_08902,Danio rerio,47.27,124.41,Healthy,Control
SMP_08903,Rattus norvegicus,82.36,148.19,Diseased,Control
SMP_08904,Homo sapiens,50.55,93.24,Diseased,Drug_B
SMP_08905,Rattus norvegicus,77.21,81.71,Healthy,Stress_Condition
SMP_08906,Danio rerio,32.44,103.46,Diseased,Stress_Condition
SMP_08907,Rattus norvegicus,26.4,90.08,Healthy,Stress_Condition
SMP_08908,Danio rerio,33.2,119.89,Diseased,Stress_Condition
SMP_08909,Homo sapiens,67.84,129.09,Healthy,Control
SMP_08910,Mus musculus,76.34,131.44,Healthy,Stress_Condition
SMP_08911,Homo sapiens,38.27,115.32,Healthy,Drug_B
SMP_08912,Homo sapiens,43.09,107.37,Healthy,Control
SMP_08913,Mus musculus,32.47,123.83,Healthy,Stress_Condition
SMP_08914,Rattus norvegicus,22.83,41.11,Diseased,Drug_B
SMP_08915,Mus musculus,60.78,106.32,Healthy,Drug_A
SMP_08916,Rattus norvegicus,53.35,101.57,Diseased,Control
SMP_08917,Rattus norvegicus,50.16,106.39,Healthy,Drug_B
SMP_08918,Danio rerio,29.0,97.37,Diseased,Stress_Condition
SMP_08919,Danio rerio,74.6,112.96,Healthy,Drug_B
SMP_08920,Mus musculus,42.45,82.76,Healthy,Control
SMP_08921,Homo sapiens,58.0,133.89,Healthy,Drug_A
SMP_08922,Mus musculus,28.18,114.21,Healthy,Stress_Condition
SMP_08923,Rattus norvegicus,47.14,104.52,Healthy,Drug_B
SMP_08924,Danio rerio,54.37,79.07,Healthy,Drug_A
SMP_08925,Mus musculus,54.91,124.46,Diseased,Control
SMP_08926,Mus musculus,52.32,106.2,Diseased,Stress_Condition
SMP_08927,Danio rerio,57.42,77.34,Diseased,Drug_A
SMP_08928,Danio rerio,33.04,98.3,Healthy,Control
SMP_08929,Danio rerio,52.96,118.87,Diseased,Stress_Condition
SMP_08930,Rattus norvegicus,51.71,116.55,Healthy,Drug_B
SMP_08931,Danio rerio,53.48,114.61,Healthy,Drug_A
SMP_08932,Homo sapiens,51.09,102.78,Healthy,Control
SMP_08933,Mus musculus,30.9,130.77,Healthy,Drug_B
SMP_08934,Danio rerio,30.23,137.13,Healthy,Stress_Condition
SMP_08935,Danio rerio,16.79,122.12,Healthy,Drug_A
SMP_08936,Rattus norvegicus,62.26,82.38,Healthy,Control
SMP_08937,Rattus norvegicus,62.41,68.26,Diseased,Drug_A
SMP_08938,Mus musculus,62.65,83.68,Diseased,Drug_B
SMP_08939,Homo sapiens,54.6,158.61,Healthy,Drug_B
SMP_08940,Mus musculus,18.0,108.45,Healthy,Control
SMP_08941,Danio rerio,34.6,163.79,Diseased,Drug_A
SMP_08942,Homo sapiens,52.56,96.39,Healthy,Drug_A
SMP_08943,Homo sapiens,52.03,92.24,Diseased,Drug_B
SMP_08944,Homo sapiens,46.66,97.78,Diseased,Drug_A
SMP_08945,Homo sapiens,55.53,97.23,Healthy,Drug_A
SMP_08946,Mus musculus,50.17,76.79,Healthy,Drug_A
SMP_08947,Rattus norvegicus,51.81,65.53,Diseased,Control
SMP_08948,Rattus norvegicus,40.41,115.04,Diseased,Drug_B
SMP_08949,Danio rerio,64.73,131.65,Healthy,Stress_Condition
SMP_08950,Rattus norvegicus,43.54,173.35,Healthy,Control
SMP_08951,Rattus norvegicus,30.04,86.99,Diseased,Drug_B
SMP_08952,Rattus norvegicus,38.44,89.42,Healthy,Control
SMP_08953,Rattus norvegicus,44.77,76.86,Diseased,Stress_Condition
SMP_08954,Danio rerio,64.91,133.77,Diseased,Control
SMP_08955,Mus musculus,49.37,124.45,Diseased,Control
SMP_08956,Homo sapiens,47.21,73.69,Healthy,Stress_Condition
SMP_08957,Rattus norvegicus,31.27,72.93,Diseased,Drug_A
SMP_08958,Mus musculus,61.78,128.58,Healthy,Drug_B
SMP_08959,Rattus norvegicus,40.22,111.5,Healthy,Stress_Condition
SMP_08960,Rattus norvegicus,48.5,122.75,Healthy,Control
SMP_08961,Homo sapiens,72.2,73.52,Healthy,Drug_A
SMP_08962,Homo sapiens,57.63,43.67,Diseased,Control
SMP_08963,Homo sapiens,25.58,73.75,Diseased,Drug_A
SMP_08964,Rattus norvegicus,23.46,120.63,Healthy,Control
SMP_08965,Rattus norvegicus,49.04,163.33,Healthy,Drug_B
SMP_08966,Rattus norvegicus,31.81,87.12,Healthy,Drug_B
SMP_08967,Homo sapiens,59.73,168.28,Healthy,Control
SMP_08968,Danio rerio,50.63,124.89,Diseased,Stress_Condition
SMP_08969,Mus musculus,52.48,58.21,Healthy,Control
SMP_08970,Danio rerio,39.4,106.42,Diseased,Control
SMP_08971,Rattus norvegicus,76.12,125.92,Diseased,Stress_Condition
SMP_08972,Rattus norvegicus,92.64,27.24,Healthy,Stress_Condition
SMP_08973,Danio rerio,45.82,119.33,Healthy,Control
SMP_08974,Rattus norvegicus,55.3,135.18,Healthy,Drug_A
SMP_08975,Mus musculus,51.46,111.97,Healthy,Drug_B
SMP_08976,Rattus norvegicus,46.1,98.15,Healthy,Drug_A
SMP_08977,Mus musculus,37.52,94.81,Healthy,Stress_Condition
SMP_08978,Danio rerio,33.73,93.06,Diseased,Drug_B
SMP_08979,Danio rerio,32.97,64.72,Healthy,Control
SMP_08980,Rattus norvegicus,56.08,79.37,Diseased,Drug_B
SMP_08981,Mus musculus,42.2,87.5,Healthy,Control
SMP_08982,Rattus norvegicus,11.33,103.4,Healthy,Control
SMP_08983,Homo sapiens,56.67,83.3,Healthy,Stress_Condition
SMP_08984,Homo sapiens,49.43,73.93,Healthy,Drug_A
SMP_08985,Homo sapiens,70.2,122.79,Healthy,Stress_Condition
SMP_08986,Homo sapiens,55.6,111.12,Diseased,Stress_Condition
SMP_08987,Rattus norvegicus,27.82,83.82,Healthy,Drug_B
SMP_08988,Homo sapiens,16.55,115.19,Diseased,Drug_A
SMP_08989,Mus musculus,39.21,86.41,Diseased,Drug_A
SMP_08990,Danio rerio,40.62,101.89,Diseased,Drug_A
SMP_08991,Danio rerio,64.15,129.25,Diseased,Drug_A
SMP_08992,Homo sapiens,49.87,81.89,Healthy,Drug_B
SMP_08993,Homo sapiens,67.01,64.83,Diseased,Drug_B
SMP_08994,Homo sapiens,30.13,95.65,Diseased,Stress_Condition
SMP_08995,Rattus norvegicus,64.48,59.1,Diseased,Stress_Condition
SMP_08996,Danio rerio,60.81,91.68,Healthy,Drug_A
SMP_08997,Homo sapiens,19.73,91.58,Healthy,Stress_Condition
SMP_08998,Mus musculus,69.84,26.09,Diseased,Drug_B
SMP_08999,Homo sapiens,51.4,115.92,Diseased,Stress_Condition
SMP_09000,Danio rerio,55.88,94.52,Diseased,Control
SMP_09001,Homo sapiens,37.03,135.46,Diseased,Stress_Condition
SMP_09002,Danio rerio,69.13,106.47,Healthy,Drug_B
SMP_09003,Homo sapiens,32.21,122.07,Healthy,Drug_A
SMP_09004,Mus musculus,62.48,135.7,Diseased,Control
SMP_09005,Homo sapiens,62.31,96.05,Healthy,Control
SMP_09006,Mus musculus,35.39,99.98,Diseased,Control
SMP_09007,Mus musculus,79.75,52.79,Diseased,Stress_Condition
SMP_09008,Homo sapiens,53.47,137.19,Healthy,Stress_Condition
SMP_09009,Mus musculus,59.81,95.63,Healthy,Control
SMP_09010,Rattus norvegicus,27.09,69.83,Diseased,Control
SMP_09011,Homo sapiens,81.77,122.19,Healthy,Drug_A
SMP_09012,Homo sapiens,31.63,34.61,Healthy,Drug_A
SMP_09013,Mus musculus,65.37,87.12,Diseased,Control
SMP_09014,Mus musculus,35.08,127.25,Diseased,Drug_A
SMP_09015,Homo sapiens,40.72,86.87,Diseased,Drug_B
SMP_09016,Rattus norvegicus,61.83,78.46,Healthy,Stress_Condition
SMP_09017,Mus musculus,65.41,87.52,Healthy,Drug_A
SMP_09018,Mus musculus,30.93,39.7,Diseased,Drug_B
SMP_09019,Danio rerio,66.36,121.46,Healthy,Stress_Condition
SMP_09020,Rattus norvegicus,65.67,96.31,Healthy,Drug_A
SMP_09021,Rattus norvegicus,35.93,91.83,Healthy,Stress_Condition
SMP_09022,Homo sapiens,73.98,91.94,Healthy,Drug_B
SMP_09023,Rattus norvegicus,28.15,100.42,Healthy,Drug_B
SMP_09024,Homo sapiens,40.63,119.6,Healthy,Stress_Condition
SMP_09025,Danio rerio,57.19,98.44,Healthy,Control
SMP_09026,Rattus norvegicus,37.2,59.15,Diseased,Drug_A
SMP_09027,Mus musculus,53.96,117.27,Healthy,Control
SMP_09028,Danio rerio,53.62,114.96,Healthy,Drug_B
SMP_09029,Homo sapiens,47.19,106.17,Healthy,Stress_Condition
SMP_09030,Danio rerio,62.49,132.26,Healthy,Drug_A
SMP_09031,Homo sapiens,46.57,100.91,Diseased,Drug_A
SMP_09032,Danio rerio,53.47,133.34,Diseased,Control
SMP_09033,Homo sapiens,67.2,142.22,Diseased,Drug_A
SMP_09034,Rattus norvegicus,61.86,117.47,Diseased,Drug_A
SMP_09035,Mus musculus,61.79,77.56,Diseased,Drug_A
SMP_09036,Homo sapiens,32.76,96.08,Healthy,Drug_B
SMP_09037,Danio rerio,57.87,137.17,Healthy,Control
SMP_09038,Homo sapiens,36.82,55.07,Healthy,Drug_B
SMP_09039,Homo sapiens,30.78,88.24,Healthy,Stress_Condition
SMP_09040,Homo sapiens,48.92,89.71,Diseased,Stress_Condition
SMP_09041,Danio rerio,36.44,74.04,Healthy,Control
SMP_09042,Mus musculus,61.86,126.19,Diseased,Stress_Condition
SMP_09043,Rattus norvegicus,62.22,111.3,Healthy,Drug_B
SMP_09044,Mus musculus,21.46,78.67,Healthy,Drug_B
SMP_09045,Homo sapiens,37.58,118.17,Healthy,Drug_B
SMP_09046,Danio rerio,28.1,95.25,Diseased,Drug_B
SMP_09047,Mus musculus,43.06,73.29,Diseased,Control
SMP_09048,Homo sapiens,56.83,78.61,Diseased,Drug_A
SMP_09049,Rattus norvegicus,46.37,113.08,Diseased,Stress_Condition
SMP_09050,Rattus norvegicus,41.15,128.17,Healthy,Control
SMP_09051,Rattus norvegicus,69.5,85.4,Healthy,Drug_A
SMP_09052,Homo sapiens,15.43,116.33,Diseased,Control
SMP_09053,Danio rerio,68.55,147.45,Diseased,Stress_Condition
SMP_09054,Mus musculus,41.84,62.23,Healthy,Control
SMP_09055,Rattus norvegicus,48.83,110.67,Healthy,Stress_Condition
SMP_09056,Homo sapiens,42.09,124.92,Healthy,Control
SMP_09057,Homo sapiens,73.14,97.15,Healthy,Control
SMP_09058,Mus musculus,31.54,137.15,Diseased,Drug_B
SMP_09059,Rattus norvegicus,50.18,165.97,Diseased,Control
SMP_09060,Homo sapiens,57.91,110.3,Healthy,Control
SMP_09061,Mus musculus,25.83,92.99,Healthy,Drug_A
SMP_09062,Danio rerio,36.2,129.31,Diseased,Drug_B
SMP_09063,Danio rerio,47.78,125.26,Diseased,Stress_Condition
SMP_09064,Danio rerio,36.7,24.44,Healthy,Drug_B
SMP_09065,Rattus norvegicus,37.77,99.92,Diseased,Control
SMP_09066,Mus musculus,44.75,88.16,Diseased,Stress_Condition
SMP_09067,Mus musculus,59.74,111.9,Healthy,Control
SMP_09068,Homo sapiens,44.86,94.19,Diseased,Drug_B
SMP_09069,Homo sapiens,66.18,97.44,Healthy,Drug_B
SMP_09070,Homo sapiens,35.03,74.1,Healthy,Control
SMP_09071,Mus musculus,31.22,122.04,Healthy,Control
SMP_09072,Homo sapiens,78.9,149.65,Healthy,Control
SMP_09073,Mus musculus,40.13,74.57,Healthy,Drug_A
SMP_09074,Mus musculus,30.34,58.09,Diseased,Drug_B
SMP_09075,Danio rerio,23.87,100.6,Healthy,Drug_A
SMP_09076,Homo sapiens,66.13,99.14,Diseased,Drug_B
SMP_09077,Danio rerio,44.88,135.13,Diseased,Drug_B
SMP_09078,Rattus norvegicus,46.19,63.12,Healthy,Stress_Condition
SMP_09079,Rattus norvegicus,47.61,83.86,Healthy,Stress_Condition
SMP_09080,Rattus norvegicus,65.19,35.57,Healthy,Drug_B
SMP_09081,Mus musculus,47.31,141.25,Healthy,Stress_Condition
SMP_09082,Mus musculus,85.16,107.52,Healthy,Drug_B
SMP_09083,Mus musculus,52.01,86.1,Healthy,Drug_B
SMP_09084,Homo sapiens,65.93,60.33,Healthy,Control
SMP_09085,Danio rerio,62.08,63.09,Healthy,Stress_Condition
SMP_09086,Mus musculus,49.45,112.43,Healthy,Drug_A
SMP_09087,Danio rerio,41.2,66.78,Diseased,Drug_A
SMP_09088,Danio rerio,54.98,103.12,Healthy,Stress_Condition
SMP_09089,Danio rerio,57.65,161.29,Healthy,Drug_B
SMP_09090,Homo sapiens,41.41,89.57,Healthy,Drug_A
SMP_09091,Homo sapiens,52.5,71.16,Healthy,Stress_Condition
SMP_09092,Rattus norvegicus,68.54,111.46,Diseased,Drug_A
SMP_09093,Rattus norvegicus,81.05,63.23,Healthy,Control
SMP_09094,Danio rerio,62.82,151.6,Healthy,Drug_B
SMP_09095,Rattus norvegicus,77.94,142.11,Healthy,Control
SMP_09096,Danio rerio,40.56,95.07,Healthy,Drug_A
SMP_09097,Homo sapiens,60.53,73.08,Healthy,Drug_B
SMP_09098,Homo sapiens,70.08,87.23,Healthy,Drug_B
SMP_09099,Homo sapiens,36.56,91.13,Healthy,Drug_B
SMP_09100,Mus musculus,42.72,111.51,Healthy,Stress_Condition
SMP_09101,Danio rerio,76.07,131.19,Diseased,Stress_Condition
SMP_09102,Homo sapiens,35.37,68.9,Healthy,Drug_B
SMP_09103,Danio rerio,29.88,130.33,Healthy,Drug_B
SMP_09104,Rattus norvegicus,72.92,118.53,Diseased,Drug_B
SMP_09105,Rattus norvegicus,67.95,84.77,Diseased,Control
SMP_09106,Homo sapiens,56.48,67.4,Diseased,Control
SMP_09107,Danio rerio,49.31,103.49,Diseased,Drug_A
SMP_09108,Homo sapiens,43.42,68.21,Healthy,Drug_B
SMP_09109,Rattus norvegicus,54.23,130.71,Healthy,Drug_B
SMP_09110,Homo sapiens,73.7,66.28,Diseased,Control
SMP_09111,Danio rerio,53.58,116.43,Diseased,Drug_A
SMP_09112,Rattus norvegicus,82.5,97.58,Healthy,Drug_A
SMP_09113,Mus musculus,36.53,83.18,Healthy,Drug_B
SMP_09114,Rattus norvegicus,49.7,96.92,Diseased,Stress_Condition
SMP_09115,Mus musculus,44.4,132.4,Healthy,Drug_A
SMP_09116,Homo sapiens,33.72,64.23,Diseased,Drug_A
SMP_09117,Homo sapiens,47.7,87.64,Healthy,Drug_B
SMP_09118,Danio rerio,56.26,77.45,Diseased,Drug_B
SMP_09119,Mus musculus,57.86,98.84,Healthy,Drug_B
SMP_09120,Homo sapiens,82.56,79.46,Healthy,Control
SMP_09121,Mus musculus,56.97,46.96,Healthy,Drug_B
SMP_09122,Homo sapiens,67.25,68.35,Healthy,Stress_Condition
SMP_09123,Rattus norvegicus,50.99,149.13,Healthy,Stress_Condition
SMP_09124,Homo sapiens,75.17,107.4,Diseased,Drug_A
SMP_09125,Danio rerio,85.98,106.37,Healthy,Control
SMP_09126,Rattus norvegicus,57.97,91.52,Healthy,Drug_A
SMP_09127,Danio rerio,35.11,98.45,Healthy,Control
SMP_09128,Rattus norvegicus,41.77,87.11,Diseased,Drug_B
SMP_09129,Mus musculus,54.23,115.81,Healthy,Drug_A
SMP_09130,Danio rerio,56.85,103.02,Diseased,Stress_Condition
SMP_09131,Homo sapiens,60.48,64.86,Diseased,Control
SMP_09132,Mus musculus,56.9,107.61,Diseased,Drug_A
SMP_09133,Homo sapiens,50.1,26.24,Healthy,Stress_Condition
SMP_09134,Rattus norvegicus,40.46,112.42,Diseased,Stress_Condition
SMP_09135,Rattus norvegicus,56.02,57.72,Healthy,Drug_B
SMP_09136,Homo sapiens,77.82,97.12,Healthy,Control
SMP_09137,Homo sapiens,65.3,64.16,Healthy,Drug_A
SMP_09138,Mus musculus,58.02,100.08,Healthy,Stress_Condition
SMP_09139,Homo sapiens,65.44,117.35,Healthy,Control
SMP_09140,Danio rerio,44.43,145.08,Healthy,Drug_B
SMP_09141,Danio rerio,42.38,53.76,Healthy,Control
SMP_09142,Homo sapiens,38.78,129.26,Healthy,Control
SMP_09143,Danio rerio,48.12,103.93,Diseased,Drug_A
SMP_09144,Homo sapiens,43.67,86.48,Diseased,Control
SMP_09145,Mus musculus,68.12,122.8,Diseased,Drug_B
SMP_09146,Danio rerio,42.87,92.92,Healthy,Stress_Condition
SMP_09147,Danio rerio,37.96,121.53,Healthy,Drug_A
SMP_09148,Homo sapiens,79.14,70.23,Healthy,Stress_Condition
SMP_09149,Danio rerio,43.23,81.01,Healthy,Control
SMP_09150,Rattus norvegicus,52.3,128.31,Diseased,Drug_B
SMP_09151,Mus musculus,56.77,144.56,Healthy,Stress_Condition
SMP_09152,Mus musculus,32.95,98.95,Diseased,Drug_B
SMP_09153,Danio rerio,68.53,16.38,Diseased,Control
SMP_09154,Danio rerio,59.56,94.03,Diseased,Control
SMP_09155,Rattus norvegicus,73.38,100.97,Diseased,Stress_Condition
SMP_09156,Rattus norvegicus,39.81,93.02,Healthy,Drug_A
SMP_09157,Danio rerio,51.49,110.09,Healthy,Drug_B
SMP_09158,Danio rerio,50.59,85.69,Diseased,Drug_B
SMP_09159,Rattus norvegicus,53.96,125.17,Healthy,Drug_B
SMP_09160,Homo sapiens,28.18,65.0,Healthy,Control
SMP_09161,Rattus norvegicus,51.66,137.11,Healthy,Control
SMP_09162,Homo sapiens,28.6,146.5,Diseased,Stress_Condition
SMP_09163,Mus musculus,55.38,72.61,Healthy,Stress_Condition
SMP_09164,Mus musculus,18.07,72.59,Diseased,Control
SMP_09165,Rattus norvegicus,22.23,112.32,Healthy,Drug_A
SMP_09166,Homo sapiens,62.28,64.38,Diseased,Drug_B
SMP_09167,Rattus norvegicus,41.8,85.22,Diseased,Drug_B
SMP_09168,Rattus norvegicus,35.18,133.08,Healthy,Control
SMP_09169,Homo sapiens,69.06,122.13,Healthy,Drug_A
SMP_09170,Rattus norvegicus,54.91,159.41,Diseased,Drug_A
SMP_09171,Mus musculus,63.08,105.12,Diseased,Drug_A
SMP_09172,Danio rerio,47.51,81.67,Diseased,Drug_A
SMP_09173,Danio rerio,90.19,101.54,Healthy,Drug_A
SMP_09174,Rattus norvegicus,40.93,95.48,Healthy,Stress_Condition
SMP_09175,Homo sapiens,76.17,95.9,Healthy,Control
SMP_09176,Homo sapiens,49.08,99.29,Healthy,Control
SMP_09177,Mus musculus,25.18,72.05,Diseased,Control
SMP_09178,Homo sapiens,57.24,108.47,Healthy,Drug_B
SMP_09179,Homo sapiens,54.72,57.74,Diseased,Drug_A
SMP_09180,Mus musculus,34.23,78.5,Healthy,Drug_A
SMP_09181,Rattus norvegicus,36.17,96.43,Healthy,Drug_B
SMP_09182,Danio rerio,49.63,32.21,Diseased,Drug_A
SMP_09183,Mus musculus,55.25,123.07,Diseased,Drug_A
SMP_09184,Rattus norvegicus,12.94,38.41,Diseased,Drug_A
SMP_09185,Mus musculus,65.8,120.09,Diseased,Drug_A
SMP_09186,Rattus norvegicus,42.58,61.22,Diseased,Drug_A
SMP_09187,Mus musculus,30.02,87.85,Diseased,Stress_Condition
SMP_09188,Rattus norvegicus,64.12,115.57,Diseased,Control
SMP_09189,Mus musculus,49.65,165.94,Diseased,Stress_Condition
SMP_09190,Rattus norvegicus,68.24,103.49,Healthy,Drug_A
SMP_09191,Mus musculus,56.57,40.52,Diseased,Control
SMP_09192,Danio rerio,49.98,128.61,Healthy,Control
SMP_09193,Danio rerio,47.71,93.04,Healthy,Control
SMP_09194,Homo sapiens,57.24,102.1,Healthy,Control
SMP_09195,Rattus norvegicus,43.8,116.74,Diseased,Drug_B
SMP_09196,Mus musculus,37.21,33.24,Healthy,Control
SMP_09197,Rattus norvegicus,59.15,100.2,Diseased,Drug_B
SMP_09198,Danio rerio,47.83,87.71,Healthy,Drug_B
SMP_09199,Rattus norvegicus,50.5,136.66,Healthy,Control
SMP_09200,Mus musculus,66.34,121.81,Healthy,Drug_A
SMP_09201,Rattus norvegicus,48.29,51.19,Healthy,Drug_A
SMP_09202,Mus musculus,50.23,137.88,Diseased,Control
SMP_09203,Danio rerio,41.01,113.49,Diseased,Control
SMP_09204,Danio rerio,56.46,53.58,Healthy,Drug_B
SMP_09205,Danio rerio,55.25,101.67,Healthy,Stress_Condition
SMP_09206,Homo sapiens,63.51,131.04,Healthy,Drug_B
SMP_09207,Danio rerio,41.31,63.58,Diseased,Drug_A
SMP_09208,Rattus norvegicus,43.13,141.33,Healthy,Stress_Condition
SMP_09209,Homo sapiens,61.88,54.62,Healthy,Stress_Condition
SMP_09210,Danio rerio,53.78,76.26,Healthy,Stress_Condition
SMP_09211,Rattus norvegicus,36.41,71.71,Diseased,Drug_B
SMP_09212,Rattus norvegicus,69.6,141.31,Healthy,Drug_B
SMP_09213,Rattus norvegicus,24.52,85.27,Healthy,Control
SMP_09214,Mus musculus,61.76,65.12,Diseased,Drug_B
SMP_09215,Homo sapiens,31.02,113.36,Diseased,Drug_B
SMP_09216,Rattus norvegicus,78.29,119.84,Diseased,Stress_Condition
SMP_09217,Mus musculus,26.83,120.03,Healthy,Stress_Condition
SMP_09218,Danio rerio,67.28,91.86,Healthy,Drug_B
SMP_09219,Rattus norvegicus,48.78,107.64,Diseased,Drug_A
SMP_09220,Mus musculus,44.5,80.49,Healthy,Stress_Condition
SMP_09221,Rattus norvegicus,52.78,150.24,Healthy,Control
SMP_09222,Homo sapiens,59.48,134.33,Healthy,Drug_A
SMP_09223,Homo sapiens,36.43,132.49,Diseased,Stress_Condition
SMP_09224,Danio rerio,37.76,123.82,Diseased,Control
SMP_09225,Rattus norvegicus,59.74,115.59,Diseased,Stress_Condition
SMP_09226,Mus musculus,24.39,62.67,Healthy,Control
SMP_09227,Danio rerio,41.24,119.0,Healthy,Stress_Condition
SMP_09228,Rattus norvegicus,95.61,103.43,Healthy,Stress_Condition
SMP_09229,Danio rerio,35.48,137.9,Healthy,Drug_B
SMP_09230,Mus musculus,67.22,124.22,Diseased,Drug_A
SMP_09231,Danio rerio,41.21,116.51,Healthy,Drug_A
SMP_09232,Danio rerio,57.64,49.47,Healthy,Drug_B
SMP_09233,Danio rerio,59.82,97.33,Diseased,Stress_Condition
SMP_09234,Rattus norvegicus,66.93,83.26,Healthy,Drug_A
SMP_09235,Mus musculus,47.0,107.57,Diseased,Control
SMP_09236,Homo sapiens,79.83,87.53,Diseased,Control
SMP_09237,Rattus norvegicus,41.16,91.72,Diseased,Stress_Condition
SMP_09238,Homo sapiens,53.51,113.77,Diseased,Stress_Condition
SMP_09239,Homo sapiens,53.68,87.04,Diseased,Control
SMP_09240,Rattus norvegicus,33.17,103.65,Healthy,Stress_Condition
SMP_09241,Rattus norvegicus,45.71,54.42,Healthy,Drug_B
SMP_09242,Mus musculus,52.42,75.03,Diseased,Drug_A
SMP_09243,Mus musculus,43.52,119.68,Healthy,Control
SMP_09244,Danio rerio,86.61,63.09,Diseased,Drug_B
SMP_09245,Homo sapiens,37.42,137.37,Healthy,Control
SMP_09246,Mus musculus,67.69,129.23,Healthy,Control
SMP_09247,Danio rerio,62.85,91.95,Healthy,Stress_Condition
SMP_09248,Mus musculus,49.79,189.96,Healthy,Drug_A
SMP_09249,Rattus norvegicus,37.02,137.29,Diseased,Drug_B
SMP_09250,Mus musculus,38.48,71.52,Diseased,Control
SMP_09251,Homo sapiens,42.23,122.39,Healthy,Control
SMP_09252,Mus musculus,23.21,101.98,Diseased,Stress_Condition
SMP_09253,Homo sapiens,34.95,76.7,Healthy,Drug_B
SMP_09254,Rattus norvegicus,27.76,67.9,Diseased,Stress_Condition
SMP_09255,Homo sapiens,70.19,129.85,Diseased,Stress_Condition
SMP_09256,Mus musculus,59.28,82.06,Healthy,Drug_B
SMP_09257,Danio rerio,61.79,96.94,Healthy,Drug_A
SMP_09258,Rattus norvegicus,58.83,72.37,Diseased,Stress_Condition
SMP_09259,Mus musculus,52.5,77.56,Diseased,Control
SMP_09260,Rattus norvegicus,71.91,96.19,Diseased,Drug_A
SMP_09261,Rattus norvegicus,40.84,111.65,Diseased,Control
SMP_09262,Mus musculus,51.6,22.35,Diseased,Drug_A
SMP_09263,Mus musculus,61.21,100.51,Healthy,Control
SMP_09264,Danio rerio,30.18,77.62,Diseased,Stress_Condition
SMP_09265,Rattus norvegicus,96.45,142.07,Healthy,Stress_Condition
SMP_09266,Rattus norvegicus,50.43,188.28,Healthy,Stress_Condition
SMP_09267,Mus musculus,52.13,89.22,Diseased,Drug_B
SMP_09268,Homo sapiens,68.85,48.33,Healthy,Stress_Condition
SMP_09269,Mus musculus,63.72,103.51,Healthy,Drug_A
SMP_09270,Rattus norvegicus,50.57,93.84,Diseased,Stress_Condition
SMP_09271,Mus musculus,51.95,159.14,Healthy,Drug_B
SMP_09272,Danio rerio,27.44,150.0,Diseased,Control
SMP_09273,Homo sapiens,41.65,125.96,Diseased,Drug_B
SMP_09274,Mus musculus,57.76,82.4,Healthy,Drug_A
SMP_09275,Danio rerio,56.66,120.33,Healthy,Drug_A
SMP_09276,Rattus norvegicus,68.32,107.95,Diseased,Drug_B
SMP_09277,Mus musculus,48.19,107.24,Healthy,Control
SMP_09278,Rattus norvegicus,29.19,53.25,Healthy,Stress_Condition
SMP_09279,Danio rerio,65.85,131.85,Diseased,Drug_A
SMP_09280,Rattus norvegicus,71.54,103.23,Diseased,Stress_Condition
SMP_09281,Danio rerio,63.47,96.97,Healthy,Control
SMP_09282,Danio rerio,47.55,82.0,Diseased,Drug_A
SMP_09283,Danio rerio,65.67,76.19,Diseased,Control
SMP_09284,Mus musculus,101.43,109.52,Healthy,Control
SMP_09285,Rattus norvegicus,51.73,47.53,Diseased,Drug_B
SMP_09286,Rattus norvegicus,30.32,123.68,Healthy,Control
SMP_09287,Homo sapiens,41.21,68.38,Healthy,Drug_A
SMP_09288,Homo sapiens,59.38,38.24,Diseased,Drug_B
SMP_09289,Homo sapiens,25.93,154.66,Diseased,Drug_A
SMP_09290,Homo sapiens,52.54,74.26,Healthy,Drug_B
SMP_09291,Rattus norvegicus,55.71,78.34,Diseased,Drug_B
SMP_09292,Danio rerio,73.03,134.04,Healthy,Control
SMP_09293,Danio rerio,69.65,155.63,Healthy,Control
SMP_09294,Mus musculus,62.97,54.01,Healthy,Stress_Condition
SMP_09295,Danio rerio,17.56,71.31,Healthy,Drug_A
SMP_09296,Rattus norvegicus,63.82,73.52,Healthy,Drug_A
SMP_09297,Rattus norvegicus,60.58,128.04,Diseased,Stress_Condition
SMP_09298,Rattus norvegicus,53.84,149.17,Healthy,Control
SMP_09299,Mus musculus,24.05,67.59,Healthy,Drug_A
SMP_09300,Homo sapiens,38.35,142.44,Diseased,Drug_A
SMP_09301,Danio rerio,32.5,78.73,Healthy,Control
SMP_09302,Rattus norvegicus,19.77,110.08,Diseased,Drug_B
SMP_09303,Rattus norvegicus,49.96,61.86,Healthy,Control
SMP_09304,Homo sapiens,38.03,96.34,Healthy,Stress_Condition
SMP_09305,Rattus norvegicus,89.38,96.67,Diseased,Drug_A
SMP_09306,Danio rerio,47.47,90.55,Healthy,Drug_B
SMP_09307,Mus musculus,69.41,111.55,Healthy,Stress_Condition
SMP_09308,Rattus norvegicus,26.46,69.79,Healthy,Control
SMP_09309,Danio rerio,42.05,73.49,Healthy,Drug_B
SMP_09310,Rattus norvegicus,51.45,113.14,Diseased,Drug_A
SMP_09311,Homo sapiens,36.38,140.26,Healthy,Drug_B
SMP_09312,Rattus norvegicus,43.67,99.32,Healthy,Drug_A
SMP_09313,Rattus norvegicus,46.73,115.11,Healthy,Control
SMP_09314,Mus musculus,46.49,122.74,Healthy,Drug_B
SMP_09315,Homo sapiens,77.83,124.92,Diseased,Drug_B
SMP_09316,Homo sapiens,55.67,71.39,Diseased,Drug_B
SMP_09317,Mus musculus,57.19,76.69,Healthy,Drug_A
SMP_09318,Rattus norvegicus,58.09,79.3,Healthy,Control
SMP_09319,Danio rerio,59.19,157.86,Healthy,Control
SMP_09320,Homo sapiens,48.76,115.25,Healthy,Drug_A
SMP_09321,Homo sapiens,45.19,113.9,Healthy,Drug_B
SMP_09322,Rattus norvegicus,52.5,110.99,Healthy,Drug_A
SMP_09323,Rattus norvegicus,67.35,60.38,Diseased,Drug_A
SMP_09324,Homo sapiens,66.89,158.15,Healthy,Stress_Condition
SMP_09325,Rattus norvegicus,46.39,114.38,Diseased,Control
SMP_09326,Danio rerio,61.52,121.69,Healthy,Drug_A
SMP_09327,Homo sapiens,47.08,47.03,Diseased,Drug_B
SMP_09328,Danio rerio,50.51,123.39,Diseased,Drug_A
SMP_09329,Danio rerio,42.9,89.31,Healthy,Drug_A
SMP_09330,Rattus norvegicus,47.28,60.32,Diseased,Drug_A
SMP_09331,Danio rerio,70.12,71.39,Healthy,Drug_B
SMP_09332,Rattus norvegicus,51.39,62.05,Diseased,Stress_Condition
SMP_09333,Mus musculus,52.03,61.55,Diseased,Drug_A
SMP_09334,Rattus norvegicus,28.29,101.82,Healthy,Control
SMP_09335,Danio rerio,45.36,88.4,Diseased,Drug_A
SMP_09336,Mus musculus,46.38,110.02,Healthy,Stress_Condition
SMP_09337,Rattus norvegicus,37.56,150.28,Healthy,Drug_A
SMP_09338,Danio rerio,50.32,96.11,Healthy,Control
SMP_09339,Homo sapiens,43.56,32.65,Healthy,Stress_Condition
SMP_09340,Homo sapiens,51.2,92.74,Diseased,Control
SMP_09341,Rattus norvegicus,51.82,135.8,Healthy,Control
SMP_09342,Rattus norvegicus,35.66,97.42,Diseased,Control
SMP_09343,Homo sapiens,44.02,145.88,Healthy,Stress_Condition
SMP_09344,Danio rerio,51.16,113.59,Diseased,Stress_Condition
SMP_09345,Danio rerio,67.76,44.85,Healthy,Control
SMP_09346,Danio rerio,53.85,103.29,Healthy,Control
SMP_09347,Rattus norvegicus,40.07,108.91,Diseased,Drug_B
SMP_09348,Mus musculus,55.99,132.41,Diseased,Stress_Condition
SMP_09349,Mus musculus,75.61,154.59,Diseased,Drug_A
SMP_09350,Mus musculus,63.75,127.23,Healthy,Stress_Condition
SMP_09351,Mus musculus,58.21,113.21,Healthy,Drug_B
SMP_09352,Mus musculus,60.88,120.29,Healthy,Drug_B
SMP_09353,Rattus norvegicus,71.6,94.96,Healthy,Control
SMP_09354,Rattus norvegicus,66.13,56.11,Healthy,Stress_Condition
SMP_09355,Mus musculus,58.5,101.24,Healthy,Drug_A
SMP_09356,Rattus norvegicus,66.03,110.96,Healthy,Stress_Condition
SMP_09357,Rattus norvegicus,33.78,63.89,Diseased,Drug_B
SMP_09358,Mus musculus,27.47,139.8,Diseased,Drug_A
SMP_09359,Danio rerio,52.36,130.16,Healthy,Drug_A
SMP_09360,Rattus norvegicus,51.03,58.85,Healthy,Control
SMP_09361,Danio rerio,41.84,140.97,Healthy,Stress_Condition
SMP_09362,Rattus norvegicus,62.39,90.75,Healthy,Stress_Condition
SMP_09363,Rattus norvegicus,22.06,76.65,Diseased,Stress_Condition
SMP_09364,Mus musculus,41.98,132.38,Diseased,Drug_A
SMP_09365,Rattus norvegicus,42.73,98.47,Diseased,Drug_B
SMP_09366,Homo sapiens,25.46,156.98,Healthy,Drug_B
SMP_09367,Homo sapiens,72.42,74.41,Diseased,Control
SMP_09368,Mus musculus,29.61,48.05,Healthy,Drug_B
SMP_09369,Danio rerio,41.17,91.59,Diseased,Stress_Condition
SMP_09370,Danio rerio,63.62,123.68,Healthy,Control
SMP_09371,Danio rerio,59.69,72.19,Healthy,Drug_B
SMP_09372,Homo sapiens,33.38,60.1,Healthy,Drug_B
SMP_09373,Danio rerio,60.24,106.87,Healthy,Control
SMP_09374,Danio rerio,54.35,56.09,Healthy,Drug_A
SMP_09375,Mus musculus,85.0,109.2,Diseased,Control
SMP_09376,Danio rerio,56.06,89.78,Healthy,Drug_A
SMP_09377,Homo sapiens,47.88,114.83,Diseased,Stress_Condition
SMP_09378,Homo sapiens,37.15,58.49,Diseased,Drug_A
SMP_09379,Homo sapiens,38.84,138.94,Diseased,Control
SMP_09380,Mus musculus,37.61,94.51,Healthy,Stress_Condition
SMP_09381,Mus musculus,70.57,122.91,Diseased,Control
SMP_09382,Rattus norvegicus,50.27,128.8,Healthy,Control
SMP_09383,Danio rerio,58.48,65.28,Healthy,Drug_A
SMP_09384,Mus musculus,72.71,126.47,Diseased,Drug_A
SMP_09385,Homo sapiens,14.62,57.25,Healthy,Drug_A
SMP_09386,Homo sapiens,69.18,58.9,Diseased,Stress_Condition
SMP_09387,Mus musculus,50.83,158.92,Healthy,Drug_A
SMP_09388,Mus musculus,56.53,133.36,Healthy,Stress_Condition
SMP_09389,Mus musculus,37.57,162.21,Healthy,Control
SMP_09390,Rattus norvegicus,38.67,88.89,Diseased,Control
SMP_09391,Homo sapiens,57.33,103.07,Diseased,Drug_A
SMP_09392,Rattus norvegicus,85.77,115.82,Healthy,Drug_B
SMP_09393,Rattus norvegicus,65.05,99.63,Healthy,Control
SMP_09394,Danio rerio,68.98,77.62,Healthy,Drug_B
SMP_09395,Homo sapiens,47.12,73.12,Healthy,Drug_B
SMP_09396,Homo sapiens,41.0,106.42,Diseased,Drug_B
SMP_09397,Mus musculus,38.29,67.99,Diseased,Drug_A
SMP_09398,Mus musculus,42.68,67.15,Diseased,Stress_Condition
SMP_09399,Danio rerio,19.21,111.81,Healthy,Control
SMP_09400,Rattus norvegicus,39.13,97.15,Healthy,Drug_B
SMP_09401,Mus musculus,41.59,128.12,Healthy,Stress_Condition
SMP_09402,Mus musculus,47.37,87.25,Healthy,Drug_A
SMP_09403,Homo sapiens,51.98,82.56,Healthy,Control
SMP_09404,Homo sapiens,55.44,112.71,Diseased,Stress_Condition
SMP_09405,Mus musculus,49.78,75.64,Healthy,Drug_A
SMP_09406,Homo sapiens,41.28,80.26,Healthy,Control
SMP_09407,Danio rerio,20.55,81.45,Healthy,Control
SMP_09408,Mus musculus,41.37,93.71,Diseased,Drug_A
SMP_09409,Homo sapiens,35.41,153.17,Diseased,Drug_B
SMP_09410,Danio rerio,56.99,58.7,Healthy,Control
SMP_09411,Homo sapiens,63.64,138.87,Diseased,Control
SMP_09412,Homo sapiens,64.08,122.13,Healthy,Drug_B
SMP_09413,Homo sapiens,61.35,147.01,Healthy,Stress_Condition
SMP_09414,Mus musculus,48.0,194.1,Healthy,Control
SMP_09415,Rattus norvegicus,42.17,142.94,Healthy,Stress_Condition
SMP_09416,Homo sapiens,38.79,127.77,Healthy,Drug_B
SMP_09417,Danio rerio,27.39,60.63,Diseased,Control
SMP_09418,Mus musculus,64.88,64.41,Healthy,Drug_B
SMP_09419,Mus musculus,47.38,110.81,Healthy,Control
SMP_09420,Danio rerio,31.3,49.06,Healthy,Control
SMP_09421,Homo sapiens,37.6,118.46,Diseased,Control
SMP_09422,Rattus norvegicus,37.0,35.95,Diseased,Drug_B
SMP_09423,Homo sapiens,50.65,134.57,Healthy,Control
SMP_09424,Danio rerio,66.01,90.35,Healthy,Stress_Condition
SMP_09425,Mus musculus,44.78,103.8,Healthy,Drug_A
SMP_09426,Rattus norvegicus,16.21,77.55,Healthy,Drug_A
SMP_09427,Mus musculus,47.16,43.04,Healthy,Drug_A
SMP_09428,Danio rerio,47.66,137.04,Healthy,Stress_Condition
SMP_09429,Homo sapiens,46.63,140.07,Diseased,Control
SMP_09430,Rattus norvegicus,40.59,89.46,Healthy,Drug_B
SMP_09431,Mus musculus,53.26,119.86,Diseased,Drug_B
SMP_09432,Mus musculus,50.99,88.27,Diseased,Control
SMP_09433,Mus musculus,49.63,108.65,Healthy,Stress_Condition
SMP_09434,Homo sapiens,56.19,122.77,Diseased,Drug_A
SMP_09435,Rattus norvegicus,43.55,116.65,Healthy,Stress_Condition
SMP_09436,Homo sapiens,42.7,140.23,Diseased,Stress_Condition
SMP_09437,Homo sapiens,70.7,115.57,Healthy,Drug_B
SMP_09438,Homo sapiens,58.39,100.84,Healthy,Control
SMP_09439,Danio rerio,62.4,77.16,Healthy,Drug_B
SMP_09440,Danio rerio,68.39,85.64,Healthy,Drug_A
SMP_09441,Danio rerio,57.89,124.3,Healthy,Drug_A
SMP_09442,Rattus norvegicus,63.93,54.95,Healthy,Drug_B
SMP_09443,Homo sapiens,26.31,133.17,Healthy,Control
SMP_09444,Homo sapiens,53.06,91.57,Diseased,Control
SMP_09445,Danio rerio,47.26,75.44,Healthy,Stress_Condition
SMP_09446,Homo sapiens,75.17,67.04,Healthy,Stress_Condition
SMP_09447,Homo sapiens,63.91,120.23,Healthy,Drug_B
SMP_09448,Mus musculus,40.54,99.56,Healthy,Drug_A
SMP_09449,Homo sapiens,55.59,147.66,Diseased,Control
SMP_09450,Mus musculus,52.52,62.11,Healthy,Drug_B
SMP_09451,Homo sapiens,56.81,82.66,Diseased,Drug_B
SMP_09452,Rattus norvegicus,34.72,97.23,Healthy,Drug_A
SMP_09453,Danio rerio,55.4,77.44,Healthy,Stress_Condition
SMP_09454,Mus musculus,46.58,100.18,Diseased,Drug_A
SMP_09455,Danio rerio,54.24,109.59,Healthy,Stress_Condition
SMP_09456,Mus musculus,39.13,114.53,Healthy,Stress_Condition
SMP_09457,Mus musculus,41.22,145.19,Healthy,Control
SMP_09458,Mus musculus,67.61,60.9,Healthy,Control
SMP_09459,Rattus norvegicus,34.23,110.13,Healthy,Stress_Condition
SMP_09460,Homo sapiens,35.33,80.59,Healthy,Stress_Condition
SMP_09461,Mus musculus,49.23,112.9,Healthy,Control
SMP_09462,Rattus norvegicus,38.42,112.94,Diseased,Stress_Condition
SMP_09463,Mus musculus,36.72,70.39,Diseased,Stress_Condition
SMP_09464,Homo sapiens,51.58,72.97,Diseased,Stress_Condition
SMP_09465,Mus musculus,27.42,115.35,Diseased,Drug_A
SMP_09466,Rattus norvegicus,34.88,100.7,Diseased,Drug_B
SMP_09467,Homo sapiens,80.81,93.41,Diseased,Stress_Condition
SMP_09468,Rattus norvegicus,56.89,119.74,Healthy,Control
SMP_09469,Homo sapiens,38.8,121.95,Healthy,Stress_Condition
SMP_09470,Homo sapiens,56.27,84.11,Healthy,Stress_Condition
SMP_09471,Danio rerio,58.51,74.44,Healthy,Control
SMP_09472,Danio rerio,64.92,62.14,Healthy,Control
SMP_09473,Danio rerio,48.09,101.0,Healthy,Stress_Condition
SMP_09474,Homo sapiens,64.65,57.31,Healthy,Drug_B
SMP_09475,Mus musculus,19.42,102.98,Diseased,Control
SMP_09476,Rattus norvegicus,34.16,136.51,Diseased,Control
SMP_09477,Rattus norvegicus,52.46,89.4,Diseased,Drug_A
SMP_09478,Rattus norvegicus,54.94,83.91,Healthy,Stress_Condition
SMP_09479,Danio rerio,36.32,159.94,Diseased,Drug_A
SMP_09480,Homo sapiens,53.89,145.29,Diseased,Drug_A
SMP_09481,Danio rerio,40.64,77.06,Diseased,Drug_B
SMP_09482,Mus musculus,45.85,104.17,Diseased,Stress_Condition
SMP_09483,Homo sapiens,65.37,109.86,Healthy,Stress_Condition
SMP_09484,Rattus norvegicus,63.63,106.11,Healthy,Drug_A
SMP_09485,Danio rerio,35.04,154.44,Diseased,Control
SMP_09486,Danio rerio,34.14,102.62,Healthy,Control
SMP_09487,Mus musculus,43.83,107.12,Healthy,Stress_Condition
SMP_09488,Mus musculus,49.6,120.66,Healthy,Drug_B
SMP_09489,Danio rerio,40.13,135.7,Healthy,Drug_B
SMP_09490,Mus musculus,65.61,128.11,Diseased,Stress_Condition
SMP_09491,Rattus norvegicus,55.21,116.14,Healthy,Control
SMP_09492,Mus musculus,56.09,53.24,Healthy,Drug_B
SMP_09493,Mus musculus,31.0,85.36,Diseased,Stress_Condition
SMP_09494,Danio rerio,67.51,124.58,Healthy,Stress_Condition
SMP_09495,Danio rerio,7.7,107.51,Diseased,Control
SMP_09496,Homo sapiens,62.51,124.78,Healthy,Drug_A
SMP_09497,Homo sapiens,64.01,156.61,Diseased,Control
SMP_09498,Danio rerio,43.51,64.69,Healthy,Drug_B
SMP_09499,Mus musculus,69.09,134.14,Healthy,Drug_A
SMP_09500,Mus musculus,49.05,90.09,Healthy,Control
SMP_09501,Homo sapiens,50.94,128.06,Diseased,Drug_B
SMP_09502,Homo sapiens,55.09,98.76,Healthy,Drug_B
SMP_09503,Homo sapiens,97.8,163.81,Healthy,Drug_A
SMP_09504,Rattus norvegicus,70.17,103.9,Diseased,Control
SMP_09505,Rattus norvegicus,60.52,80.78,Healthy,Control
SMP_09506,Homo sapiens,36.31,112.6,Diseased,Drug_B
SMP_09507,Mus musculus,52.15,109.72,Diseased,Stress_Condition
SMP_09508,Homo sapiens,37.8,134.14,Healthy,Stress_Condition
SMP_09509,Rattus norvegicus,62.33,113.44,Healthy,Drug_A
SMP_09510,Mus musculus,52.11,174.25,Diseased,Control
SMP_09511,Rattus norvegicus,33.13,96.66,Healthy,Stress_Condition
SMP_09512,Mus musculus,51.22,97.01,Healthy,Drug_A
SMP_09513,Rattus norvegicus,37.26,81.88,Diseased,Drug_B
SMP_09514,Mus musculus,52.27,102.57,Healthy,Stress_Condition
SMP_09515,Mus musculus,37.11,106.93,Diseased,Control
SMP_09516,Mus musculus,50.41,108.44,Healthy,Drug_B
SMP_09517,Mus musculus,61.26,102.02,Diseased,Control
SMP_09518,Danio rerio,49.2,81.71,Healthy,Drug_B
SMP_09519,Rattus norvegicus,44.14,73.55,Healthy,Control
SMP_09520,Rattus norvegicus,53.05,88.74,Diseased,Drug_A
SMP_09521,Danio rerio,60.46,134.25,Healthy,Control
SMP_09522,Mus musculus,33.39,140.7,Healthy,Control
SMP_09523,Mus musculus,53.91,97.69,Diseased,Drug_B
SMP_09524,Rattus norvegicus,69.76,71.75,Diseased,Control
SMP_09525,Danio rerio,58.6,97.56,Healthy,Control
SMP_09526,Mus musculus,50.87,162.75,Healthy,Control
SMP_09527,Mus musculus,59.6,129.97,Diseased,Drug_B
SMP_09528,Mus musculus,56.79,116.52,Healthy,Stress_Condition
SMP_09529,Homo sapiens,61.3,128.88,Diseased,Stress_Condition
SMP_09530,Danio rerio,19.64,146.22,Healthy,Stress_Condition
SMP_09531,Mus musculus,26.7,65.41,Diseased,Control
SMP_09532,Homo sapiens,65.07,88.24,Healthy,Drug_A
SMP_09533,Danio rerio,27.42,84.14,Healthy,Drug_A
SMP_09534,Mus musculus,56.02,117.61,Healthy,Drug_B
SMP_09535,Rattus norvegicus,44.72,104.8,Healthy,Stress_Condition
SMP_09536,Homo sapiens,35.06,122.69,Healthy,Control
SMP_09537,Homo sapiens,55.24,84.79,Healthy,Drug_B
SMP_09538,Mus musculus,53.02,141.16,Diseased,Control
SMP_09539,Mus musculus,81.66,97.92,Healthy,Drug_B
SMP_09540,Homo sapiens,40.63,120.84,Diseased,Stress_Condition
SMP_09541,Rattus norvegicus,71.6,135.86,Healthy,Control
SMP_09542,Rattus norvegicus,55.29,133.45,Diseased,Stress_Condition
SMP_09543,Danio rerio,40.08,110.82,Diseased,Stress_Condition
SMP_09544,Mus musculus,61.99,124.58,Diseased,Control
SMP_09545,Rattus norvegicus,58.49,152.25,Healthy,Stress_Condition
SMP_09546,Danio rerio,50.54,115.41,Diseased,Drug_B
SMP_09547,Rattus norvegicus,53.99,78.11,Healthy,Drug_B
SMP_09548,Mus musculus,41.05,117.49,Healthy,Drug_B
SMP_09549,Danio rerio,37.61,98.88,Diseased,Stress_Condition
SMP_09550,Danio rerio,61.39,29.56,Healthy,Control
SMP_09551,Danio rerio,46.64,113.86,Healthy,Stress_Condition
SMP_09552,Rattus norvegicus,48.8,103.5,Healthy,Stress_Condition
SMP_09553,Mus musculus,54.2,134.69,Healthy,Drug_B
SMP_09554,Danio rerio,53.98,77.5,Healthy,Control
SMP_09555,Homo sapiens,28.56,54.83,Diseased,Drug_A
SMP_09556,Mus musculus,69.29,105.06,Healthy,Drug_A
SMP_09557,Homo sapiens,51.82,111.41,Diseased,Control
SMP_09558,Homo sapiens,46.96,102.81,Diseased,Control
SMP_09559,Danio rerio,56.46,100.62,Healthy,Drug_B
SMP_09560,Danio rerio,53.55,67.94,Diseased,Control
SMP_09561,Rattus norvegicus,61.51,95.83,Diseased,Control
SMP_09562,Rattus norvegicus,58.07,89.55,Healthy,Stress_Condition
SMP_09563,Rattus norvegicus,60.77,132.18,Healthy,Stress_Condition
SMP_09564,Mus musculus,70.26,111.38,Diseased,Drug_A
SMP_09565,Rattus norvegicus,63.25,91.66,Diseased,Drug_B
SMP_09566,Homo sapiens,47.59,151.72,Diseased,Drug_B
SMP_09567,Rattus norvegicus,33.16,91.93,Healthy,Control
SMP_09568,Danio rerio,75.02,116.73,Healthy,Drug_B
SMP_09569,Rattus norvegicus,46.43,94.99,Healthy,Drug_A
SMP_09570,Mus musculus,42.9,148.93,Diseased,Stress_Condition
SMP_09571,Mus musculus,23.95,102.61,Diseased,Drug_A
SMP_09572,Homo sapiens,55.08,103.49,Healthy,Drug_A
SMP_09573,Mus musculus,52.23,95.8,Diseased,Control
SMP_09574,Rattus norvegicus,27.27,105.9,Healthy,Stress_Condition
SMP_09575,Danio rerio,56.8,135.99,Diseased,Control
SMP_09576,Mus musculus,42.53,125.38,Healthy,Drug_A
SMP_09577,Homo sapiens,90.35,100.84,Diseased,Drug_A
SMP_09578,Rattus norvegicus,41.46,151.04,Healthy,Drug_B
SMP_09579,Homo sapiens,43.47,126.19,Healthy,Drug_B
SMP_09580,Mus musculus,36.88,86.85,Healthy,Drug_B
SMP_09581,Mus musculus,69.17,58.59,Diseased,Drug_B
SMP_09582,Homo sapiens,44.41,87.55,Diseased,Drug_A
SMP_09583,Rattus norvegicus,39.13,112.4,Healthy,Drug_B
SMP_09584,Mus musculus,60.6,117.92,Diseased,Stress_Condition
SMP_09585,Danio rerio,29.29,140.77,Diseased,Drug_A
SMP_09586,Mus musculus,59.38,67.16,Diseased,Drug_A
SMP_09587,Rattus norvegicus,76.72,86.83,Healthy,Stress_Condition
SMP_09588,Mus musculus,58.5,64.67,Healthy,Control
SMP_09589,Homo sapiens,59.57,59.84,Healthy,Drug_B
SMP_09590,Mus musculus,63.05,81.17,Healthy,Drug_A
SMP_09591,Mus musculus,75.65,111.0,Diseased,Stress_Condition
SMP_09592,Rattus norvegicus,68.15,123.14,Healthy,Control
SMP_09593,Homo sapiens,56.6,71.55,Healthy,Control
SMP_09594,Rattus norvegicus,63.56,75.72,Healthy,Stress_Condition
SMP_09595,Mus musculus,36.71,46.61,Healthy,Drug_A
SMP_09596,Danio rerio,61.64,106.43,Diseased,Drug_A
SMP_09597,Mus musculus,34.92,78.04,Diseased,Drug_B
SMP_09598,Rattus norvegicus,44.49,149.89,Healthy,Drug_B
SMP_09599,Danio rerio,3.76,112.29,Diseased,Stress_Condition
SMP_09600,Rattus norvegicus,56.02,94.86,Healthy,Stress_Condition
SMP_09601,Rattus norvegicus,40.34,80.77,Diseased,Drug_A
SMP_09602,Homo sapiens,66.67,55.16,Healthy,Drug_A
SMP_09603,Danio rerio,55.85,58.96,Healthy,Stress_Condition
SMP_09604,Mus musculus,66.86,81.34,Diseased,Stress_Condition
SMP_09605,Rattus norvegicus,33.75,79.03,Diseased,Control
SMP_09606,Mus musculus,65.58,70.02,Healthy,Control
SMP_09607,Homo sapiens,81.59,111.31,Diseased,Control
SMP_09608,Homo sapiens,61.46,115.43,Diseased,Control
SMP_09609,Danio rerio,61.86,86.24,Healthy,Control
SMP_09610,Homo sapiens,52.54,158.05,Healthy,Stress_Condition
SMP_09611,Homo sapiens,42.13,47.6,Healthy,Drug_B
SMP_09612,Mus musculus,61.42,101.74,Diseased,Stress_Condition
SMP_09613,Homo sapiens,27.41,93.44,Diseased,Control
SMP_09614,Homo sapiens,43.73,83.48,Healthy,Stress_Condition
SMP_09615,Rattus norvegicus,23.43,79.07,Diseased,Drug_A
SMP_09616,Homo sapiens,39.45,99.79,Diseased,Stress_Condition
SMP_09617,Rattus norvegicus,59.63,93.23,Healthy,Stress_Condition
SMP_09618,Homo sapiens,57.58,88.24,Healthy,Drug_B
SMP_09619,Homo sapiens,50.76,61.04,Healthy,Control
SMP_09620,Danio rerio,52.56,51.46,Healthy,Control
SMP_09621,Danio rerio,21.71,91.34,Diseased,Stress_Condition
SMP_09622,Rattus norvegicus,44.41,87.94,Healthy,Stress_Condition
SMP_09623,Homo sapiens,39.78,94.09,Healthy,Control
SMP_09624,Mus musculus,40.11,96.74,Diseased,Drug_A
SMP_09625,Danio rerio,58.99,84.32,Healthy,Control
SMP_09626,Mus musculus,37.09,93.63,Healthy,Drug_A
SMP_09627,Danio rerio,40.93,74.39,Healthy,Stress_Condition
SMP_09628,Danio rerio,18.69,145.72,Healthy,Stress_Condition
SMP_09629,Homo sapiens,45.59,76.01,Diseased,Drug_A
SMP_09630,Danio rerio,33.68,88.87,Healthy,Control
SMP_09631,Mus musculus,51.19,78.29,Diseased,Stress_Condition
SMP_09632,Danio rerio,35.73,77.78,Healthy,Control
SMP_09633,Rattus norvegicus,51.57,100.74,Healthy,Stress_Condition
SMP_09634,Homo sapiens,47.83,96.93,Healthy,Drug_B
SMP_09635,Homo sapiens,75.08,86.22,Diseased,Drug_B
SMP_09636,Rattus norvegicus,57.46,91.5,Healthy,Drug_B
SMP_09637,Rattus norvegicus,22.41,78.41,Healthy,Drug_A
SMP_09638,Rattus norvegicus,31.03,112.05,Diseased,Control
SMP_09639,Danio rerio,50.83,161.66,Healthy,Drug_B
SMP_09640,Homo sapiens,36.05,73.75,Healthy,Drug_A
SMP_09641,Rattus norvegicus,5.47,111.82,Healthy,Drug_B
SMP_09642,Danio rerio,70.24,101.35,Diseased,Stress_Condition
SMP_09643,Rattus norvegicus,60.8,120.06,Diseased,Drug_B
SMP_09644,Mus musculus,57.81,120.9,Healthy,Control
SMP_09645,Mus musculus,40.89,106.16,Healthy,Control
SMP_09646,Homo sapiens,56.42,98.81,Healthy,Drug_A
SMP_09647,Danio rerio,39.43,86.97,Diseased,Control
SMP_09648,Mus musculus,53.07,77.05,Healthy,Drug_B
SMP_09649,Mus musculus,36.19,97.09,Healthy,Stress_Condition
SMP_09650,Danio rerio,72.74,61.46,Diseased,Stress_Condition
SMP_09651,Rattus norvegicus,26.45,82.18,Healthy,Drug_A
SMP_09652,Danio rerio,68.48,133.21,Healthy,Stress_Condition
SMP_09653,Rattus norvegicus,50.58,102.96,Diseased,Drug_A
SMP_09654,Mus musculus,42.66,126.78,Diseased,Drug_A
SMP_09655,Mus musculus,52.51,144.09,Healthy,Drug_A
SMP_09656,Mus musculus,61.0,94.69,Healthy,Control
SMP_09657,Homo sapiens,70.5,106.22,Healthy,Drug_B
SMP_09658,Homo sapiens,54.7,90.94,Healthy,Control
SMP_09659,Homo sapiens,36.64,75.62,Diseased,Stress_Condition
SMP_09660,Danio rerio,50.83,71.41,Diseased,Control
SMP_09661,Mus musculus,77.25,125.29,Diseased,Drug_A
SMP_09662,Mus musculus,70.22,106.26,Healthy,Control
SMP_09663,Danio rerio,63.63,155.4,Healthy,Control
SMP_09664,Homo sapiens,61.94,129.16,Healthy,Stress_Condition
SMP_09665,Danio rerio,60.49,78.06,Healthy,Drug_B
SMP_09666,Homo sapiens,67.38,125.21,Healthy,Drug_A
SMP_09667,Mus musculus,43.15,90.85,Healthy,Control
SMP_09668,Rattus norvegicus,29.67,136.51,Healthy,Stress_Condition
SMP_09669,Homo sapiens,51.04,85.41,Healthy,Stress_Condition
SMP_09670,Mus musculus,37.74,68.43,Healthy,Drug_A
SMP_09671,Mus musculus,34.17,76.13,Healthy,Stress_Condition
SMP_09672,Rattus norvegicus,39.2,77.66,Healthy,Drug_B
SMP_09673,Mus musculus,87.28,74.79,Healthy,Stress_Condition
SMP_09674,Mus musculus,52.04,82.82,Healthy,Control
SMP_09675,Homo sapiens,55.43,125.7,Diseased,Drug_B
SMP_09676,Homo sapiens,31.66,153.88,Healthy,Drug_B
SMP_09677,Rattus norvegicus,22.34,60.09,Diseased,Stress_Condition
SMP_09678,Rattus norvegicus,37.71,137.91,Diseased,Drug_A
SMP_09679,Mus musculus,71.57,85.67,Healthy,Drug_A
SMP_09680,Homo sapiens,55.01,110.44,Healthy,Drug_A
SMP_09681,Rattus norvegicus,58.98,50.38,Healthy,Control
SMP_09682,Rattus norvegicus,61.08,115.72,Healthy,Stress_Condition
SMP_09683,Danio rerio,41.13,39.84,Healthy,Drug_A
SMP_09684,Rattus norvegicus,70.82,109.42,Diseased,Control
SMP_09685,Mus musculus,40.51,107.72,Healthy,Drug_B
SMP_09686,Homo sapiens,71.09,105.73,Diseased,Drug_A
SMP_09687,Rattus norvegicus,56.63,77.95,Diseased,Drug_B
SMP_09688,Danio rerio,23.16,116.49,Healthy,Drug_A
SMP_09689,Homo sapiens,38.78,111.73,Healthy,Stress_Condition
SMP_09690,Rattus norvegicus,23.23,93.7,Healthy,Drug_B
SMP_09691,Danio rerio,67.45,120.16,Healthy,Stress_Condition
SMP_09692,Rattus norvegicus,49.63,97.13,Healthy,Control
SMP_09693,Homo sapiens,16.57,115.86,Diseased,Drug_B
SMP_09694,Homo sapiens,55.64,96.22,Healthy,Control
SMP_09695,Homo sapiens,41.94,106.5,Healthy,Drug_A
SMP_09696,Mus musculus,27.74,117.24,Diseased,Drug_A
SMP_09697,Rattus norvegicus,75.17,88.06,Healthy,Drug_A
SMP_09698,Mus musculus,51.61,62.98,Healthy,Control
SMP_09699,Homo sapiens,45.6,108.28,Healthy,Drug_A
SMP_09700,Danio rerio,44.01,135.68,Healthy,Stress_Condition
SMP_09701,Rattus norvegicus,27.3,108.97,Diseased,Control
SMP_09702,Mus musculus,30.43,109.54,Diseased,Control
SMP_09703,Rattus norvegicus,69.27,98.73,Healthy,Drug_B
SMP_09704,Danio rerio,42.89,122.17,Healthy,Drug_A
SMP_09705,Mus musculus,50.33,94.42,Healthy,Drug_B
SMP_09706,Homo sapiens,19.34,86.38,Diseased,Control
SMP_09707,Mus musculus,30.23,133.16,Diseased,Drug_B
SMP_09708,Rattus norvegicus,59.15,84.08,Healthy,Stress_Condition
SMP_09709,Rattus norvegicus,55.67,126.68,Healthy,Drug_A
SMP_09710,Rattus norvegicus,76.3,133.18,Diseased,Control
SMP_09711,Rattus norvegicus,70.14,117.0,Healthy,Drug_B
SMP_09712,Homo sapiens,46.54,62.52,Diseased,Drug_A
SMP_09713,Mus musculus,57.09,100.81,Diseased,Stress_Condition
SMP_09714,Homo sapiens,45.25,93.94,Healthy,Drug_A
SMP_09715,Homo sapiens,80.82,85.12,Diseased,Drug_B
SMP_09716,Homo sapiens,67.24,104.28,Healthy,Stress_Condition
SMP_09717,Rattus norvegicus,52.55,123.08,Diseased,Control
SMP_09718,Rattus norvegicus,53.01,86.24,Healthy,Stress_Condition
SMP_09719,Rattus norvegicus,71.67,94.86,Healthy,Drug_A
SMP_09720,Mus musculus,58.69,92.77,Healthy,Control
SMP_09721,Danio rerio,73.38,134.92,Diseased,Drug_A
SMP_09722,Rattus norvegicus,17.1,92.29,Healthy,Control
SMP_09723,Mus musculus,56.92,62.97,Healthy,Stress_Condition
SMP_09724,Rattus norvegicus,42.27,52.8,Healthy,Control
SMP_09725,Rattus norvegicus,76.35,110.88,Healthy,Drug_A
SMP_09726,Homo sapiens,73.2,77.18,Diseased,Drug_B
SMP_09727,Homo sapiens,50.49,120.06,Healthy,Drug_B
SMP_09728,Homo sapiens,73.03,60.06,Diseased,Drug_B
SMP_09729,Mus musculus,76.75,83.83,Diseased,Control
SMP_09730,Danio rerio,51.12,60.08,Diseased,Drug_B
SMP_09731,Danio rerio,87.08,113.04,Diseased,Drug_B
SMP_09732,Mus musculus,49.53,119.47,Healthy,Drug_A
SMP_09733,Rattus norvegicus,46.78,110.16,Healthy,Stress_Condition
SMP_09734,Mus musculus,62.99,67.42,Diseased,Control
SMP_09735,Rattus norvegicus,44.69,77.63,Diseased,Drug_B
SMP_09736,Mus musculus,51.28,107.03,Healthy,Drug_A
SMP_09737,Mus musculus,71.14,49.37,Diseased,Control
SMP_09738,Mus musculus,50.29,92.77,Diseased,Drug_A
SMP_09739,Danio rerio,24.57,145.51,Diseased,Stress_Condition
SMP_09740,Homo sapiens,55.51,94.6,Diseased,Drug_B
SMP_09741,Mus musculus,39.56,55.34,Diseased,Control
SMP_09742,Danio rerio,62.98,81.78,Diseased,Control
SMP_09743,Homo sapiens,60.44,81.08,Healthy,Drug_B
SMP_09744,Homo sapiens,72.07,164.21,Diseased,Drug_A
SMP_09745,Mus musculus,63.61,149.97,Healthy,Stress_Condition
SMP_09746,Rattus norvegicus,66.35,121.93,Healthy,Control
SMP_09747,Rattus norvegicus,39.96,89.71,Diseased,Control
SMP_09748,Rattus norvegicus,62.06,136.02,Diseased,Stress_Condition
SMP_09749,Mus musculus,79.53,66.0,Diseased,Control
SMP_09750,Rattus norvegicus,39.67,132.3,Healthy,Stress_Condition
SMP_09751,Danio rerio,77.0,127.84,Healthy,Drug_B
SMP_09752,Danio rerio,41.76,95.46,Healthy,Stress_Condition
SMP_09753,Danio rerio,37.22,134.18,Healthy,Stress_Condition
SMP_09754,Danio rerio,54.44,86.58,Diseased,Drug_A
SMP_09755,Homo sapiens,60.74,62.05,Healthy,Stress_Condition
SMP_09756,Danio rerio,63.68,129.34,Healthy,Drug_B
SMP_09757,Rattus norvegicus,35.57,97.44,Healthy,Control
SMP_09758,Mus musculus,56.52,118.05,Diseased,Drug_A
SMP_09759,Rattus norvegicus,39.72,154.63,Healthy,Stress_Condition
SMP_09760,Danio rerio,27.67,78.33,Diseased,Drug_A
SMP_09761,Homo sapiens,36.07,95.7,Healthy,Drug_B
SMP_09762,Danio rerio,38.74,147.09,Healthy,Drug_B
SMP_09763,Mus musculus,57.82,120.06,Diseased,Control
SMP_09764,Rattus norvegicus,67.28,79.01,Healthy,Drug_B
SMP_09765,Mus musculus,27.9,71.35,Healthy,Drug_B
SMP_09766,Mus musculus,55.28,84.16,Diseased,Stress_Condition
SMP_09767,Mus musculus,32.35,77.85,Diseased,Drug_B
SMP_09768,Rattus norvegicus,59.44,107.12,Diseased,Drug_B
SMP_09769,Danio rerio,40.66,102.35,Diseased,Drug_B
SMP_09770,Mus musculus,34.23,108.38,Healthy,Control
SMP_09771,Rattus norvegicus,61.99,74.78,Healthy,Stress_Condition
SMP_09772,Homo sapiens,41.2,97.87,Healthy,Stress_Condition
SMP_09773,Rattus norvegicus,45.26,38.33,Diseased,Drug_A
SMP_09774,Homo sapiens,16.7,104.35,Diseased,Drug_B
SMP_09775,Rattus norvegicus,64.2,135.26,Healthy,Drug_A
SMP_09776,Danio rerio,62.31,57.26,Healthy,Drug_A
SMP_09777,Mus musculus,50.08,114.5,Healthy,Drug_B
SMP_09778,Danio rerio,27.09,81.67,Diseased,Stress_Condition
SMP_09779,Rattus norvegicus,68.14,124.08,Healthy,Drug_B
SMP_09780,Mus musculus,40.01,104.76,Diseased,Drug_A
SMP_09781,Homo sapiens,43.2,112.14,Diseased,Control
SMP_09782,Rattus norvegicus,84.68,101.94,Diseased,Drug_A
SMP_09783,Mus musculus,39.45,139.85,Healthy,Stress_Condition
SMP_09784,Homo sapiens,61.13,110.42,Diseased,Control
SMP_09785,Homo sapiens,58.43,78.84,Diseased,Drug_A
SMP_09786,Danio rerio,55.85,102.96,Healthy,Drug_B
SMP_09787,Rattus norvegicus,54.23,88.93,Healthy,Stress_Condition
SMP_09788,Homo sapiens,55.65,104.87,Diseased,Control
SMP_09789,Mus musculus,54.08,87.41,Diseased,Stress_Condition
SMP_09790,Homo sapiens,49.22,79.7,Healthy,Drug_A
SMP_09791,Homo sapiens,72.67,105.98,Healthy,Stress_Condition
SMP_09792,Danio rerio,30.31,101.67,Healthy,Control
SMP_09793,Danio rerio,65.32,131.92,Diseased,Drug_B
SMP_09794,Mus musculus,62.34,87.55,Diseased,Control
SMP_09795,Danio rerio,60.48,40.57,Healthy,Stress_Condition
SMP_09796,Homo sapiens,66.75,89.08,Healthy,Drug_B
SMP_09797,Homo sapiens,48.61,51.21,Diseased,Drug_B
SMP_09798,Danio rerio,21.97,112.47,Diseased,Stress_Condition
SMP_09799,Homo sapiens,48.92,49.78,Diseased,Control
SMP_09800,Homo sapiens,35.13,70.35,Diseased,Drug_B
SMP_09801,Mus musculus,39.02,89.13,Healthy,Drug_B
SMP_09802,Danio rerio,31.36,146.32,Diseased,Stress_Condition
SMP_09803,Homo sapiens,42.84,67.81,Healthy,Drug_B
SMP_09804,Danio rerio,41.05,100.37,Diseased,Control
SMP_09805,Mus musculus,14.34,117.4,Diseased,Drug_B
SMP_09806,Danio rerio,60.5,144.52,Diseased,Drug_A
SMP_09807,Homo sapiens,83.3,123.33,Diseased,Drug_B
SMP_09808,Danio rerio,59.09,132.82,Healthy,Drug_A
SMP_09809,Homo sapiens,46.96,125.93,Healthy,Control
SMP_09810,Homo sapiens,49.18,63.73,Healthy,Drug_A
SMP_09811,Homo sapiens,43.69,110.79,Diseased,Drug_B
SMP_09812,Mus musculus,51.35,125.46,Diseased,Drug_B
SMP_09813,Danio rerio,49.44,71.3,Diseased,Stress_Condition
SMP_09814,Mus musculus,37.38,82.61,Diseased,Stress_Condition
SMP_09815,Danio rerio,75.24,75.9,Healthy,Drug_B
SMP_09816,Mus musculus,27.69,123.18,Healthy,Drug_B
SMP_09817,Rattus norvegicus,60.77,97.92,Healthy,Drug_B
SMP_09818,Homo sapiens,48.48,90.37,Diseased,Drug_B
SMP_09819,Homo sapiens,78.51,61.55,Diseased,Control
SMP_09820,Mus musculus,55.11,97.98,Healthy,Drug_B
SMP_09821,Rattus norvegicus,44.6,82.97,Diseased,Drug_A
SMP_09822,Homo sapiens,46.28,107.3,Healthy,Stress_Condition
SMP_09823,Danio rerio,50.6,65.71,Healthy,Drug_A
SMP_09824,Mus musculus,32.86,105.34,Healthy,Drug_A
SMP_09825,Homo sapiens,38.5,86.83,Healthy,Control
SMP_09826,Homo sapiens,23.23,62.52,Diseased,Drug_A
SMP_09827,Mus musculus,36.16,60.18,Healthy,Drug_A
SMP_09828,Mus musculus,51.41,64.69,Healthy,Drug_A
SMP_09829,Danio rerio,54.5,93.81,Diseased,Stress_Condition
SMP_09830,Danio rerio,20.31,103.63,Diseased,Control
SMP_09831,Homo sapiens,47.94,108.09,Diseased,Drug_A
SMP_09832,Homo sapiens,58.45,109.23,Healthy,Drug_A
SMP_09833,Mus musculus,47.56,77.24,Healthy,Control
SMP_09834,Homo sapiens,40.49,131.75,Healthy,Drug_B
SMP_09835,Homo sapiens,43.82,86.73,Healthy,Drug_A
SMP_09836,Mus musculus,41.89,113.5,Diseased,Stress_Condition
SMP_09837,Homo sapiens,40.45,95.08,Healthy,Stress_Condition
SMP_09838,Homo sapiens,52.61,111.27,Healthy,Drug_B
SMP_09839,Rattus norvegicus,84.62,93.57,Diseased,Drug_A
SMP_09840,Danio rerio,38.84,111.81,Diseased,Control
SMP_09841,Mus musculus,45.23,99.78,Healthy,Drug_B
SMP_09842,Rattus norvegicus,49.22,124.42,Healthy,Stress_Condition
SMP_09843,Danio rerio,39.69,75.44,Healthy,Stress_Condition
SMP_09844,Danio rerio,66.47,46.9,Healthy,Control
SMP_09845,Danio rerio,14.44,70.8,Healthy,Drug_B
SMP_09846,Rattus norvegicus,42.03,132.07,Healthy,Control
SMP_09847,Rattus norvegicus,62.27,95.36,Healthy,Drug_B
SMP_09848,Danio rerio,45.59,102.76,Healthy,Drug_B
SMP_09849,Homo sapiens,37.69,68.39,Healthy,Drug_B
SMP_09850,Homo sapiens,56.61,101.97,Diseased,Drug_A
SMP_09851,Rattus norvegicus,63.6,69.32,Healthy,Stress_Condition
SMP_09852,Rattus norvegicus,53.16,73.73,Diseased,Stress_Condition
SMP_09853,Rattus norvegicus,37.98,87.93,Healthy,Stress_Condition
SMP_09854,Danio rerio,56.84,113.35,Diseased,Drug_B
SMP_09855,Homo sapiens,43.97,116.56,Healthy,Drug_B
SMP_09856,Rattus norvegicus,61.18,117.37,Healthy,Drug_A
SMP_09857,Rattus norvegicus,72.25,52.36,Diseased,Stress_Condition
SMP_09858,Mus musculus,10.92,99.8,Diseased,Stress_Condition
SMP_09859,Danio rerio,51.67,94.1,Diseased,Drug_A
SMP_09860,Mus musculus,23.96,54.03,Diseased,Stress_Condition
SMP_09861,Homo sapiens,86.63,100.48,Healthy,Control
SMP_09862,Mus musculus,42.98,92.49,Healthy,Control
SMP_09863,Mus musculus,61.2,115.35,Healthy,Drug_A
SMP_09864,Mus musculus,49.47,102.44,Healthy,Stress_Condition
SMP_09865,Danio rerio,37.95,83.52,Diseased,Drug_A
SMP_09866,Homo sapiens,36.17,127.77,Healthy,Drug_A
SMP_09867,Mus musculus,73.79,33.36,Diseased,Drug_A
SMP_09868,Danio rerio,64.34,98.07,Healthy,Stress_Condition
SMP_09869,Homo sapiens,79.15,47.1,Healthy,Drug_A
SMP_09870,Rattus norvegicus,50.83,72.63,Healthy,Stress_Condition
SMP_09871,Mus musculus,54.32,115.74,Healthy,Control
SMP_09872,Homo sapiens,45.99,61.77,Diseased,Drug_A
SMP_09873,Mus musculus,45.69,57.29,Diseased,Drug_A
SMP_09874,Rattus norvegicus,34.37,171.46,Healthy,Stress_Condition
SMP_09875,Homo sapiens,51.26,59.22,Diseased,Control
SMP_09876,Danio rerio,38.16,149.52,Diseased,Stress_Condition
SMP_09877,Homo sapiens,56.63,94.83,Diseased,Drug_B
SMP_09878,Danio rerio,52.55,84.26,Healthy,Stress_Condition
SMP_09879,Homo sapiens,54.32,117.0,Healthy,Control
SMP_09880,Danio rerio,75.13,140.1,Healthy,Control
SMP_09881,Rattus norvegicus,49.43,65.62,Healthy,Drug_A
SMP_09882,Rattus norvegicus,61.35,84.69,Healthy,Stress_Condition
SMP_09883,Rattus norvegicus,80.77,125.41,Healthy,Stress_Condition
SMP_09884,Homo sapiens,69.6,108.64,Diseased,Drug_B
SMP_09885,Rattus norvegicus,67.3,133.06,Healthy,Control
SMP_09886,Mus musculus,45.4,115.45,Diseased,Stress_Condition
SMP_09887,Rattus norvegicus,53.44,154.25,Diseased,Drug_B
SMP_09888,Danio rerio,30.23,105.36,Diseased,Stress_Condition
SMP_09889,Danio rerio,57.48,106.65,Healthy,Control
SMP_09890,Danio rerio,54.12,109.65,Healthy,Drug_A
SMP_09891,Homo sapiens,50.35,95.73,Healthy,Stress_Condition
SMP_09892,Mus musculus,65.41,125.44,Healthy,Control
SMP_09893,Rattus norvegicus,31.88,107.11,Diseased,Control
SMP_09894,Mus musculus,74.52,123.65,Healthy,Control
SMP_09895,Mus musculus,63.53,128.33,Healthy,Drug_B
SMP_09896,Danio rerio,48.94,112.85,Healthy,Drug_B
SMP_09897,Danio rerio,47.77,115.05,Healthy,Drug_A
SMP_09898,Danio rerio,57.21,69.69,Diseased,Stress_Condition
SMP_09899,Homo sapiens,72.81,83.49,Diseased,Drug_B
SMP_09900,Mus musculus,51.52,125.3,Healthy,Drug_B
SMP_09901,Mus musculus,52.16,142.71,Healthy,Drug_B
SMP_09902,Homo sapiens,50.27,41.79,Diseased,Stress_Condition
SMP_09903,Homo sapiens,76.73,82.96,Diseased,Drug_A
SMP_09904,Homo sapiens,44.47,100.71,Diseased,Drug_A
SMP_09905,Mus musculus,49.56,73.62,Healthy,Drug_A
SMP_09906,Mus musculus,71.95,75.32,Healthy,Stress_Condition
SMP_09907,Danio rerio,52.21,114.25,Healthy,Stress_Condition
SMP_09908,Danio rerio,67.06,147.44,Diseased,Drug_A
SMP_09909,Mus musculus,36.33,39.05,Diseased,Control
SMP_09910,Danio rerio,46.92,94.89,Healthy,Stress_Condition
SMP_09911,Homo sapiens,72.27,113.9,Healthy,Stress_Condition
SMP_09912,Rattus norvegicus,39.85,123.41,Diseased,Drug_A
SMP_09913,Danio rerio,47.73,109.57,Diseased,Drug_A
SMP_09914,Mus musculus,53.85,152.84,Diseased,Control
SMP_09915,Danio rerio,35.16,100.87,Diseased,Control
SMP_09916,Danio rerio,43.79,139.36,Healthy,Drug_B
SMP_09917,Danio rerio,51.69,80.61,Healthy,Drug_B
SMP_09918,Rattus norvegicus,50.7,101.74,Diseased,Drug_A
SMP_09919,Homo sapiens,69.21,63.62,Diseased,Drug_B
SMP_09920,Mus musculus,73.12,127.03,Healthy,Stress_Condition
SMP_09921,Rattus norvegicus,37.16,96.39,Healthy,Control
SMP_09922,Mus musculus,51.67,110.73,Diseased,Drug_B
SMP_09923,Mus musculus,60.11,90.6,Healthy,Drug_B
SMP_09924,Mus musculus,72.75,117.59,Healthy,Drug_A
SMP_09925,Rattus norvegicus,60.78,111.92,Diseased,Control
SMP_09926,Homo sapiens,54.36,70.16,Diseased,Control
SMP_09927,Mus musculus,60.0,71.9,Diseased,Drug_B
SMP_09928,Homo sapiens,60.11,99.17,Healthy,Stress_Condition
SMP_09929,Homo sapiens,36.08,119.79,Healthy,Stress_Condition
SMP_09930,Danio rerio,52.89,155.89,Healthy,Stress_Condition
SMP_09931,Rattus norvegicus,71.89,109.09,Diseased,Stress_Condition
SMP_09932,Rattus norvegicus,46.89,130.23,Diseased,Stress_Condition
SMP_09933,Danio rerio,51.94,51.61,Healthy,Drug_B
SMP_09934,Danio rerio,46.36,160.39,Healthy,Stress_Condition
SMP_09935,Homo sapiens,15.29,118.17,Healthy,Drug_B
SMP_09936,Mus musculus,50.31,98.51,Healthy,Drug_A
SMP_09937,Rattus norvegicus,54.53,95.06,Healthy,Drug_B
SMP_09938,Mus musculus,42.31,66.78,Diseased,Stress_Condition
SMP_09939,Mus musculus,32.68,75.36,Diseased,Drug_B
SMP_09940,Danio rerio,36.79,157.31,Diseased,Stress_Condition
SMP_09941,Mus musculus,61.46,70.33,Diseased,Drug_A
SMP_09942,Homo sapiens,79.59,69.75,Healthy,Stress_Condition
SMP_09943,Danio rerio,70.74,78.93,Diseased,Control
SMP_09944,Mus musculus,29.83,64.05,Healthy,Drug_A
SMP_09945,Danio rerio,62.82,100.46,Healthy,Drug_B
SMP_09946,Homo sapiens,40.05,132.67,Healthy,Drug_B
SMP_09947,Homo sapiens,41.27,81.69,Healthy,Stress_Condition
SMP_09948,Mus musculus,43.07,58.8,Healthy,Control
SMP_09949,Danio rerio,60.59,108.76,Healthy,Drug_A
SMP_09950,Mus musculus,64.39,98.33,Healthy,Drug_B
SMP_09951,Mus musculus,48.53,130.08,Diseased,Stress_Condition
SMP_09952,Danio rerio,48.78,86.36,Healthy,Control
SMP_09953,Mus musculus,56.96,92.2,Healthy,Drug_B
SMP_09954,Homo sapiens,58.52,95.51,Diseased,Stress_Condition
SMP_09955,Danio rerio,67.64,102.67,Diseased,Stress_Condition
SMP_09956,Danio rerio,30.73,88.22,Healthy,Control
SMP_09957,Danio rerio,50.3,83.36,Healthy,Drug_B
SMP_09958,Danio rerio,33.98,44.49,Diseased,Stress_Condition
SMP_09959,Mus musculus,49.24,83.04,Healthy,Drug_B
SMP_09960,Mus musculus,46.61,121.46,Healthy,Control
SMP_09961,Homo sapiens,49.3,125.51,Healthy,Control
SMP_09962,Rattus norvegicus,38.0,85.87,Diseased,Drug_B
SMP_09963,Rattus norvegicus,27.69,138.98,Healthy,Control
SMP_09964,Homo sapiens,18.58,99.14,Healthy,Stress_Condition
SMP_09965,Rattus norvegicus,48.03,59.86,Healthy,Drug_B
SMP_09966,Homo sapiens,43.53,50.43,Diseased,Stress_Condition
SMP_09967,Mus musculus,39.86,136.55,Diseased,Drug_B
SMP_09968,Danio rerio,69.84,88.81,Diseased,Drug_A
SMP_09969,Danio rerio,37.11,63.58,Healthy,Stress_Condition
SMP_09970,Mus musculus,71.25,32.22,Diseased,Stress_Condition
SMP_09971,Danio rerio,74.36,88.13,Healthy,Drug_B
SMP_09972,Danio rerio,20.74,112.14,Healthy,Drug_B
SMP_09973,Rattus norvegicus,51.39,79.07,Diseased,Stress_Condition
SMP_09974,Mus musculus,44.0,68.4,Diseased,Control
SMP_09975,Rattus norvegicus,6.32,83.52,Diseased,Stress_Condition
SMP_09976,Rattus norvegicus,28.33,137.3,Diseased,Drug_A
SMP_09977,Danio rerio,61.62,58.21,Healthy,Control
SMP_09978,Danio rerio,80.29,80.75,Healthy,Control
SMP_09979,Mus musculus,63.54,136.32,Healthy,Drug_B
SMP_09980,Danio rerio,54.85,114.83,Healthy,Drug_B
SMP_09981,Danio rerio,49.68,105.37,Diseased,Stress_Condition
SMP_09982,Mus musculus,75.24,80.55,Healthy,Stress_Condition
SMP_09983,Danio rerio,82.22,100.92,Diseased,Drug_B
SMP_09984,Rattus norvegicus,41.2,83.87,Healthy,Stress_Condition
SMP_09985,Mus musculus,20.0,74.22,Healthy,Control
SMP_09986,Danio rerio,18.53,67.6,Healthy,Stress_Condition
SMP_09987,Homo sapiens,69.83,123.52,Diseased,Control
SMP_09988,Mus musculus,49.29,98.19,Diseased,Drug_B
SMP_09989,Mus musculus,52.75,109.44,Diseased,Stress_Condition
SMP_09990,Homo sapiens,23.14,104.55,Diseased,Control
SMP_09991,Danio rerio,38.7,113.23,Diseased,Drug_A
SMP_09992,Danio rerio,45.57,92.36,Diseased,Drug_A
SMP_09993,Mus musculus,53.12,85.55,Healthy,Drug_A
SMP_09994,Mus musculus,44.02,75.54,Healthy,Control
SMP_09995,Danio rerio,34.44,57.58,Healthy,Stress_Condition
SMP_09996,Danio rerio,38.23,66.34,Diseased,Drug_A
SMP_09997,Rattus norvegicus,68.12,89.04,Diseased,Drug_B
SMP_09998,Mus musculus,53.67,51.91,Diseased,Drug_B
SMP_09999,Mus musculus,59.18,58.53,Healthy,Drug_B
SMP_10000,Homo sapiens,36.52,131.26,Healthy,Drug_A
